episode,tick,action_id,action_name,virality_at_action,reward_at_action
0,3,1,warning,0.52,0.3763
0,5,0,go,0.69,0.0
0,7,0,go,0.91,0.0
0,9,0,go,0.94,0.0
0,11,0,go,0.97,0.0
0,13,0,go,0.98,1.0
0,15,0,go,1.0,1.0
0,17,0,go,1.0,1.0
0,19,0,go,1.0,1.0
0,21,0,go,1.0,1.0
0,23,0,go,1.0,1.0
0,25,0,go,1.0,1.0
0,27,0,go,1.0,1.0
0,29,0,go,1.0,1.0
0,31,0,go,1.0,1.0
0,33,0,go,1.0,1.0
0,35,0,go,1.0,1.0
0,37,0,go,1.0,1.0
0,39,0,go,1.0,1.0
0,41,0,go,1.0,1.0
0,43,0,go,1.0,1.0
0,45,0,go,1.0,1.0
0,47,0,go,1.0,1.0
0,49,0,go,1.0,1.0
0,51,0,go,1.0,1.0
0,53,0,go,1.0,1.0
0,55,0,go,1.0,1.0
0,57,0,go,1.0,1.0
0,59,0,go,1.0,1.0
0,61,0,go,1.0,1.0
0,63,0,go,1.0,1.0
0,65,0,go,1.0,1.0
0,67,0,go,1.0,1.0
0,69,0,go,1.0,1.0
0,71,0,go,1.0,1.0
0,73,0,go,1.0,1.0
0,75,0,go,1.0,1.0
0,77,0,go,1.0,1.0
0,79,0,go,1.0,1.0
0,81,0,go,1.0,1.0
0,83,0,go,1.0,1.0
0,85,0,go,1.0,1.0
0,87,0,go,1.0,1.0
0,89,0,go,1.0,1.0
0,91,0,go,1.0,1.0
0,93,0,go,1.0,1.0
0,95,0,go,1.0,1.0
0,97,0,go,1.0,1.0
0,99,0,go,1.0,1.0
1,3,1,warning,0.46,0.3724
1,5,0,go,0.62,0.0
1,7,0,go,0.84,0.0
1,9,0,go,0.92,0.0
1,11,0,go,0.95,0.0
1,13,0,go,0.98,0.0
1,15,0,go,1.0,0.0
1,17,0,go,1.0,1.0
1,19,0,go,1.0,1.0
1,21,0,go,1.0,1.0
1,23,0,go,1.0,1.0
1,25,0,go,1.0,1.0
1,27,0,go,1.0,1.0
1,29,0,go,1.0,1.0
1,31,0,go,1.0,1.0
1,33,0,go,1.0,1.0
1,35,0,go,1.0,1.0
1,37,0,go,1.0,1.0
1,39,0,go,1.0,1.0
1,41,0,go,1.0,1.0
1,43,0,go,1.0,1.0
1,45,0,go,1.0,1.0
1,47,0,go,1.0,1.0
1,49,0,go,1.0,1.0
1,51,0,go,1.0,1.0
1,53,0,go,1.0,1.0
1,55,0,go,1.0,1.0
1,57,0,go,1.0,1.0
1,59,0,go,1.0,1.0
1,61,0,go,1.0,1.0
1,63,0,go,1.0,1.0
1,65,0,go,1.0,1.0
1,67,0,go,1.0,1.0
1,69,0,go,1.0,1.0
1,71,0,go,1.0,1.0
1,73,0,go,1.0,1.0
1,75,0,go,1.0,1.0
1,77,0,go,1.0,1.0
1,79,0,go,1.0,1.0
1,81,0,go,1.0,1.0
1,83,0,go,1.0,1.0
1,85,0,go,1.0,1.0
1,87,0,go,1.0,1.0
1,89,0,go,1.0,1.0
1,91,0,go,1.0,1.0
1,93,0,go,1.0,1.0
1,95,0,go,1.0,1.0
1,97,0,go,1.0,1.0
1,99,0,go,1.0,1.0
2,3,1,warning,0.25,0.5695
2,5,3,static_b,0.24,1.2613
2,7,2,reiterate,0.12,1.4411
2,9,2,reiterate,0.09,1.4958
2,11,2,reiterate,0.03,1.5282
2,13,2,reiterate,0.02,1.495
2,15,2,reiterate,0.01,1.4975
2,17,2,reiterate,0.0,1.509
2,19,2,reiterate,0.0,1.5
2,21,2,reiterate,0.0,1.5
2,23,2,reiterate,0.0,1.5
2,25,2,reiterate,0.0,1.5
2,27,2,reiterate,0.0,1.5
2,29,2,reiterate,0.0,1.5
2,31,2,reiterate,0.0,1.5
2,33,2,reiterate,0.0,1.5
2,35,2,reiterate,0.0,1.5
2,37,2,reiterate,0.0,1.5
2,39,2,reiterate,0.0,1.5
2,41,2,reiterate,0.0,1.5
2,43,2,reiterate,0.0,1.5
2,45,2,reiterate,0.0,1.5
2,47,2,reiterate,0.0,1.5
2,49,2,reiterate,0.0,1.5
2,51,2,reiterate,0.0,1.5
2,53,2,reiterate,0.0,1.5
2,55,2,reiterate,0.0,1.5
2,57,2,reiterate,0.0,1.5
2,59,2,reiterate,0.0,1.5
2,61,2,reiterate,0.0,1.5
2,63,2,reiterate,0.0,1.5
2,65,2,reiterate,0.0,1.5
2,67,2,reiterate,0.0,1.5
2,69,2,reiterate,0.0,1.5
2,71,2,reiterate,0.0,1.5
2,73,2,reiterate,0.0,1.5
2,75,2,reiterate,0.0,1.5
2,77,2,reiterate,0.0,1.5
2,79,2,reiterate,0.0,1.5
2,81,2,reiterate,0.0,1.5
2,83,2,reiterate,0.0,1.5
2,85,2,reiterate,0.0,1.5
2,87,2,reiterate,0.0,1.5
2,89,2,reiterate,0.0,1.5
2,91,2,reiterate,0.0,1.5
2,93,2,reiterate,0.0,1.5
2,95,2,reiterate,0.0,1.5
2,97,2,reiterate,0.0,1.5
2,99,2,reiterate,0.0,1.5
3,3,1,warning,0.53,0.376
3,5,0,go,0.64,0.0
3,7,0,go,0.81,0.0
3,9,0,go,0.9,0.0
3,11,0,go,0.94,0.0
3,13,0,go,0.97,0.0
3,15,0,go,0.99,0.0
3,17,0,go,1.0,1.0
3,19,0,go,1.0,1.0
3,21,0,go,1.0,1.0
3,23,0,go,1.0,1.0
3,25,0,go,1.0,1.0
3,27,0,go,1.0,1.0
3,29,0,go,1.0,1.0
3,31,0,go,1.0,1.0
3,33,0,go,1.0,1.0
3,35,0,go,1.0,1.0
3,37,0,go,1.0,1.0
3,39,0,go,1.0,1.0
3,41,0,go,1.0,1.0
3,43,0,go,1.0,1.0
3,45,0,go,1.0,1.0
3,47,0,go,1.0,1.0
3,49,0,go,1.0,1.0
3,51,0,go,1.0,1.0
3,53,0,go,1.0,1.0
3,55,0,go,1.0,1.0
3,57,0,go,1.0,1.0
3,59,0,go,1.0,1.0
3,61,0,go,1.0,1.0
3,63,0,go,1.0,1.0
3,65,0,go,1.0,1.0
3,67,0,go,1.0,1.0
3,69,0,go,1.0,1.0
3,71,0,go,1.0,1.0
3,73,0,go,1.0,1.0
3,75,0,go,1.0,1.0
3,77,0,go,1.0,1.0
3,79,0,go,1.0,1.0
3,81,0,go,1.0,1.0
3,83,0,go,1.0,1.0
3,85,0,go,1.0,1.0
3,87,0,go,1.0,1.0
3,89,0,go,1.0,1.0
3,91,0,go,1.0,1.0
3,93,0,go,1.0,1.0
3,95,0,go,1.0,1.0
3,97,0,go,1.0,1.0
3,99,0,go,1.0,1.0
4,3,1,warning,0.59,0.3604
4,5,0,go,0.68,0.0
4,7,0,go,0.85,0.0
4,9,0,go,0.94,0.0
4,11,0,go,0.96,1.0
4,13,0,go,0.98,1.0
4,15,0,go,1.0,0.0
4,17,0,go,1.0,1.0
4,19,0,go,1.0,1.0
4,21,0,go,1.0,1.0
4,23,0,go,1.0,1.0
4,25,0,go,1.0,1.0
4,27,0,go,1.0,1.0
4,29,0,go,1.0,1.0
4,31,0,go,1.0,1.0
4,33,0,go,1.0,1.0
4,35,0,go,1.0,1.0
4,37,0,go,1.0,1.0
4,39,0,go,1.0,1.0
4,41,0,go,1.0,1.0
4,43,0,go,1.0,1.0
4,45,0,go,1.0,1.0
4,47,0,go,1.0,1.0
4,49,0,go,1.0,1.0
4,51,0,go,1.0,1.0
4,53,0,go,1.0,1.0
4,55,0,go,1.0,1.0
4,57,0,go,1.0,1.0
4,59,0,go,1.0,1.0
4,61,0,go,1.0,1.0
4,63,0,go,1.0,1.0
4,65,0,go,1.0,1.0
4,67,0,go,1.0,1.0
4,69,0,go,1.0,1.0
4,71,0,go,1.0,1.0
4,73,0,go,1.0,1.0
4,75,0,go,1.0,1.0
4,77,0,go,1.0,1.0
4,79,0,go,1.0,1.0
4,81,0,go,1.0,1.0
4,83,0,go,1.0,1.0
4,85,0,go,1.0,1.0
4,87,0,go,1.0,1.0
4,89,0,go,1.0,1.0
4,91,0,go,1.0,1.0
4,93,0,go,1.0,1.0
4,95,0,go,1.0,1.0
4,97,0,go,1.0,1.0
4,99,0,go,1.0,1.0
5,3,1,warning,0.38,0.601
5,5,2,reiterate,0.43,0.5806
5,7,2,reiterate,0.42,1.1127
5,9,2,reiterate,0.37,1.2746
5,11,2,reiterate,0.32,1.3106
5,13,2,reiterate,0.28,1.3241
5,15,2,reiterate,0.15,1.467
5,17,2,reiterate,0.09,1.454
5,19,2,reiterate,0.03,1.538
5,21,2,reiterate,0.01,1.5165
5,23,2,reiterate,0.0,1.4995
5,25,2,reiterate,0.0,1.5
5,27,2,reiterate,0.0,1.5
5,29,2,reiterate,0.0,1.5
5,31,2,reiterate,0.0,1.5
5,33,2,reiterate,0.0,1.5
5,35,2,reiterate,0.0,1.5
5,37,2,reiterate,0.0,1.5
5,39,2,reiterate,0.0,1.5
5,41,2,reiterate,0.0,1.5
5,43,2,reiterate,0.0,1.5
5,45,2,reiterate,0.0,1.5
5,47,2,reiterate,0.0,1.5
5,49,2,reiterate,0.0,1.5
5,51,2,reiterate,0.0,1.5
5,53,2,reiterate,0.0,1.5
5,55,2,reiterate,0.0,1.5
5,57,2,reiterate,0.0,1.5
5,59,2,reiterate,0.0,1.5
5,61,2,reiterate,0.0,1.5
5,63,2,reiterate,0.0,1.5
5,65,2,reiterate,0.0,1.5
5,67,2,reiterate,0.0,1.5
5,69,2,reiterate,0.0,1.5
5,71,2,reiterate,0.0,1.5
5,73,2,reiterate,0.0,1.5
5,75,2,reiterate,0.0,1.5
5,77,2,reiterate,0.0,1.5
5,79,2,reiterate,0.0,1.5
5,81,2,reiterate,0.0,1.5
5,83,2,reiterate,0.0,1.5
5,85,2,reiterate,0.0,1.5
5,87,2,reiterate,0.0,1.5
5,89,2,reiterate,0.0,1.5
5,91,2,reiterate,0.0,1.5
5,93,2,reiterate,0.0,1.5
5,95,2,reiterate,0.0,1.5
5,97,2,reiterate,0.0,1.5
5,99,2,reiterate,0.0,1.5
6,3,1,warning,0.58,0.3095
6,5,0,go,0.7,0.0
6,7,0,go,0.91,0.0
6,9,0,go,0.96,0.0
6,11,0,go,0.99,1.0
6,13,0,go,0.99,1.0
6,15,0,go,1.0,0.0
6,17,0,go,1.0,1.0
6,19,0,go,1.0,1.0
6,21,0,go,1.0,1.0
6,23,0,go,1.0,1.0
6,25,0,go,1.0,1.0
6,27,0,go,1.0,1.0
6,29,0,go,1.0,1.0
6,31,0,go,1.0,1.0
6,33,0,go,1.0,1.0
6,35,0,go,1.0,1.0
6,37,0,go,1.0,1.0
6,39,0,go,1.0,1.0
6,41,0,go,1.0,1.0
6,43,0,go,1.0,1.0
6,45,0,go,1.0,1.0
6,47,0,go,1.0,1.0
6,49,0,go,1.0,1.0
6,51,0,go,1.0,1.0
6,53,0,go,1.0,1.0
6,55,0,go,1.0,1.0
6,57,0,go,1.0,1.0
6,59,0,go,1.0,1.0
6,61,0,go,1.0,1.0
6,63,0,go,1.0,1.0
6,65,0,go,1.0,1.0
6,67,0,go,1.0,1.0
6,69,0,go,1.0,1.0
6,71,0,go,1.0,1.0
6,73,0,go,1.0,1.0
6,75,0,go,1.0,1.0
6,77,0,go,1.0,1.0
6,79,0,go,1.0,1.0
6,81,0,go,1.0,1.0
6,83,0,go,1.0,1.0
6,85,0,go,1.0,1.0
6,87,0,go,1.0,1.0
6,89,0,go,1.0,1.0
6,91,0,go,1.0,1.0
6,93,0,go,1.0,1.0
6,95,0,go,1.0,1.0
6,97,0,go,1.0,1.0
6,99,0,go,1.0,1.0
7,3,1,warning,0.33,0.6057
7,5,2,reiterate,0.49,0.4098
7,7,0,go,0.72,0.0
7,9,0,go,0.85,0.0
7,11,0,go,0.9,0.0
7,13,0,go,0.97,0.0
7,15,0,go,0.99,0.0
7,17,0,go,1.0,0.0
7,19,0,go,1.0,1.0
7,21,0,go,1.0,1.0
7,23,0,go,1.0,1.0
7,25,0,go,1.0,1.0
7,27,0,go,1.0,1.0
7,29,0,go,1.0,1.0
7,31,0,go,1.0,1.0
7,33,0,go,1.0,1.0
7,35,0,go,1.0,1.0
7,37,0,go,1.0,1.0
7,39,0,go,1.0,1.0
7,41,0,go,1.0,1.0
7,43,0,go,1.0,1.0
7,45,0,go,1.0,1.0
7,47,0,go,1.0,1.0
7,49,0,go,1.0,1.0
7,51,0,go,1.0,1.0
7,53,0,go,1.0,1.0
7,55,0,go,1.0,1.0
7,57,0,go,1.0,1.0
7,59,0,go,1.0,1.0
7,61,0,go,1.0,1.0
7,63,0,go,1.0,1.0
7,65,0,go,1.0,1.0
7,67,0,go,1.0,1.0
7,69,0,go,1.0,1.0
7,71,0,go,1.0,1.0
7,73,0,go,1.0,1.0
7,75,0,go,1.0,1.0
7,77,0,go,1.0,1.0
7,79,0,go,1.0,1.0
7,81,0,go,1.0,1.0
7,83,0,go,1.0,1.0
7,85,0,go,1.0,1.0
7,87,0,go,1.0,1.0
7,89,0,go,1.0,1.0
7,91,0,go,1.0,1.0
7,93,0,go,1.0,1.0
7,95,0,go,1.0,1.0
7,97,0,go,1.0,1.0
7,99,0,go,1.0,1.0
8,3,1,warning,0.46,0.4803
8,5,2,reiterate,0.62,0.37
8,7,0,go,0.83,0.0
8,9,0,go,0.9,0.0
8,11,0,go,0.94,0.0
8,13,0,go,0.94,1.0
8,15,0,go,1.0,0.0
8,17,0,go,1.0,1.0
8,19,0,go,1.0,1.0
8,21,0,go,1.0,1.0
8,23,0,go,1.0,1.0
8,25,0,go,1.0,1.0
8,27,0,go,1.0,1.0
8,29,0,go,1.0,1.0
8,31,0,go,1.0,1.0
8,33,0,go,1.0,1.0
8,35,0,go,1.0,1.0
8,37,0,go,1.0,1.0
8,39,0,go,1.0,1.0
8,41,0,go,1.0,1.0
8,43,0,go,1.0,1.0
8,45,0,go,1.0,1.0
8,47,0,go,1.0,1.0
8,49,0,go,1.0,1.0
8,51,0,go,1.0,1.0
8,53,0,go,1.0,1.0
8,55,0,go,1.0,1.0
8,57,0,go,1.0,1.0
8,59,0,go,1.0,1.0
8,61,0,go,1.0,1.0
8,63,0,go,1.0,1.0
8,65,0,go,1.0,1.0
8,67,0,go,1.0,1.0
8,69,0,go,1.0,1.0
8,71,0,go,1.0,1.0
8,73,0,go,1.0,1.0
8,75,0,go,1.0,1.0
8,77,0,go,1.0,1.0
8,79,0,go,1.0,1.0
8,81,0,go,1.0,1.0
8,83,0,go,1.0,1.0
8,85,0,go,1.0,1.0
8,87,0,go,1.0,1.0
8,89,0,go,1.0,1.0
8,91,0,go,1.0,1.0
8,93,0,go,1.0,1.0
8,95,0,go,1.0,1.0
8,97,0,go,1.0,1.0
8,99,0,go,1.0,1.0
9,3,1,warning,0.46,0.4668
9,5,0,go,0.58,0.0
9,7,0,go,0.69,0.0
9,9,0,go,0.76,0.0
9,11,0,go,0.79,1.0
9,13,0,go,0.84,0.0
9,15,0,go,0.92,0.0
9,17,0,go,0.95,0.0
9,19,0,go,0.96,0.0
9,21,0,go,1.0,0.0
9,23,0,go,1.0,1.0
9,25,0,go,1.0,1.0
9,27,0,go,1.0,1.0
9,29,0,go,1.0,1.0
9,31,0,go,1.0,1.0
9,33,0,go,1.0,1.0
9,35,0,go,1.0,1.0
9,37,0,go,1.0,1.0
9,39,0,go,1.0,1.0
9,41,0,go,1.0,1.0
9,43,0,go,1.0,1.0
9,45,0,go,1.0,1.0
9,47,0,go,1.0,1.0
9,49,0,go,1.0,1.0
9,51,0,go,1.0,1.0
9,53,0,go,1.0,1.0
9,55,0,go,1.0,1.0
9,57,0,go,1.0,1.0
9,59,0,go,1.0,1.0
9,61,0,go,1.0,1.0
9,63,0,go,1.0,1.0
9,65,0,go,1.0,1.0
9,67,0,go,1.0,1.0
9,69,0,go,1.0,1.0
9,71,0,go,1.0,1.0
9,73,0,go,1.0,1.0
9,75,0,go,1.0,1.0
9,77,0,go,1.0,1.0
9,79,0,go,1.0,1.0
9,81,0,go,1.0,1.0
9,83,0,go,1.0,1.0
9,85,0,go,1.0,1.0
9,87,0,go,1.0,1.0
9,89,0,go,1.0,1.0
9,91,0,go,1.0,1.0
9,93,0,go,1.0,1.0
9,95,0,go,1.0,1.0
9,97,0,go,1.0,1.0
9,99,0,go,1.0,1.0
10,3,1,warning,0.54,0.284
10,5,0,go,0.63,0.0
10,7,0,go,0.79,0.0
10,9,0,go,0.81,0.0
10,11,0,go,0.89,0.0
10,13,0,go,0.91,1.0
10,15,0,go,0.99,1.0
10,17,0,go,0.99,1.0
10,19,0,go,1.0,0.0
10,21,0,go,1.0,1.0
10,23,0,go,1.0,1.0
10,25,0,go,1.0,1.0
10,27,0,go,1.0,1.0
10,29,0,go,1.0,1.0
10,31,0,go,1.0,1.0
10,33,0,go,1.0,1.0
10,35,0,go,1.0,1.0
10,37,0,go,1.0,1.0
10,39,0,go,1.0,1.0
10,41,0,go,1.0,1.0
10,43,0,go,1.0,1.0
10,45,0,go,1.0,1.0
10,47,0,go,1.0,1.0
10,49,0,go,1.0,1.0
10,51,0,go,1.0,1.0
10,53,0,go,1.0,1.0
10,55,0,go,1.0,1.0
10,57,0,go,1.0,1.0
10,59,0,go,1.0,1.0
10,61,0,go,1.0,1.0
10,63,0,go,1.0,1.0
10,65,0,go,1.0,1.0
10,67,0,go,1.0,1.0
10,69,0,go,1.0,1.0
10,71,0,go,1.0,1.0
10,73,0,go,1.0,1.0
10,75,0,go,1.0,1.0
10,77,0,go,1.0,1.0
10,79,0,go,1.0,1.0
10,81,0,go,1.0,1.0
10,83,0,go,1.0,1.0
10,85,0,go,1.0,1.0
10,87,0,go,1.0,1.0
10,89,0,go,1.0,1.0
10,91,0,go,1.0,1.0
10,93,0,go,1.0,1.0
10,95,0,go,1.0,1.0
10,97,0,go,1.0,1.0
10,99,0,go,1.0,1.0
11,3,1,warning,0.41,0.611
11,5,2,reiterate,0.43,0.6335
11,7,2,reiterate,0.42,1.1631
11,9,2,reiterate,0.41,1.2286
11,11,2,reiterate,0.36,1.3196
11,13,2,reiterate,0.32,1.3782
11,15,2,reiterate,0.27,1.4272
11,17,2,reiterate,0.23,1.464
11,19,2,reiterate,0.14,1.4795
11,21,2,reiterate,0.11,1.488
11,23,2,reiterate,0.07,1.492
11,25,2,reiterate,0.02,1.5115
11,27,2,reiterate,0.01,1.497
11,29,2,reiterate,0.01,1.4985
11,31,2,reiterate,0.0,1.4995
11,33,2,reiterate,0.0,1.5
11,35,2,reiterate,0.0,1.5
11,37,2,reiterate,0.0,1.5
11,39,2,reiterate,0.0,1.5
11,41,2,reiterate,0.0,1.5
11,43,2,reiterate,0.0,1.5
11,45,2,reiterate,0.0,1.5
11,47,2,reiterate,0.0,1.5
11,49,2,reiterate,0.0,1.5
11,51,2,reiterate,0.0,1.5
11,53,2,reiterate,0.0,1.5
11,55,2,reiterate,0.0,1.5
11,57,2,reiterate,0.0,1.5
11,59,2,reiterate,0.0,1.5
11,61,2,reiterate,0.0,1.5
11,63,2,reiterate,0.0,1.5
11,65,2,reiterate,0.0,1.5
11,67,2,reiterate,0.0,1.5
11,69,2,reiterate,0.0,1.5
11,71,2,reiterate,0.0,1.5
11,73,2,reiterate,0.0,1.5
11,75,2,reiterate,0.0,1.5
11,77,2,reiterate,0.0,1.5
11,79,2,reiterate,0.0,1.5
11,81,2,reiterate,0.0,1.5
11,83,2,reiterate,0.0,1.5
11,85,2,reiterate,0.0,1.5
11,87,2,reiterate,0.0,1.5
11,89,2,reiterate,0.0,1.5
11,91,2,reiterate,0.0,1.5
11,93,2,reiterate,0.0,1.5
11,95,2,reiterate,0.0,1.5
11,97,2,reiterate,0.0,1.5
11,99,2,reiterate,0.0,1.5
12,3,1,warning,0.45,0.5731
12,5,2,reiterate,0.71,0.4008
12,7,0,go,0.89,0.0
12,9,0,go,0.95,0.0
12,11,0,go,0.98,0.0
12,13,0,go,1.0,0.0
12,15,0,go,1.0,1.0
12,17,0,go,1.0,1.0
12,19,0,go,1.0,1.0
12,21,0,go,1.0,1.0
12,23,0,go,1.0,1.0
12,25,0,go,1.0,1.0
12,27,0,go,1.0,1.0
12,29,0,go,1.0,1.0
12,31,0,go,1.0,1.0
12,33,0,go,1.0,1.0
12,35,0,go,1.0,1.0
12,37,0,go,1.0,1.0
12,39,0,go,1.0,1.0
12,41,0,go,1.0,1.0
12,43,0,go,1.0,1.0
12,45,0,go,1.0,1.0
12,47,0,go,1.0,1.0
12,49,0,go,1.0,1.0
12,51,0,go,1.0,1.0
12,53,0,go,1.0,1.0
12,55,0,go,1.0,1.0
12,57,0,go,1.0,1.0
12,59,0,go,1.0,1.0
12,61,0,go,1.0,1.0
12,63,0,go,1.0,1.0
12,65,0,go,1.0,1.0
12,67,0,go,1.0,1.0
12,69,0,go,1.0,1.0
12,71,0,go,1.0,1.0
12,73,0,go,1.0,1.0
12,75,0,go,1.0,1.0
12,77,0,go,1.0,1.0
12,79,0,go,1.0,1.0
12,81,0,go,1.0,1.0
12,83,0,go,1.0,1.0
12,85,0,go,1.0,1.0
12,87,0,go,1.0,1.0
12,89,0,go,1.0,1.0
12,91,0,go,1.0,1.0
12,93,0,go,1.0,1.0
12,95,0,go,1.0,1.0
12,97,0,go,1.0,1.0
12,99,0,go,1.0,1.0
13,3,1,warning,0.35,0.4936
13,5,2,reiterate,0.41,0.5078
13,7,2,reiterate,0.45,0.526
13,9,2,reiterate,0.44,1.046
13,11,2,reiterate,0.44,1.0485
13,13,2,reiterate,0.42,1.1118
13,15,2,reiterate,0.38,1.2055
13,17,2,reiterate,0.36,1.1925
13,19,2,reiterate,0.35,1.2725
13,21,2,reiterate,0.29,1.378
13,23,2,reiterate,0.24,1.3755
13,25,2,reiterate,0.2,1.43
13,27,2,reiterate,0.12,1.4445
13,29,2,reiterate,0.07,1.482
13,31,2,reiterate,0.04,1.501
13,33,2,reiterate,0.0,1.517
13,35,2,reiterate,0.0,1.5
13,37,2,reiterate,0.0,1.5
13,39,2,reiterate,0.0,1.5
13,41,2,reiterate,0.0,1.5
13,43,2,reiterate,0.0,1.5
13,45,2,reiterate,0.0,1.5
13,47,2,reiterate,0.0,1.5
13,49,2,reiterate,0.0,1.5
13,51,2,reiterate,0.0,1.5
13,53,2,reiterate,0.0,1.5
13,55,2,reiterate,0.0,1.5
13,57,2,reiterate,0.0,1.5
13,59,2,reiterate,0.0,1.5
13,61,2,reiterate,0.0,1.5
13,63,2,reiterate,0.0,1.5
13,65,2,reiterate,0.0,1.5
13,67,2,reiterate,0.0,1.5
13,69,2,reiterate,0.0,1.5
13,71,2,reiterate,0.0,1.5
13,73,2,reiterate,0.0,1.5
13,75,2,reiterate,0.0,1.5
13,77,2,reiterate,0.0,1.5
13,79,2,reiterate,0.0,1.5
13,81,2,reiterate,0.0,1.5
13,83,2,reiterate,0.0,1.5
13,85,2,reiterate,0.0,1.5
13,87,2,reiterate,0.0,1.5
13,89,2,reiterate,0.0,1.5
13,91,2,reiterate,0.0,1.5
13,93,2,reiterate,0.0,1.5
13,95,2,reiterate,0.0,1.5
13,97,2,reiterate,0.0,1.5
13,99,2,reiterate,0.0,1.5
14,3,1,warning,0.51,0.3813
14,5,0,go,0.66,0.0
14,7,0,go,0.86,0.0
14,9,0,go,0.92,0.0
14,11,0,go,0.92,1.0
14,13,0,go,0.98,0.0
14,15,0,go,1.0,1.0
14,17,0,go,1.0,1.0
14,19,0,go,1.0,1.0
14,21,0,go,1.0,1.0
14,23,0,go,1.0,1.0
14,25,0,go,1.0,1.0
14,27,0,go,1.0,1.0
14,29,0,go,1.0,1.0
14,31,0,go,1.0,1.0
14,33,0,go,1.0,1.0
14,35,0,go,1.0,1.0
14,37,0,go,1.0,1.0
14,39,0,go,1.0,1.0
14,41,0,go,1.0,1.0
14,43,0,go,1.0,1.0
14,45,0,go,1.0,1.0
14,47,0,go,1.0,1.0
14,49,0,go,1.0,1.0
14,51,0,go,1.0,1.0
14,53,0,go,1.0,1.0
14,55,0,go,1.0,1.0
14,57,0,go,1.0,1.0
14,59,0,go,1.0,1.0
14,61,0,go,1.0,1.0
14,63,0,go,1.0,1.0
14,65,0,go,1.0,1.0
14,67,0,go,1.0,1.0
14,69,0,go,1.0,1.0
14,71,0,go,1.0,1.0
14,73,0,go,1.0,1.0
14,75,0,go,1.0,1.0
14,77,0,go,1.0,1.0
14,79,0,go,1.0,1.0
14,81,0,go,1.0,1.0
14,83,0,go,1.0,1.0
14,85,0,go,1.0,1.0
14,87,0,go,1.0,1.0
14,89,0,go,1.0,1.0
14,91,0,go,1.0,1.0
14,93,0,go,1.0,1.0
14,95,0,go,1.0,1.0
14,97,0,go,1.0,1.0
14,99,0,go,1.0,1.0
15,3,1,warning,0.24,0.6514
15,5,2,reiterate,0.24,1.226
15,7,2,reiterate,0.19,1.419
15,9,2,reiterate,0.15,1.483
15,11,2,reiterate,0.09,1.5119
15,13,2,reiterate,0.04,1.4973
15,15,2,reiterate,0.03,1.503
15,17,2,reiterate,0.01,1.5075
15,19,2,reiterate,0.0,1.4995
15,21,2,reiterate,0.0,1.5
15,23,2,reiterate,0.0,1.5
15,25,2,reiterate,0.0,1.5
15,27,2,reiterate,0.0,1.5
15,29,2,reiterate,0.0,1.5
15,31,2,reiterate,0.0,1.5
15,33,2,reiterate,0.0,1.5
15,35,2,reiterate,0.0,1.5
15,37,2,reiterate,0.0,1.5
15,39,2,reiterate,0.0,1.5
15,41,2,reiterate,0.0,1.5
15,43,2,reiterate,0.0,1.5
15,45,2,reiterate,0.0,1.5
15,47,2,reiterate,0.0,1.5
15,49,2,reiterate,0.0,1.5
15,51,2,reiterate,0.0,1.5
15,53,2,reiterate,0.0,1.5
15,55,2,reiterate,0.0,1.5
15,57,2,reiterate,0.0,1.5
15,59,2,reiterate,0.0,1.5
15,61,2,reiterate,0.0,1.5
15,63,2,reiterate,0.0,1.5
15,65,2,reiterate,0.0,1.5
15,67,2,reiterate,0.0,1.5
15,69,2,reiterate,0.0,1.5
15,71,2,reiterate,0.0,1.5
15,73,2,reiterate,0.0,1.5
15,75,2,reiterate,0.0,1.5
15,77,2,reiterate,0.0,1.5
15,79,2,reiterate,0.0,1.5
15,81,2,reiterate,0.0,1.5
15,83,2,reiterate,0.0,1.5
15,85,2,reiterate,0.0,1.5
15,87,2,reiterate,0.0,1.5
15,89,2,reiterate,0.0,1.5
15,91,2,reiterate,0.0,1.5
15,93,2,reiterate,0.0,1.5
15,95,2,reiterate,0.0,1.5
15,97,2,reiterate,0.0,1.5
15,99,2,reiterate,0.0,1.5
16,3,1,warning,0.75,0.1198
16,5,0,go,0.84,0.0
16,7,0,go,0.95,0.0
16,9,0,go,0.98,0.0
16,11,0,go,0.98,1.0
16,13,0,go,1.0,0.0
16,15,0,go,1.0,1.0
16,17,0,go,1.0,1.0
16,19,0,go,1.0,1.0
16,21,0,go,1.0,1.0
16,23,0,go,1.0,1.0
16,25,0,go,1.0,1.0
16,27,0,go,1.0,1.0
16,29,0,go,1.0,1.0
16,31,0,go,1.0,1.0
16,33,0,go,1.0,1.0
16,35,0,go,1.0,1.0
16,37,0,go,1.0,1.0
16,39,0,go,1.0,1.0
16,41,0,go,1.0,1.0
16,43,0,go,1.0,1.0
16,45,0,go,1.0,1.0
16,47,0,go,1.0,1.0
16,49,0,go,1.0,1.0
16,51,0,go,1.0,1.0
16,53,0,go,1.0,1.0
16,55,0,go,1.0,1.0
16,57,0,go,1.0,1.0
16,59,0,go,1.0,1.0
16,61,0,go,1.0,1.0
16,63,0,go,1.0,1.0
16,65,0,go,1.0,1.0
16,67,0,go,1.0,1.0
16,69,0,go,1.0,1.0
16,71,0,go,1.0,1.0
16,73,0,go,1.0,1.0
16,75,0,go,1.0,1.0
16,77,0,go,1.0,1.0
16,79,0,go,1.0,1.0
16,81,0,go,1.0,1.0
16,83,0,go,1.0,1.0
16,85,0,go,1.0,1.0
16,87,0,go,1.0,1.0
16,89,0,go,1.0,1.0
16,91,0,go,1.0,1.0
16,93,0,go,1.0,1.0
16,95,0,go,1.0,1.0
16,97,0,go,1.0,1.0
16,99,0,go,1.0,1.0
17,3,1,warning,0.26,0.7295
17,5,2,reiterate,0.25,1.4258
17,7,2,reiterate,0.08,1.5794
17,9,2,reiterate,0.07,1.4809
17,11,2,reiterate,0.05,1.489
17,13,2,reiterate,0.01,1.515
17,15,2,reiterate,0.0,1.509
17,17,2,reiterate,0.0,1.5
17,19,2,reiterate,0.0,1.5
17,21,2,reiterate,0.0,1.5
17,23,2,reiterate,0.0,1.5
17,25,2,reiterate,0.0,1.5
17,27,2,reiterate,0.0,1.5
17,29,2,reiterate,0.0,1.5
17,31,2,reiterate,0.0,1.5
17,33,2,reiterate,0.0,1.5
17,35,2,reiterate,0.0,1.5
17,37,2,reiterate,0.0,1.5
17,39,2,reiterate,0.0,1.5
17,41,2,reiterate,0.0,1.5
17,43,2,reiterate,0.0,1.5
17,45,2,reiterate,0.0,1.5
17,47,2,reiterate,0.0,1.5
17,49,2,reiterate,0.0,1.5
17,51,2,reiterate,0.0,1.5
17,53,2,reiterate,0.0,1.5
17,55,2,reiterate,0.0,1.5
17,57,2,reiterate,0.0,1.5
17,59,2,reiterate,0.0,1.5
17,61,2,reiterate,0.0,1.5
17,63,2,reiterate,0.0,1.5
17,65,2,reiterate,0.0,1.5
17,67,2,reiterate,0.0,1.5
17,69,2,reiterate,0.0,1.5
17,71,2,reiterate,0.0,1.5
17,73,2,reiterate,0.0,1.5
17,75,2,reiterate,0.0,1.5
17,77,2,reiterate,0.0,1.5
17,79,2,reiterate,0.0,1.5
17,81,2,reiterate,0.0,1.5
17,83,2,reiterate,0.0,1.5
17,85,2,reiterate,0.0,1.5
17,87,2,reiterate,0.0,1.5
17,89,2,reiterate,0.0,1.5
17,91,2,reiterate,0.0,1.5
17,93,2,reiterate,0.0,1.5
17,95,2,reiterate,0.0,1.5
17,97,2,reiterate,0.0,1.5
17,99,2,reiterate,0.0,1.5
18,3,1,warning,0.51,0.265
18,5,0,go,0.68,0.0
18,7,0,go,0.92,0.0
18,9,0,go,0.94,0.0
18,11,0,go,0.98,0.0
18,13,0,go,1.0,1.0
18,15,0,go,1.0,1.0
18,17,0,go,1.0,1.0
18,19,0,go,1.0,1.0
18,21,0,go,1.0,1.0
18,23,0,go,1.0,1.0
18,25,0,go,1.0,1.0
18,27,0,go,1.0,1.0
18,29,0,go,1.0,1.0
18,31,0,go,1.0,1.0
18,33,0,go,1.0,1.0
18,35,0,go,1.0,1.0
18,37,0,go,1.0,1.0
18,39,0,go,1.0,1.0
18,41,0,go,1.0,1.0
18,43,0,go,1.0,1.0
18,45,0,go,1.0,1.0
18,47,0,go,1.0,1.0
18,49,0,go,1.0,1.0
18,51,0,go,1.0,1.0
18,53,0,go,1.0,1.0
18,55,0,go,1.0,1.0
18,57,0,go,1.0,1.0
18,59,0,go,1.0,1.0
18,61,0,go,1.0,1.0
18,63,0,go,1.0,1.0
18,65,0,go,1.0,1.0
18,67,0,go,1.0,1.0
18,69,0,go,1.0,1.0
18,71,0,go,1.0,1.0
18,73,0,go,1.0,1.0
18,75,0,go,1.0,1.0
18,77,0,go,1.0,1.0
18,79,0,go,1.0,1.0
18,81,0,go,1.0,1.0
18,83,0,go,1.0,1.0
18,85,0,go,1.0,1.0
18,87,0,go,1.0,1.0
18,89,0,go,1.0,1.0
18,91,0,go,1.0,1.0
18,93,0,go,1.0,1.0
18,95,0,go,1.0,1.0
18,97,0,go,1.0,1.0
18,99,0,go,1.0,1.0
19,3,1,warning,0.26,0.5832
19,5,2,reiterate,0.3,0.64
19,7,2,reiterate,0.26,1.2782
19,9,2,reiterate,0.19,1.2858
19,11,2,reiterate,0.12,1.393
19,13,2,reiterate,0.07,1.4205
19,15,2,reiterate,0.03,1.442
19,17,2,reiterate,0.01,1.4965
19,19,2,reiterate,0.01,1.4985
19,21,2,reiterate,0.0,1.4995
19,23,2,reiterate,0.0,1.5
19,25,2,reiterate,0.0,1.5
19,27,2,reiterate,0.0,1.5
19,29,2,reiterate,0.0,1.5
19,31,2,reiterate,0.0,1.5
19,33,2,reiterate,0.0,1.5
19,35,2,reiterate,0.0,1.5
19,37,2,reiterate,0.0,1.5
19,39,2,reiterate,0.0,1.5
19,41,2,reiterate,0.0,1.5
19,43,2,reiterate,0.0,1.5
19,45,2,reiterate,0.0,1.5
19,47,2,reiterate,0.0,1.5
19,49,2,reiterate,0.0,1.5
19,51,2,reiterate,0.0,1.5
19,53,2,reiterate,0.0,1.5
19,55,2,reiterate,0.0,1.5
19,57,2,reiterate,0.0,1.5
19,59,2,reiterate,0.0,1.5
19,61,2,reiterate,0.0,1.5
19,63,2,reiterate,0.0,1.5
19,65,2,reiterate,0.0,1.5
19,67,2,reiterate,0.0,1.5
19,69,2,reiterate,0.0,1.5
19,71,2,reiterate,0.0,1.5
19,73,2,reiterate,0.0,1.5
19,75,2,reiterate,0.0,1.5
19,77,2,reiterate,0.0,1.5
19,79,2,reiterate,0.0,1.5
19,81,2,reiterate,0.0,1.5
19,83,2,reiterate,0.0,1.5
19,85,2,reiterate,0.0,1.5
19,87,2,reiterate,0.0,1.5
19,89,2,reiterate,0.0,1.5
19,91,2,reiterate,0.0,1.5
19,93,2,reiterate,0.0,1.5
19,95,2,reiterate,0.0,1.5
19,97,2,reiterate,0.0,1.5
19,99,2,reiterate,0.0,1.5
20,3,1,warning,0.57,0.4977
20,5,2,reiterate,0.68,0.3824
20,7,0,go,0.93,0.0
20,9,0,go,0.99,0.0
20,11,0,go,0.99,1.0
20,13,0,go,1.0,0.0
20,15,0,go,1.0,1.0
20,17,0,go,1.0,1.0
20,19,0,go,1.0,1.0
20,21,0,go,1.0,1.0
20,23,0,go,1.0,1.0
20,25,0,go,1.0,1.0
20,27,0,go,1.0,1.0
20,29,0,go,1.0,1.0
20,31,0,go,1.0,1.0
20,33,0,go,1.0,1.0
20,35,0,go,1.0,1.0
20,37,0,go,1.0,1.0
20,39,0,go,1.0,1.0
20,41,0,go,1.0,1.0
20,43,0,go,1.0,1.0
20,45,0,go,1.0,1.0
20,47,0,go,1.0,1.0
20,49,0,go,1.0,1.0
20,51,0,go,1.0,1.0
20,53,0,go,1.0,1.0
20,55,0,go,1.0,1.0
20,57,0,go,1.0,1.0
20,59,0,go,1.0,1.0
20,61,0,go,1.0,1.0
20,63,0,go,1.0,1.0
20,65,0,go,1.0,1.0
20,67,0,go,1.0,1.0
20,69,0,go,1.0,1.0
20,71,0,go,1.0,1.0
20,73,0,go,1.0,1.0
20,75,0,go,1.0,1.0
20,77,0,go,1.0,1.0
20,79,0,go,1.0,1.0
20,81,0,go,1.0,1.0
20,83,0,go,1.0,1.0
20,85,0,go,1.0,1.0
20,87,0,go,1.0,1.0
20,89,0,go,1.0,1.0
20,91,0,go,1.0,1.0
20,93,0,go,1.0,1.0
20,95,0,go,1.0,1.0
20,97,0,go,1.0,1.0
20,99,0,go,1.0,1.0
21,3,1,warning,0.55,0.3213
21,5,0,go,0.65,0.0
21,7,0,go,0.88,0.0
21,9,0,go,0.91,0.0
21,11,0,go,0.96,0.0
21,13,0,go,0.96,1.0
21,15,0,go,1.0,1.0
21,17,0,go,1.0,1.0
21,19,0,go,1.0,1.0
21,21,0,go,1.0,1.0
21,23,0,go,1.0,1.0
21,25,0,go,1.0,1.0
21,27,0,go,1.0,1.0
21,29,0,go,1.0,1.0
21,31,0,go,1.0,1.0
21,33,0,go,1.0,1.0
21,35,0,go,1.0,1.0
21,37,0,go,1.0,1.0
21,39,0,go,1.0,1.0
21,41,0,go,1.0,1.0
21,43,0,go,1.0,1.0
21,45,0,go,1.0,1.0
21,47,0,go,1.0,1.0
21,49,0,go,1.0,1.0
21,51,0,go,1.0,1.0
21,53,0,go,1.0,1.0
21,55,0,go,1.0,1.0
21,57,0,go,1.0,1.0
21,59,0,go,1.0,1.0
21,61,0,go,1.0,1.0
21,63,0,go,1.0,1.0
21,65,0,go,1.0,1.0
21,67,0,go,1.0,1.0
21,69,0,go,1.0,1.0
21,71,0,go,1.0,1.0
21,73,0,go,1.0,1.0
21,75,0,go,1.0,1.0
21,77,0,go,1.0,1.0
21,79,0,go,1.0,1.0
21,81,0,go,1.0,1.0
21,83,0,go,1.0,1.0
21,85,0,go,1.0,1.0
21,87,0,go,1.0,1.0
21,89,0,go,1.0,1.0
21,91,0,go,1.0,1.0
21,93,0,go,1.0,1.0
21,95,0,go,1.0,1.0
21,97,0,go,1.0,1.0
21,99,0,go,1.0,1.0
22,3,1,warning,0.36,0.4641
22,5,0,go,0.39,0.0
22,7,3,static_b,0.37,1.2109
22,9,2,reiterate,0.34,1.2389
22,11,2,reiterate,0.27,1.3964
22,13,2,reiterate,0.22,1.3836
22,15,2,reiterate,0.16,1.397
22,17,2,reiterate,0.12,1.4965
22,19,2,reiterate,0.06,1.5025
22,21,2,reiterate,0.02,1.5225
22,23,2,reiterate,0.01,1.5075
22,25,2,reiterate,0.0,1.4995
22,27,2,reiterate,0.0,1.5
22,29,2,reiterate,0.0,1.5
22,31,2,reiterate,0.0,1.5
22,33,2,reiterate,0.0,1.5
22,35,2,reiterate,0.0,1.5
22,37,2,reiterate,0.0,1.5
22,39,2,reiterate,0.0,1.5
22,41,2,reiterate,0.0,1.5
22,43,2,reiterate,0.0,1.5
22,45,2,reiterate,0.0,1.5
22,47,2,reiterate,0.0,1.5
22,49,2,reiterate,0.0,1.5
22,51,2,reiterate,0.0,1.5
22,53,2,reiterate,0.0,1.5
22,55,2,reiterate,0.0,1.5
22,57,2,reiterate,0.0,1.5
22,59,2,reiterate,0.0,1.5
22,61,2,reiterate,0.0,1.5
22,63,2,reiterate,0.0,1.5
22,65,2,reiterate,0.0,1.5
22,67,2,reiterate,0.0,1.5
22,69,2,reiterate,0.0,1.5
22,71,2,reiterate,0.0,1.5
22,73,2,reiterate,0.0,1.5
22,75,2,reiterate,0.0,1.5
22,77,2,reiterate,0.0,1.5
22,79,2,reiterate,0.0,1.5
22,81,2,reiterate,0.0,1.5
22,83,2,reiterate,0.0,1.5
22,85,2,reiterate,0.0,1.5
22,87,2,reiterate,0.0,1.5
22,89,2,reiterate,0.0,1.5
22,91,2,reiterate,0.0,1.5
22,93,2,reiterate,0.0,1.5
22,95,2,reiterate,0.0,1.5
22,97,2,reiterate,0.0,1.5
22,99,2,reiterate,0.0,1.5
23,3,1,warning,0.42,0.3659
23,5,0,go,0.55,0.0
23,7,0,go,0.69,0.0
23,9,0,go,0.75,0.0
23,11,0,go,0.8,0.0
23,13,0,go,0.86,0.0
23,15,0,go,0.96,0.0
23,17,0,go,0.99,1.0
23,19,0,go,1.0,0.0
23,21,0,go,1.0,1.0
23,23,0,go,1.0,1.0
23,25,0,go,1.0,1.0
23,27,0,go,1.0,1.0
23,29,0,go,1.0,1.0
23,31,0,go,1.0,1.0
23,33,0,go,1.0,1.0
23,35,0,go,1.0,1.0
23,37,0,go,1.0,1.0
23,39,0,go,1.0,1.0
23,41,0,go,1.0,1.0
23,43,0,go,1.0,1.0
23,45,0,go,1.0,1.0
23,47,0,go,1.0,1.0
23,49,0,go,1.0,1.0
23,51,0,go,1.0,1.0
23,53,0,go,1.0,1.0
23,55,0,go,1.0,1.0
23,57,0,go,1.0,1.0
23,59,0,go,1.0,1.0
23,61,0,go,1.0,1.0
23,63,0,go,1.0,1.0
23,65,0,go,1.0,1.0
23,67,0,go,1.0,1.0
23,69,0,go,1.0,1.0
23,71,0,go,1.0,1.0
23,73,0,go,1.0,1.0
23,75,0,go,1.0,1.0
23,77,0,go,1.0,1.0
23,79,0,go,1.0,1.0
23,81,0,go,1.0,1.0
23,83,0,go,1.0,1.0
23,85,0,go,1.0,1.0
23,87,0,go,1.0,1.0
23,89,0,go,1.0,1.0
23,91,0,go,1.0,1.0
23,93,0,go,1.0,1.0
23,95,0,go,1.0,1.0
23,97,0,go,1.0,1.0
23,99,0,go,1.0,1.0
24,3,1,warning,0.55,0.253
24,5,0,go,0.69,0.0
24,7,0,go,0.91,0.0
24,9,0,go,0.99,0.0
24,11,0,go,0.99,1.0
24,13,0,go,0.99,1.0
24,15,0,go,1.0,1.0
24,17,0,go,1.0,1.0
24,19,0,go,1.0,1.0
24,21,0,go,1.0,1.0
24,23,0,go,1.0,1.0
24,25,0,go,1.0,1.0
24,27,0,go,1.0,1.0
24,29,0,go,1.0,1.0
24,31,0,go,1.0,1.0
24,33,0,go,1.0,1.0
24,35,0,go,1.0,1.0
24,37,0,go,1.0,1.0
24,39,0,go,1.0,1.0
24,41,0,go,1.0,1.0
24,43,0,go,1.0,1.0
24,45,0,go,1.0,1.0
24,47,0,go,1.0,1.0
24,49,0,go,1.0,1.0
24,51,0,go,1.0,1.0
24,53,0,go,1.0,1.0
24,55,0,go,1.0,1.0
24,57,0,go,1.0,1.0
24,59,0,go,1.0,1.0
24,61,0,go,1.0,1.0
24,63,0,go,1.0,1.0
24,65,0,go,1.0,1.0
24,67,0,go,1.0,1.0
24,69,0,go,1.0,1.0
24,71,0,go,1.0,1.0
24,73,0,go,1.0,1.0
24,75,0,go,1.0,1.0
24,77,0,go,1.0,1.0
24,79,0,go,1.0,1.0
24,81,0,go,1.0,1.0
24,83,0,go,1.0,1.0
24,85,0,go,1.0,1.0
24,87,0,go,1.0,1.0
24,89,0,go,1.0,1.0
24,91,0,go,1.0,1.0
24,93,0,go,1.0,1.0
24,95,0,go,1.0,1.0
24,97,0,go,1.0,1.0
24,99,0,go,1.0,1.0
25,3,1,warning,0.24,0.6868
25,5,2,reiterate,0.26,0.7549
25,7,2,reiterate,0.23,1.3349
25,9,2,reiterate,0.21,1.3544
25,11,2,reiterate,0.13,1.4659
25,13,2,reiterate,0.06,1.496
25,15,2,reiterate,0.06,1.487
25,17,2,reiterate,0.03,1.513
25,19,2,reiterate,0.0,1.4985
25,21,2,reiterate,0.0,1.5
25,23,2,reiterate,0.0,1.5
25,25,2,reiterate,0.0,1.5
25,27,2,reiterate,0.0,1.5
25,29,2,reiterate,0.0,1.5
25,31,2,reiterate,0.0,1.5
25,33,2,reiterate,0.0,1.5
25,35,2,reiterate,0.0,1.5
25,37,2,reiterate,0.0,1.5
25,39,2,reiterate,0.0,1.5
25,41,2,reiterate,0.0,1.5
25,43,2,reiterate,0.0,1.5
25,45,2,reiterate,0.0,1.5
25,47,2,reiterate,0.0,1.5
25,49,2,reiterate,0.0,1.5
25,51,2,reiterate,0.0,1.5
25,53,2,reiterate,0.0,1.5
25,55,2,reiterate,0.0,1.5
25,57,2,reiterate,0.0,1.5
25,59,2,reiterate,0.0,1.5
25,61,2,reiterate,0.0,1.5
25,63,2,reiterate,0.0,1.5
25,65,2,reiterate,0.0,1.5
25,67,2,reiterate,0.0,1.5
25,69,2,reiterate,0.0,1.5
25,71,2,reiterate,0.0,1.5
25,73,2,reiterate,0.0,1.5
25,75,2,reiterate,0.0,1.5
25,77,2,reiterate,0.0,1.5
25,79,2,reiterate,0.0,1.5
25,81,2,reiterate,0.0,1.5
25,83,2,reiterate,0.0,1.5
25,85,2,reiterate,0.0,1.5
25,87,2,reiterate,0.0,1.5
25,89,2,reiterate,0.0,1.5
25,91,2,reiterate,0.0,1.5
25,93,2,reiterate,0.0,1.5
25,95,2,reiterate,0.0,1.5
25,97,2,reiterate,0.0,1.5
25,99,2,reiterate,0.0,1.5
26,3,1,warning,0.45,0.4097
26,5,0,go,0.56,0.0
26,7,0,go,0.65,0.0
26,9,0,go,0.73,0.0
26,11,0,go,0.77,0.0
26,13,0,go,0.83,0.0
26,15,0,go,0.89,0.0
26,17,0,go,0.9,1.0
26,19,0,go,0.98,0.0
26,21,0,go,0.99,1.0
26,23,0,go,0.99,1.0
26,25,0,go,1.0,0.0
26,27,0,go,1.0,1.0
26,29,0,go,1.0,1.0
26,31,0,go,1.0,1.0
26,33,0,go,1.0,1.0
26,35,0,go,1.0,1.0
26,37,0,go,1.0,1.0
26,39,0,go,1.0,1.0
26,41,0,go,1.0,1.0
26,43,0,go,1.0,1.0
26,45,0,go,1.0,1.0
26,47,0,go,1.0,1.0
26,49,0,go,1.0,1.0
26,51,0,go,1.0,1.0
26,53,0,go,1.0,1.0
26,55,0,go,1.0,1.0
26,57,0,go,1.0,1.0
26,59,0,go,1.0,1.0
26,61,0,go,1.0,1.0
26,63,0,go,1.0,1.0
26,65,0,go,1.0,1.0
26,67,0,go,1.0,1.0
26,69,0,go,1.0,1.0
26,71,0,go,1.0,1.0
26,73,0,go,1.0,1.0
26,75,0,go,1.0,1.0
26,77,0,go,1.0,1.0
26,79,0,go,1.0,1.0
26,81,0,go,1.0,1.0
26,83,0,go,1.0,1.0
26,85,0,go,1.0,1.0
26,87,0,go,1.0,1.0
26,89,0,go,1.0,1.0
26,91,0,go,1.0,1.0
26,93,0,go,1.0,1.0
26,95,0,go,1.0,1.0
26,97,0,go,1.0,1.0
26,99,0,go,1.0,1.0
27,3,1,warning,0.44,0.4312
27,5,0,go,0.64,0.0
27,7,0,go,0.83,0.0
27,9,0,go,0.95,0.0
27,11,0,go,0.97,0.0
27,13,0,go,0.98,1.0
27,15,0,go,1.0,1.0
27,17,0,go,1.0,1.0
27,19,0,go,1.0,1.0
27,21,0,go,1.0,1.0
27,23,0,go,1.0,1.0
27,25,0,go,1.0,1.0
27,27,0,go,1.0,1.0
27,29,0,go,1.0,1.0
27,31,0,go,1.0,1.0
27,33,0,go,1.0,1.0
27,35,0,go,1.0,1.0
27,37,0,go,1.0,1.0
27,39,0,go,1.0,1.0
27,41,0,go,1.0,1.0
27,43,0,go,1.0,1.0
27,45,0,go,1.0,1.0
27,47,0,go,1.0,1.0
27,49,0,go,1.0,1.0
27,51,0,go,1.0,1.0
27,53,0,go,1.0,1.0
27,55,0,go,1.0,1.0
27,57,0,go,1.0,1.0
27,59,0,go,1.0,1.0
27,61,0,go,1.0,1.0
27,63,0,go,1.0,1.0
27,65,0,go,1.0,1.0
27,67,0,go,1.0,1.0
27,69,0,go,1.0,1.0
27,71,0,go,1.0,1.0
27,73,0,go,1.0,1.0
27,75,0,go,1.0,1.0
27,77,0,go,1.0,1.0
27,79,0,go,1.0,1.0
27,81,0,go,1.0,1.0
27,83,0,go,1.0,1.0
27,85,0,go,1.0,1.0
27,87,0,go,1.0,1.0
27,89,0,go,1.0,1.0
27,91,0,go,1.0,1.0
27,93,0,go,1.0,1.0
27,95,0,go,1.0,1.0
27,97,0,go,1.0,1.0
27,99,0,go,1.0,1.0
28,3,1,warning,0.48,0.6129
28,5,2,reiterate,0.56,0.4743
28,7,0,go,0.68,0.0
28,9,0,go,0.72,0.0
28,11,0,go,0.77,0.0
28,13,0,go,0.82,0.0
28,15,0,go,0.88,0.0
28,17,0,go,0.93,0.0
28,19,0,go,0.99,0.0
28,21,0,go,1.0,0.0
28,23,0,go,1.0,1.0
28,25,0,go,1.0,1.0
28,27,0,go,1.0,1.0
28,29,0,go,1.0,1.0
28,31,0,go,1.0,1.0
28,33,0,go,1.0,1.0
28,35,0,go,1.0,1.0
28,37,0,go,1.0,1.0
28,39,0,go,1.0,1.0
28,41,0,go,1.0,1.0
28,43,0,go,1.0,1.0
28,45,0,go,1.0,1.0
28,47,0,go,1.0,1.0
28,49,0,go,1.0,1.0
28,51,0,go,1.0,1.0
28,53,0,go,1.0,1.0
28,55,0,go,1.0,1.0
28,57,0,go,1.0,1.0
28,59,0,go,1.0,1.0
28,61,0,go,1.0,1.0
28,63,0,go,1.0,1.0
28,65,0,go,1.0,1.0
28,67,0,go,1.0,1.0
28,69,0,go,1.0,1.0
28,71,0,go,1.0,1.0
28,73,0,go,1.0,1.0
28,75,0,go,1.0,1.0
28,77,0,go,1.0,1.0
28,79,0,go,1.0,1.0
28,81,0,go,1.0,1.0
28,83,0,go,1.0,1.0
28,85,0,go,1.0,1.0
28,87,0,go,1.0,1.0
28,89,0,go,1.0,1.0
28,91,0,go,1.0,1.0
28,93,0,go,1.0,1.0
28,95,0,go,1.0,1.0
28,97,0,go,1.0,1.0
28,99,0,go,1.0,1.0
29,3,1,warning,0.2,0.5046
29,5,1,warning,0.29,1.0
29,7,2,reiterate,0.3,1.1061
29,9,2,reiterate,0.24,1.2001
29,11,2,reiterate,0.19,1.3773
29,13,2,reiterate,0.11,1.4695
29,15,2,reiterate,0.03,1.5275
29,17,2,reiterate,0.01,1.496
29,19,2,reiterate,0.01,1.498
29,21,2,reiterate,0.0,1.509
29,23,2,reiterate,0.0,1.5
29,25,2,reiterate,0.0,1.5
29,27,2,reiterate,0.0,1.5
29,29,2,reiterate,0.0,1.5
29,31,2,reiterate,0.0,1.5
29,33,2,reiterate,0.0,1.5
29,35,2,reiterate,0.0,1.5
29,37,2,reiterate,0.0,1.5
29,39,2,reiterate,0.0,1.5
29,41,2,reiterate,0.0,1.5
29,43,2,reiterate,0.0,1.5
29,45,2,reiterate,0.0,1.5
29,47,2,reiterate,0.0,1.5
29,49,2,reiterate,0.0,1.5
29,51,2,reiterate,0.0,1.5
29,53,2,reiterate,0.0,1.5
29,55,2,reiterate,0.0,1.5
29,57,2,reiterate,0.0,1.5
29,59,2,reiterate,0.0,1.5
29,61,2,reiterate,0.0,1.5
29,63,2,reiterate,0.0,1.5
29,65,2,reiterate,0.0,1.5
29,67,2,reiterate,0.0,1.5
29,69,2,reiterate,0.0,1.5
29,71,2,reiterate,0.0,1.5
29,73,2,reiterate,0.0,1.5
29,75,2,reiterate,0.0,1.5
29,77,2,reiterate,0.0,1.5
29,79,2,reiterate,0.0,1.5
29,81,2,reiterate,0.0,1.5
29,83,2,reiterate,0.0,1.5
29,85,2,reiterate,0.0,1.5
29,87,2,reiterate,0.0,1.5
29,89,2,reiterate,0.0,1.5
29,91,2,reiterate,0.0,1.5
29,93,2,reiterate,0.0,1.5
29,95,2,reiterate,0.0,1.5
29,97,2,reiterate,0.0,1.5
29,99,2,reiterate,0.0,1.5
30,3,1,warning,0.5,0.3197
30,5,0,go,0.69,0.0
30,7,0,go,0.88,0.0
30,9,0,go,0.93,0.0
30,11,0,go,0.94,1.0
30,13,0,go,0.99,0.0
30,15,0,go,0.99,1.0
30,17,0,go,1.0,1.0
30,19,0,go,1.0,1.0
30,21,0,go,1.0,1.0
30,23,0,go,1.0,1.0
30,25,0,go,1.0,1.0
30,27,0,go,1.0,1.0
30,29,0,go,1.0,1.0
30,31,0,go,1.0,1.0
30,33,0,go,1.0,1.0
30,35,0,go,1.0,1.0
30,37,0,go,1.0,1.0
30,39,0,go,1.0,1.0
30,41,0,go,1.0,1.0
30,43,0,go,1.0,1.0
30,45,0,go,1.0,1.0
30,47,0,go,1.0,1.0
30,49,0,go,1.0,1.0
30,51,0,go,1.0,1.0
30,53,0,go,1.0,1.0
30,55,0,go,1.0,1.0
30,57,0,go,1.0,1.0
30,59,0,go,1.0,1.0
30,61,0,go,1.0,1.0
30,63,0,go,1.0,1.0
30,65,0,go,1.0,1.0
30,67,0,go,1.0,1.0
30,69,0,go,1.0,1.0
30,71,0,go,1.0,1.0
30,73,0,go,1.0,1.0
30,75,0,go,1.0,1.0
30,77,0,go,1.0,1.0
30,79,0,go,1.0,1.0
30,81,0,go,1.0,1.0
30,83,0,go,1.0,1.0
30,85,0,go,1.0,1.0
30,87,0,go,1.0,1.0
30,89,0,go,1.0,1.0
30,91,0,go,1.0,1.0
30,93,0,go,1.0,1.0
30,95,0,go,1.0,1.0
30,97,0,go,1.0,1.0
30,99,0,go,1.0,1.0
31,3,1,warning,0.55,0.422
31,5,0,go,0.65,0.0
31,7,0,go,0.82,0.0
31,9,0,go,0.89,0.0
31,11,0,go,0.94,0.0
31,13,0,go,0.96,0.0
31,15,0,go,1.0,1.0
31,17,0,go,1.0,1.0
31,19,0,go,1.0,1.0
31,21,0,go,1.0,1.0
31,23,0,go,1.0,1.0
31,25,0,go,1.0,1.0
31,27,0,go,1.0,1.0
31,29,0,go,1.0,1.0
31,31,0,go,1.0,1.0
31,33,0,go,1.0,1.0
31,35,0,go,1.0,1.0
31,37,0,go,1.0,1.0
31,39,0,go,1.0,1.0
31,41,0,go,1.0,1.0
31,43,0,go,1.0,1.0
31,45,0,go,1.0,1.0
31,47,0,go,1.0,1.0
31,49,0,go,1.0,1.0
31,51,0,go,1.0,1.0
31,53,0,go,1.0,1.0
31,55,0,go,1.0,1.0
31,57,0,go,1.0,1.0
31,59,0,go,1.0,1.0
31,61,0,go,1.0,1.0
31,63,0,go,1.0,1.0
31,65,0,go,1.0,1.0
31,67,0,go,1.0,1.0
31,69,0,go,1.0,1.0
31,71,0,go,1.0,1.0
31,73,0,go,1.0,1.0
31,75,0,go,1.0,1.0
31,77,0,go,1.0,1.0
31,79,0,go,1.0,1.0
31,81,0,go,1.0,1.0
31,83,0,go,1.0,1.0
31,85,0,go,1.0,1.0
31,87,0,go,1.0,1.0
31,89,0,go,1.0,1.0
31,91,0,go,1.0,1.0
31,93,0,go,1.0,1.0
31,95,0,go,1.0,1.0
31,97,0,go,1.0,1.0
31,99,0,go,1.0,1.0
32,3,1,warning,0.54,0.4763
32,5,2,reiterate,0.66,0.413
32,7,0,go,0.86,0.0
32,9,0,go,0.94,0.0
32,11,0,go,0.95,1.0
32,13,0,go,0.97,0.0
32,15,0,go,1.0,1.0
32,17,0,go,1.0,1.0
32,19,0,go,1.0,1.0
32,21,0,go,1.0,1.0
32,23,0,go,1.0,1.0
32,25,0,go,1.0,1.0
32,27,0,go,1.0,1.0
32,29,0,go,1.0,1.0
32,31,0,go,1.0,1.0
32,33,0,go,1.0,1.0
32,35,0,go,1.0,1.0
32,37,0,go,1.0,1.0
32,39,0,go,1.0,1.0
32,41,0,go,1.0,1.0
32,43,0,go,1.0,1.0
32,45,0,go,1.0,1.0
32,47,0,go,1.0,1.0
32,49,0,go,1.0,1.0
32,51,0,go,1.0,1.0
32,53,0,go,1.0,1.0
32,55,0,go,1.0,1.0
32,57,0,go,1.0,1.0
32,59,0,go,1.0,1.0
32,61,0,go,1.0,1.0
32,63,0,go,1.0,1.0
32,65,0,go,1.0,1.0
32,67,0,go,1.0,1.0
32,69,0,go,1.0,1.0
32,71,0,go,1.0,1.0
32,73,0,go,1.0,1.0
32,75,0,go,1.0,1.0
32,77,0,go,1.0,1.0
32,79,0,go,1.0,1.0
32,81,0,go,1.0,1.0
32,83,0,go,1.0,1.0
32,85,0,go,1.0,1.0
32,87,0,go,1.0,1.0
32,89,0,go,1.0,1.0
32,91,0,go,1.0,1.0
32,93,0,go,1.0,1.0
32,95,0,go,1.0,1.0
32,97,0,go,1.0,1.0
32,99,0,go,1.0,1.0
33,3,1,warning,0.35,0.4776
33,5,2,reiterate,0.49,0.4525
33,7,0,go,0.6,0.0
33,9,0,go,0.7,0.0
33,11,0,go,0.73,0.0
33,13,0,go,0.79,0.0
33,15,0,go,0.84,0.0
33,17,0,go,0.92,1.0
33,19,0,go,0.95,0.0
33,21,0,go,0.99,0.0
33,23,0,go,1.0,0.0
33,25,0,go,1.0,1.0
33,27,0,go,1.0,1.0
33,29,0,go,1.0,1.0
33,31,0,go,1.0,1.0
33,33,0,go,1.0,1.0
33,35,0,go,1.0,1.0
33,37,0,go,1.0,1.0
33,39,0,go,1.0,1.0
33,41,0,go,1.0,1.0
33,43,0,go,1.0,1.0
33,45,0,go,1.0,1.0
33,47,0,go,1.0,1.0
33,49,0,go,1.0,1.0
33,51,0,go,1.0,1.0
33,53,0,go,1.0,1.0
33,55,0,go,1.0,1.0
33,57,0,go,1.0,1.0
33,59,0,go,1.0,1.0
33,61,0,go,1.0,1.0
33,63,0,go,1.0,1.0
33,65,0,go,1.0,1.0
33,67,0,go,1.0,1.0
33,69,0,go,1.0,1.0
33,71,0,go,1.0,1.0
33,73,0,go,1.0,1.0
33,75,0,go,1.0,1.0
33,77,0,go,1.0,1.0
33,79,0,go,1.0,1.0
33,81,0,go,1.0,1.0
33,83,0,go,1.0,1.0
33,85,0,go,1.0,1.0
33,87,0,go,1.0,1.0
33,89,0,go,1.0,1.0
33,91,0,go,1.0,1.0
33,93,0,go,1.0,1.0
33,95,0,go,1.0,1.0
33,97,0,go,1.0,1.0
33,99,0,go,1.0,1.0
34,3,1,warning,0.65,0.3397
34,5,0,go,0.78,0.0
34,7,0,go,0.92,0.0
34,9,0,go,0.97,0.0
34,11,0,go,0.99,1.0
34,13,0,go,0.99,1.0
34,15,0,go,1.0,0.0
34,17,0,go,1.0,1.0
34,19,0,go,1.0,1.0
34,21,0,go,1.0,1.0
34,23,0,go,1.0,1.0
34,25,0,go,1.0,1.0
34,27,0,go,1.0,1.0
34,29,0,go,1.0,1.0
34,31,0,go,1.0,1.0
34,33,0,go,1.0,1.0
34,35,0,go,1.0,1.0
34,37,0,go,1.0,1.0
34,39,0,go,1.0,1.0
34,41,0,go,1.0,1.0
34,43,0,go,1.0,1.0
34,45,0,go,1.0,1.0
34,47,0,go,1.0,1.0
34,49,0,go,1.0,1.0
34,51,0,go,1.0,1.0
34,53,0,go,1.0,1.0
34,55,0,go,1.0,1.0
34,57,0,go,1.0,1.0
34,59,0,go,1.0,1.0
34,61,0,go,1.0,1.0
34,63,0,go,1.0,1.0
34,65,0,go,1.0,1.0
34,67,0,go,1.0,1.0
34,69,0,go,1.0,1.0
34,71,0,go,1.0,1.0
34,73,0,go,1.0,1.0
34,75,0,go,1.0,1.0
34,77,0,go,1.0,1.0
34,79,0,go,1.0,1.0
34,81,0,go,1.0,1.0
34,83,0,go,1.0,1.0
34,85,0,go,1.0,1.0
34,87,0,go,1.0,1.0
34,89,0,go,1.0,1.0
34,91,0,go,1.0,1.0
34,93,0,go,1.0,1.0
34,95,0,go,1.0,1.0
34,97,0,go,1.0,1.0
34,99,0,go,1.0,1.0
35,3,1,warning,0.41,0.4412
35,5,2,reiterate,0.63,0.2192
35,7,0,go,0.86,0.0
35,9,0,go,0.93,0.0
35,11,0,go,0.97,0.0
35,13,0,go,0.99,1.0
35,15,0,go,1.0,0.0
35,17,0,go,1.0,1.0
35,19,0,go,1.0,1.0
35,21,0,go,1.0,1.0
35,23,0,go,1.0,1.0
35,25,0,go,1.0,1.0
35,27,0,go,1.0,1.0
35,29,0,go,1.0,1.0
35,31,0,go,1.0,1.0
35,33,0,go,1.0,1.0
35,35,0,go,1.0,1.0
35,37,0,go,1.0,1.0
35,39,0,go,1.0,1.0
35,41,0,go,1.0,1.0
35,43,0,go,1.0,1.0
35,45,0,go,1.0,1.0
35,47,0,go,1.0,1.0
35,49,0,go,1.0,1.0
35,51,0,go,1.0,1.0
35,53,0,go,1.0,1.0
35,55,0,go,1.0,1.0
35,57,0,go,1.0,1.0
35,59,0,go,1.0,1.0
35,61,0,go,1.0,1.0
35,63,0,go,1.0,1.0
35,65,0,go,1.0,1.0
35,67,0,go,1.0,1.0
35,69,0,go,1.0,1.0
35,71,0,go,1.0,1.0
35,73,0,go,1.0,1.0
35,75,0,go,1.0,1.0
35,77,0,go,1.0,1.0
35,79,0,go,1.0,1.0
35,81,0,go,1.0,1.0
35,83,0,go,1.0,1.0
35,85,0,go,1.0,1.0
35,87,0,go,1.0,1.0
35,89,0,go,1.0,1.0
35,91,0,go,1.0,1.0
35,93,0,go,1.0,1.0
35,95,0,go,1.0,1.0
35,97,0,go,1.0,1.0
35,99,0,go,1.0,1.0
36,3,1,warning,0.52,0.4635
36,5,2,reiterate,0.68,0.2959
36,7,0,go,0.88,0.0
36,9,0,go,0.94,0.0
36,11,0,go,0.95,1.0
36,13,0,go,0.98,0.0
36,15,0,go,1.0,1.0
36,17,0,go,1.0,1.0
36,19,0,go,1.0,1.0
36,21,0,go,1.0,1.0
36,23,0,go,1.0,1.0
36,25,0,go,1.0,1.0
36,27,0,go,1.0,1.0
36,29,0,go,1.0,1.0
36,31,0,go,1.0,1.0
36,33,0,go,1.0,1.0
36,35,0,go,1.0,1.0
36,37,0,go,1.0,1.0
36,39,0,go,1.0,1.0
36,41,0,go,1.0,1.0
36,43,0,go,1.0,1.0
36,45,0,go,1.0,1.0
36,47,0,go,1.0,1.0
36,49,0,go,1.0,1.0
36,51,0,go,1.0,1.0
36,53,0,go,1.0,1.0
36,55,0,go,1.0,1.0
36,57,0,go,1.0,1.0
36,59,0,go,1.0,1.0
36,61,0,go,1.0,1.0
36,63,0,go,1.0,1.0
36,65,0,go,1.0,1.0
36,67,0,go,1.0,1.0
36,69,0,go,1.0,1.0
36,71,0,go,1.0,1.0
36,73,0,go,1.0,1.0
36,75,0,go,1.0,1.0
36,77,0,go,1.0,1.0
36,79,0,go,1.0,1.0
36,81,0,go,1.0,1.0
36,83,0,go,1.0,1.0
36,85,0,go,1.0,1.0
36,87,0,go,1.0,1.0
36,89,0,go,1.0,1.0
36,91,0,go,1.0,1.0
36,93,0,go,1.0,1.0
36,95,0,go,1.0,1.0
36,97,0,go,1.0,1.0
36,99,0,go,1.0,1.0
37,3,1,warning,0.46,0.444
37,5,2,reiterate,0.6,0.3409
37,7,0,go,0.71,0.0
37,9,0,go,0.82,0.0
37,11,0,go,0.89,0.0
37,13,0,go,0.94,0.0
37,15,0,go,0.98,0.0
37,17,0,go,1.0,0.0
37,19,0,go,1.0,1.0
37,21,0,go,1.0,1.0
37,23,0,go,1.0,1.0
37,25,0,go,1.0,1.0
37,27,0,go,1.0,1.0
37,29,0,go,1.0,1.0
37,31,0,go,1.0,1.0
37,33,0,go,1.0,1.0
37,35,0,go,1.0,1.0
37,37,0,go,1.0,1.0
37,39,0,go,1.0,1.0
37,41,0,go,1.0,1.0
37,43,0,go,1.0,1.0
37,45,0,go,1.0,1.0
37,47,0,go,1.0,1.0
37,49,0,go,1.0,1.0
37,51,0,go,1.0,1.0
37,53,0,go,1.0,1.0
37,55,0,go,1.0,1.0
37,57,0,go,1.0,1.0
37,59,0,go,1.0,1.0
37,61,0,go,1.0,1.0
37,63,0,go,1.0,1.0
37,65,0,go,1.0,1.0
37,67,0,go,1.0,1.0
37,69,0,go,1.0,1.0
37,71,0,go,1.0,1.0
37,73,0,go,1.0,1.0
37,75,0,go,1.0,1.0
37,77,0,go,1.0,1.0
37,79,0,go,1.0,1.0
37,81,0,go,1.0,1.0
37,83,0,go,1.0,1.0
37,85,0,go,1.0,1.0
37,87,0,go,1.0,1.0
37,89,0,go,1.0,1.0
37,91,0,go,1.0,1.0
37,93,0,go,1.0,1.0
37,95,0,go,1.0,1.0
37,97,0,go,1.0,1.0
37,99,0,go,1.0,1.0
38,3,1,warning,0.43,0.5314
38,5,2,reiterate,0.63,0.3678
38,7,0,go,0.84,0.0
38,9,0,go,0.91,0.0
38,11,0,go,0.96,0.0
38,13,0,go,0.99,0.0
38,15,0,go,0.99,1.0
38,17,0,go,1.0,1.0
38,19,0,go,1.0,1.0
38,21,0,go,1.0,1.0
38,23,0,go,1.0,1.0
38,25,0,go,1.0,1.0
38,27,0,go,1.0,1.0
38,29,0,go,1.0,1.0
38,31,0,go,1.0,1.0
38,33,0,go,1.0,1.0
38,35,0,go,1.0,1.0
38,37,0,go,1.0,1.0
38,39,0,go,1.0,1.0
38,41,0,go,1.0,1.0
38,43,0,go,1.0,1.0
38,45,0,go,1.0,1.0
38,47,0,go,1.0,1.0
38,49,0,go,1.0,1.0
38,51,0,go,1.0,1.0
38,53,0,go,1.0,1.0
38,55,0,go,1.0,1.0
38,57,0,go,1.0,1.0
38,59,0,go,1.0,1.0
38,61,0,go,1.0,1.0
38,63,0,go,1.0,1.0
38,65,0,go,1.0,1.0
38,67,0,go,1.0,1.0
38,69,0,go,1.0,1.0
38,71,0,go,1.0,1.0
38,73,0,go,1.0,1.0
38,75,0,go,1.0,1.0
38,77,0,go,1.0,1.0
38,79,0,go,1.0,1.0
38,81,0,go,1.0,1.0
38,83,0,go,1.0,1.0
38,85,0,go,1.0,1.0
38,87,0,go,1.0,1.0
38,89,0,go,1.0,1.0
38,91,0,go,1.0,1.0
38,93,0,go,1.0,1.0
38,95,0,go,1.0,1.0
38,97,0,go,1.0,1.0
38,99,0,go,1.0,1.0
39,3,1,warning,0.48,0.4496
39,5,0,go,0.63,0.0
39,7,0,go,0.74,0.0
39,9,0,go,0.84,0.0
39,11,0,go,0.92,0.0
39,13,0,go,0.93,0.0
39,15,0,go,0.98,0.0
39,17,0,go,1.0,1.0
39,19,0,go,1.0,1.0
39,21,0,go,1.0,1.0
39,23,0,go,1.0,1.0
39,25,0,go,1.0,1.0
39,27,0,go,1.0,1.0
39,29,0,go,1.0,1.0
39,31,0,go,1.0,1.0
39,33,0,go,1.0,1.0
39,35,0,go,1.0,1.0
39,37,0,go,1.0,1.0
39,39,0,go,1.0,1.0
39,41,0,go,1.0,1.0
39,43,0,go,1.0,1.0
39,45,0,go,1.0,1.0
39,47,0,go,1.0,1.0
39,49,0,go,1.0,1.0
39,51,0,go,1.0,1.0
39,53,0,go,1.0,1.0
39,55,0,go,1.0,1.0
39,57,0,go,1.0,1.0
39,59,0,go,1.0,1.0
39,61,0,go,1.0,1.0
39,63,0,go,1.0,1.0
39,65,0,go,1.0,1.0
39,67,0,go,1.0,1.0
39,69,0,go,1.0,1.0
39,71,0,go,1.0,1.0
39,73,0,go,1.0,1.0
39,75,0,go,1.0,1.0
39,77,0,go,1.0,1.0
39,79,0,go,1.0,1.0
39,81,0,go,1.0,1.0
39,83,0,go,1.0,1.0
39,85,0,go,1.0,1.0
39,87,0,go,1.0,1.0
39,89,0,go,1.0,1.0
39,91,0,go,1.0,1.0
39,93,0,go,1.0,1.0
39,95,0,go,1.0,1.0
39,97,0,go,1.0,1.0
39,99,0,go,1.0,1.0
40,3,1,warning,0.67,0.1905
40,5,0,go,0.76,0.0
40,7,0,go,0.92,0.0
40,9,0,go,0.97,0.0
40,11,0,go,0.99,1.0
40,13,0,go,0.99,1.0
40,15,0,go,1.0,1.0
40,17,0,go,1.0,1.0
40,19,0,go,1.0,1.0
40,21,0,go,1.0,1.0
40,23,0,go,1.0,1.0
40,25,0,go,1.0,1.0
40,27,0,go,1.0,1.0
40,29,0,go,1.0,1.0
40,31,0,go,1.0,1.0
40,33,0,go,1.0,1.0
40,35,0,go,1.0,1.0
40,37,0,go,1.0,1.0
40,39,0,go,1.0,1.0
40,41,0,go,1.0,1.0
40,43,0,go,1.0,1.0
40,45,0,go,1.0,1.0
40,47,0,go,1.0,1.0
40,49,0,go,1.0,1.0
40,51,0,go,1.0,1.0
40,53,0,go,1.0,1.0
40,55,0,go,1.0,1.0
40,57,0,go,1.0,1.0
40,59,0,go,1.0,1.0
40,61,0,go,1.0,1.0
40,63,0,go,1.0,1.0
40,65,0,go,1.0,1.0
40,67,0,go,1.0,1.0
40,69,0,go,1.0,1.0
40,71,0,go,1.0,1.0
40,73,0,go,1.0,1.0
40,75,0,go,1.0,1.0
40,77,0,go,1.0,1.0
40,79,0,go,1.0,1.0
40,81,0,go,1.0,1.0
40,83,0,go,1.0,1.0
40,85,0,go,1.0,1.0
40,87,0,go,1.0,1.0
40,89,0,go,1.0,1.0
40,91,0,go,1.0,1.0
40,93,0,go,1.0,1.0
40,95,0,go,1.0,1.0
40,97,0,go,1.0,1.0
40,99,0,go,1.0,1.0
41,3,1,warning,0.57,0.3023
41,5,0,go,0.75,0.0
41,7,0,go,0.87,0.0
41,9,0,go,0.97,0.0
41,11,0,go,0.99,1.0
41,13,0,go,0.99,1.0
41,15,0,go,1.0,0.0
41,17,0,go,1.0,1.0
41,19,0,go,1.0,1.0
41,21,0,go,1.0,1.0
41,23,0,go,1.0,1.0
41,25,0,go,1.0,1.0
41,27,0,go,1.0,1.0
41,29,0,go,1.0,1.0
41,31,0,go,1.0,1.0
41,33,0,go,1.0,1.0
41,35,0,go,1.0,1.0
41,37,0,go,1.0,1.0
41,39,0,go,1.0,1.0
41,41,0,go,1.0,1.0
41,43,0,go,1.0,1.0
41,45,0,go,1.0,1.0
41,47,0,go,1.0,1.0
41,49,0,go,1.0,1.0
41,51,0,go,1.0,1.0
41,53,0,go,1.0,1.0
41,55,0,go,1.0,1.0
41,57,0,go,1.0,1.0
41,59,0,go,1.0,1.0
41,61,0,go,1.0,1.0
41,63,0,go,1.0,1.0
41,65,0,go,1.0,1.0
41,67,0,go,1.0,1.0
41,69,0,go,1.0,1.0
41,71,0,go,1.0,1.0
41,73,0,go,1.0,1.0
41,75,0,go,1.0,1.0
41,77,0,go,1.0,1.0
41,79,0,go,1.0,1.0
41,81,0,go,1.0,1.0
41,83,0,go,1.0,1.0
41,85,0,go,1.0,1.0
41,87,0,go,1.0,1.0
41,89,0,go,1.0,1.0
41,91,0,go,1.0,1.0
41,93,0,go,1.0,1.0
41,95,0,go,1.0,1.0
41,97,0,go,1.0,1.0
41,99,0,go,1.0,1.0
42,3,1,warning,0.31,0.6908
42,5,2,reiterate,0.31,1.3046
42,7,2,reiterate,0.27,1.3683
42,9,2,reiterate,0.2,1.4599
42,11,2,reiterate,0.16,1.476
42,13,2,reiterate,0.11,1.4939
42,15,2,reiterate,0.02,1.5279
42,17,2,reiterate,0.01,1.4965
42,19,2,reiterate,0.01,1.498
42,21,2,reiterate,0.0,1.509
42,23,2,reiterate,0.0,1.5
42,25,2,reiterate,0.0,1.5
42,27,2,reiterate,0.0,1.5
42,29,2,reiterate,0.0,1.5
42,31,2,reiterate,0.0,1.5
42,33,2,reiterate,0.0,1.5
42,35,2,reiterate,0.0,1.5
42,37,2,reiterate,0.0,1.5
42,39,2,reiterate,0.0,1.5
42,41,2,reiterate,0.0,1.5
42,43,2,reiterate,0.0,1.5
42,45,2,reiterate,0.0,1.5
42,47,2,reiterate,0.0,1.5
42,49,2,reiterate,0.0,1.5
42,51,2,reiterate,0.0,1.5
42,53,2,reiterate,0.0,1.5
42,55,2,reiterate,0.0,1.5
42,57,2,reiterate,0.0,1.5
42,59,2,reiterate,0.0,1.5
42,61,2,reiterate,0.0,1.5
42,63,2,reiterate,0.0,1.5
42,65,2,reiterate,0.0,1.5
42,67,2,reiterate,0.0,1.5
42,69,2,reiterate,0.0,1.5
42,71,2,reiterate,0.0,1.5
42,73,2,reiterate,0.0,1.5
42,75,2,reiterate,0.0,1.5
42,77,2,reiterate,0.0,1.5
42,79,2,reiterate,0.0,1.5
42,81,2,reiterate,0.0,1.5
42,83,2,reiterate,0.0,1.5
42,85,2,reiterate,0.0,1.5
42,87,2,reiterate,0.0,1.5
42,89,2,reiterate,0.0,1.5
42,91,2,reiterate,0.0,1.5
42,93,2,reiterate,0.0,1.5
42,95,2,reiterate,0.0,1.5
42,97,2,reiterate,0.0,1.5
42,99,2,reiterate,0.0,1.5
43,3,1,warning,0.59,0.2926
43,5,0,go,0.73,0.0
43,7,0,go,0.96,0.0
43,9,0,go,0.99,1.0
43,11,0,go,0.99,1.0
43,13,0,go,0.99,1.0
43,15,0,go,1.0,1.0
43,17,0,go,1.0,1.0
43,19,0,go,1.0,1.0
43,21,0,go,1.0,1.0
43,23,0,go,1.0,1.0
43,25,0,go,1.0,1.0
43,27,0,go,1.0,1.0
43,29,0,go,1.0,1.0
43,31,0,go,1.0,1.0
43,33,0,go,1.0,1.0
43,35,0,go,1.0,1.0
43,37,0,go,1.0,1.0
43,39,0,go,1.0,1.0
43,41,0,go,1.0,1.0
43,43,0,go,1.0,1.0
43,45,0,go,1.0,1.0
43,47,0,go,1.0,1.0
43,49,0,go,1.0,1.0
43,51,0,go,1.0,1.0
43,53,0,go,1.0,1.0
43,55,0,go,1.0,1.0
43,57,0,go,1.0,1.0
43,59,0,go,1.0,1.0
43,61,0,go,1.0,1.0
43,63,0,go,1.0,1.0
43,65,0,go,1.0,1.0
43,67,0,go,1.0,1.0
43,69,0,go,1.0,1.0
43,71,0,go,1.0,1.0
43,73,0,go,1.0,1.0
43,75,0,go,1.0,1.0
43,77,0,go,1.0,1.0
43,79,0,go,1.0,1.0
43,81,0,go,1.0,1.0
43,83,0,go,1.0,1.0
43,85,0,go,1.0,1.0
43,87,0,go,1.0,1.0
43,89,0,go,1.0,1.0
43,91,0,go,1.0,1.0
43,93,0,go,1.0,1.0
43,95,0,go,1.0,1.0
43,97,0,go,1.0,1.0
43,99,0,go,1.0,1.0
44,3,1,warning,0.47,0.4795
44,5,2,reiterate,0.62,0.221
44,7,0,go,0.82,0.0
44,9,0,go,0.89,0.0
44,11,0,go,0.94,0.0
44,13,0,go,0.98,0.0
44,15,0,go,0.99,0.0
44,17,0,go,1.0,1.0
44,19,0,go,1.0,1.0
44,21,0,go,1.0,1.0
44,23,0,go,1.0,1.0
44,25,0,go,1.0,1.0
44,27,0,go,1.0,1.0
44,29,0,go,1.0,1.0
44,31,0,go,1.0,1.0
44,33,0,go,1.0,1.0
44,35,0,go,1.0,1.0
44,37,0,go,1.0,1.0
44,39,0,go,1.0,1.0
44,41,0,go,1.0,1.0
44,43,0,go,1.0,1.0
44,45,0,go,1.0,1.0
44,47,0,go,1.0,1.0
44,49,0,go,1.0,1.0
44,51,0,go,1.0,1.0
44,53,0,go,1.0,1.0
44,55,0,go,1.0,1.0
44,57,0,go,1.0,1.0
44,59,0,go,1.0,1.0
44,61,0,go,1.0,1.0
44,63,0,go,1.0,1.0
44,65,0,go,1.0,1.0
44,67,0,go,1.0,1.0
44,69,0,go,1.0,1.0
44,71,0,go,1.0,1.0
44,73,0,go,1.0,1.0
44,75,0,go,1.0,1.0
44,77,0,go,1.0,1.0
44,79,0,go,1.0,1.0
44,81,0,go,1.0,1.0
44,83,0,go,1.0,1.0
44,85,0,go,1.0,1.0
44,87,0,go,1.0,1.0
44,89,0,go,1.0,1.0
44,91,0,go,1.0,1.0
44,93,0,go,1.0,1.0
44,95,0,go,1.0,1.0
44,97,0,go,1.0,1.0
44,99,0,go,1.0,1.0
45,3,1,warning,0.2,0.6309
45,5,2,reiterate,0.25,0.6474
45,7,2,reiterate,0.23,1.2221
45,9,2,reiterate,0.17,1.3266
45,11,2,reiterate,0.09,1.4118
45,13,2,reiterate,0.05,1.3965
45,15,2,reiterate,0.02,1.503
45,17,2,reiterate,0.01,1.507
45,19,2,reiterate,0.0,1.5095
45,21,2,reiterate,0.0,1.5
45,23,2,reiterate,0.0,1.5
45,25,2,reiterate,0.0,1.5
45,27,2,reiterate,0.0,1.5
45,29,2,reiterate,0.0,1.5
45,31,2,reiterate,0.0,1.5
45,33,2,reiterate,0.0,1.5
45,35,2,reiterate,0.0,1.5
45,37,2,reiterate,0.0,1.5
45,39,2,reiterate,0.0,1.5
45,41,2,reiterate,0.0,1.5
45,43,2,reiterate,0.0,1.5
45,45,2,reiterate,0.0,1.5
45,47,2,reiterate,0.0,1.5
45,49,2,reiterate,0.0,1.5
45,51,2,reiterate,0.0,1.5
45,53,2,reiterate,0.0,1.5
45,55,2,reiterate,0.0,1.5
45,57,2,reiterate,0.0,1.5
45,59,2,reiterate,0.0,1.5
45,61,2,reiterate,0.0,1.5
45,63,2,reiterate,0.0,1.5
45,65,2,reiterate,0.0,1.5
45,67,2,reiterate,0.0,1.5
45,69,2,reiterate,0.0,1.5
45,71,2,reiterate,0.0,1.5
45,73,2,reiterate,0.0,1.5
45,75,2,reiterate,0.0,1.5
45,77,2,reiterate,0.0,1.5
45,79,2,reiterate,0.0,1.5
45,81,2,reiterate,0.0,1.5
45,83,2,reiterate,0.0,1.5
45,85,2,reiterate,0.0,1.5
45,87,2,reiterate,0.0,1.5
45,89,2,reiterate,0.0,1.5
45,91,2,reiterate,0.0,1.5
45,93,2,reiterate,0.0,1.5
45,95,2,reiterate,0.0,1.5
45,97,2,reiterate,0.0,1.5
45,99,2,reiterate,0.0,1.5
46,3,1,warning,0.55,0.5148
46,5,2,reiterate,0.7,0.3504
46,7,0,go,0.84,0.0
46,9,0,go,0.92,0.0
46,11,0,go,0.94,0.0
46,13,0,go,0.95,1.0
46,15,0,go,1.0,0.0
46,17,0,go,1.0,1.0
46,19,0,go,1.0,1.0
46,21,0,go,1.0,1.0
46,23,0,go,1.0,1.0
46,25,0,go,1.0,1.0
46,27,0,go,1.0,1.0
46,29,0,go,1.0,1.0
46,31,0,go,1.0,1.0
46,33,0,go,1.0,1.0
46,35,0,go,1.0,1.0
46,37,0,go,1.0,1.0
46,39,0,go,1.0,1.0
46,41,0,go,1.0,1.0
46,43,0,go,1.0,1.0
46,45,0,go,1.0,1.0
46,47,0,go,1.0,1.0
46,49,0,go,1.0,1.0
46,51,0,go,1.0,1.0
46,53,0,go,1.0,1.0
46,55,0,go,1.0,1.0
46,57,0,go,1.0,1.0
46,59,0,go,1.0,1.0
46,61,0,go,1.0,1.0
46,63,0,go,1.0,1.0
46,65,0,go,1.0,1.0
46,67,0,go,1.0,1.0
46,69,0,go,1.0,1.0
46,71,0,go,1.0,1.0
46,73,0,go,1.0,1.0
46,75,0,go,1.0,1.0
46,77,0,go,1.0,1.0
46,79,0,go,1.0,1.0
46,81,0,go,1.0,1.0
46,83,0,go,1.0,1.0
46,85,0,go,1.0,1.0
46,87,0,go,1.0,1.0
46,89,0,go,1.0,1.0
46,91,0,go,1.0,1.0
46,93,0,go,1.0,1.0
46,95,0,go,1.0,1.0
46,97,0,go,1.0,1.0
46,99,0,go,1.0,1.0
47,3,1,warning,0.54,0.3278
47,5,0,go,0.64,0.0
47,7,0,go,0.84,0.0
47,9,0,go,0.91,0.0
47,11,0,go,0.93,0.0
47,13,0,go,0.96,1.0
47,15,0,go,0.99,0.0
47,17,0,go,1.0,1.0
47,19,0,go,1.0,1.0
47,21,0,go,1.0,1.0
47,23,0,go,1.0,1.0
47,25,0,go,1.0,1.0
47,27,0,go,1.0,1.0
47,29,0,go,1.0,1.0
47,31,0,go,1.0,1.0
47,33,0,go,1.0,1.0
47,35,0,go,1.0,1.0
47,37,0,go,1.0,1.0
47,39,0,go,1.0,1.0
47,41,0,go,1.0,1.0
47,43,0,go,1.0,1.0
47,45,0,go,1.0,1.0
47,47,0,go,1.0,1.0
47,49,0,go,1.0,1.0
47,51,0,go,1.0,1.0
47,53,0,go,1.0,1.0
47,55,0,go,1.0,1.0
47,57,0,go,1.0,1.0
47,59,0,go,1.0,1.0
47,61,0,go,1.0,1.0
47,63,0,go,1.0,1.0
47,65,0,go,1.0,1.0
47,67,0,go,1.0,1.0
47,69,0,go,1.0,1.0
47,71,0,go,1.0,1.0
47,73,0,go,1.0,1.0
47,75,0,go,1.0,1.0
47,77,0,go,1.0,1.0
47,79,0,go,1.0,1.0
47,81,0,go,1.0,1.0
47,83,0,go,1.0,1.0
47,85,0,go,1.0,1.0
47,87,0,go,1.0,1.0
47,89,0,go,1.0,1.0
47,91,0,go,1.0,1.0
47,93,0,go,1.0,1.0
47,95,0,go,1.0,1.0
47,97,0,go,1.0,1.0
47,99,0,go,1.0,1.0
48,3,1,warning,0.23,0.7305
48,5,2,reiterate,0.25,0.794
48,7,2,reiterate,0.22,1.3716
48,9,2,reiterate,0.16,1.4716
48,11,2,reiterate,0.11,1.4966
48,13,2,reiterate,0.05,1.5135
48,15,2,reiterate,0.01,1.5335
48,17,2,reiterate,0.01,1.498
48,19,2,reiterate,0.0,1.509
48,21,2,reiterate,0.0,1.5
48,23,2,reiterate,0.0,1.5
48,25,2,reiterate,0.0,1.5
48,27,2,reiterate,0.0,1.5
48,29,2,reiterate,0.0,1.5
48,31,2,reiterate,0.0,1.5
48,33,2,reiterate,0.0,1.5
48,35,2,reiterate,0.0,1.5
48,37,2,reiterate,0.0,1.5
48,39,2,reiterate,0.0,1.5
48,41,2,reiterate,0.0,1.5
48,43,2,reiterate,0.0,1.5
48,45,2,reiterate,0.0,1.5
48,47,2,reiterate,0.0,1.5
48,49,2,reiterate,0.0,1.5
48,51,2,reiterate,0.0,1.5
48,53,2,reiterate,0.0,1.5
48,55,2,reiterate,0.0,1.5
48,57,2,reiterate,0.0,1.5
48,59,2,reiterate,0.0,1.5
48,61,2,reiterate,0.0,1.5
48,63,2,reiterate,0.0,1.5
48,65,2,reiterate,0.0,1.5
48,67,2,reiterate,0.0,1.5
48,69,2,reiterate,0.0,1.5
48,71,2,reiterate,0.0,1.5
48,73,2,reiterate,0.0,1.5
48,75,2,reiterate,0.0,1.5
48,77,2,reiterate,0.0,1.5
48,79,2,reiterate,0.0,1.5
48,81,2,reiterate,0.0,1.5
48,83,2,reiterate,0.0,1.5
48,85,2,reiterate,0.0,1.5
48,87,2,reiterate,0.0,1.5
48,89,2,reiterate,0.0,1.5
48,91,2,reiterate,0.0,1.5
48,93,2,reiterate,0.0,1.5
48,95,2,reiterate,0.0,1.5
48,97,2,reiterate,0.0,1.5
48,99,2,reiterate,0.0,1.5
49,3,1,warning,0.53,0.3776
49,5,0,go,0.66,0.0
49,7,0,go,0.82,0.0
49,9,0,go,0.9,0.0
49,11,0,go,0.92,0.0
49,13,0,go,0.95,0.0
49,15,0,go,1.0,0.0
49,17,0,go,1.0,1.0
49,19,0,go,1.0,1.0
49,21,0,go,1.0,1.0
49,23,0,go,1.0,1.0
49,25,0,go,1.0,1.0
49,27,0,go,1.0,1.0
49,29,0,go,1.0,1.0
49,31,0,go,1.0,1.0
49,33,0,go,1.0,1.0
49,35,0,go,1.0,1.0
49,37,0,go,1.0,1.0
49,39,0,go,1.0,1.0
49,41,0,go,1.0,1.0
49,43,0,go,1.0,1.0
49,45,0,go,1.0,1.0
49,47,0,go,1.0,1.0
49,49,0,go,1.0,1.0
49,51,0,go,1.0,1.0
49,53,0,go,1.0,1.0
49,55,0,go,1.0,1.0
49,57,0,go,1.0,1.0
49,59,0,go,1.0,1.0
49,61,0,go,1.0,1.0
49,63,0,go,1.0,1.0
49,65,0,go,1.0,1.0
49,67,0,go,1.0,1.0
49,69,0,go,1.0,1.0
49,71,0,go,1.0,1.0
49,73,0,go,1.0,1.0
49,75,0,go,1.0,1.0
49,77,0,go,1.0,1.0
49,79,0,go,1.0,1.0
49,81,0,go,1.0,1.0
49,83,0,go,1.0,1.0
49,85,0,go,1.0,1.0
49,87,0,go,1.0,1.0
49,89,0,go,1.0,1.0
49,91,0,go,1.0,1.0
49,93,0,go,1.0,1.0
49,95,0,go,1.0,1.0
49,97,0,go,1.0,1.0
49,99,0,go,1.0,1.0
50,3,1,warning,0.84,0.1114
50,5,0,go,0.88,0.0
50,7,0,go,0.94,0.0
50,9,0,go,0.97,1.0
50,11,0,go,0.99,1.0
50,13,0,go,1.0,0.0
50,15,0,go,1.0,1.0
50,17,0,go,1.0,1.0
50,19,0,go,1.0,1.0
50,21,0,go,1.0,1.0
50,23,0,go,1.0,1.0
50,25,0,go,1.0,1.0
50,27,0,go,1.0,1.0
50,29,0,go,1.0,1.0
50,31,0,go,1.0,1.0
50,33,0,go,1.0,1.0
50,35,0,go,1.0,1.0
50,37,0,go,1.0,1.0
50,39,0,go,1.0,1.0
50,41,0,go,1.0,1.0
50,43,0,go,1.0,1.0
50,45,0,go,1.0,1.0
50,47,0,go,1.0,1.0
50,49,0,go,1.0,1.0
50,51,0,go,1.0,1.0
50,53,0,go,1.0,1.0
50,55,0,go,1.0,1.0
50,57,0,go,1.0,1.0
50,59,0,go,1.0,1.0
50,61,0,go,1.0,1.0
50,63,0,go,1.0,1.0
50,65,0,go,1.0,1.0
50,67,0,go,1.0,1.0
50,69,0,go,1.0,1.0
50,71,0,go,1.0,1.0
50,73,0,go,1.0,1.0
50,75,0,go,1.0,1.0
50,77,0,go,1.0,1.0
50,79,0,go,1.0,1.0
50,81,0,go,1.0,1.0
50,83,0,go,1.0,1.0
50,85,0,go,1.0,1.0
50,87,0,go,1.0,1.0
50,89,0,go,1.0,1.0
50,91,0,go,1.0,1.0
50,93,0,go,1.0,1.0
50,95,0,go,1.0,1.0
50,97,0,go,1.0,1.0
50,99,0,go,1.0,1.0
51,3,1,warning,0.4,0.6271
51,5,2,reiterate,0.64,0.4141
51,7,0,go,0.83,0.0
51,9,0,go,0.92,0.0
51,11,0,go,0.97,0.0
51,13,0,go,0.99,0.0
51,15,0,go,0.99,1.0
51,17,0,go,1.0,1.0
51,19,0,go,1.0,1.0
51,21,0,go,1.0,1.0
51,23,0,go,1.0,1.0
51,25,0,go,1.0,1.0
51,27,0,go,1.0,1.0
51,29,0,go,1.0,1.0
51,31,0,go,1.0,1.0
51,33,0,go,1.0,1.0
51,35,0,go,1.0,1.0
51,37,0,go,1.0,1.0
51,39,0,go,1.0,1.0
51,41,0,go,1.0,1.0
51,43,0,go,1.0,1.0
51,45,0,go,1.0,1.0
51,47,0,go,1.0,1.0
51,49,0,go,1.0,1.0
51,51,0,go,1.0,1.0
51,53,0,go,1.0,1.0
51,55,0,go,1.0,1.0
51,57,0,go,1.0,1.0
51,59,0,go,1.0,1.0
51,61,0,go,1.0,1.0
51,63,0,go,1.0,1.0
51,65,0,go,1.0,1.0
51,67,0,go,1.0,1.0
51,69,0,go,1.0,1.0
51,71,0,go,1.0,1.0
51,73,0,go,1.0,1.0
51,75,0,go,1.0,1.0
51,77,0,go,1.0,1.0
51,79,0,go,1.0,1.0
51,81,0,go,1.0,1.0
51,83,0,go,1.0,1.0
51,85,0,go,1.0,1.0
51,87,0,go,1.0,1.0
51,89,0,go,1.0,1.0
51,91,0,go,1.0,1.0
51,93,0,go,1.0,1.0
51,95,0,go,1.0,1.0
51,97,0,go,1.0,1.0
51,99,0,go,1.0,1.0
52,3,1,warning,0.39,0.541
52,5,2,reiterate,0.45,0.4373
52,7,0,go,0.54,0.0
52,9,0,go,0.59,0.0
52,11,0,go,0.59,1.0
52,13,0,go,0.64,0.0
52,15,0,go,0.69,0.0
52,17,0,go,0.7,1.0
52,19,0,go,0.72,0.0
52,21,0,go,0.75,0.0
52,23,0,go,0.83,0.0
52,25,0,go,0.83,1.0
52,27,0,go,0.91,0.0
52,29,0,go,0.96,0.0
52,31,0,go,0.97,1.0
52,33,0,go,0.98,0.0
52,35,0,go,0.99,1.0
52,37,0,go,1.0,1.0
52,39,0,go,1.0,1.0
52,41,0,go,1.0,1.0
52,43,0,go,1.0,1.0
52,45,0,go,1.0,1.0
52,47,0,go,1.0,1.0
52,49,0,go,1.0,1.0
52,51,0,go,1.0,1.0
52,53,0,go,1.0,1.0
52,55,0,go,1.0,1.0
52,57,0,go,1.0,1.0
52,59,0,go,1.0,1.0
52,61,0,go,1.0,1.0
52,63,0,go,1.0,1.0
52,65,0,go,1.0,1.0
52,67,0,go,1.0,1.0
52,69,0,go,1.0,1.0
52,71,0,go,1.0,1.0
52,73,0,go,1.0,1.0
52,75,0,go,1.0,1.0
52,77,0,go,1.0,1.0
52,79,0,go,1.0,1.0
52,81,0,go,1.0,1.0
52,83,0,go,1.0,1.0
52,85,0,go,1.0,1.0
52,87,0,go,1.0,1.0
52,89,0,go,1.0,1.0
52,91,0,go,1.0,1.0
52,93,0,go,1.0,1.0
52,95,0,go,1.0,1.0
52,97,0,go,1.0,1.0
52,99,0,go,1.0,1.0
53,3,1,warning,0.58,0.3113
53,5,0,go,0.66,0.0
53,7,0,go,0.86,0.0
53,9,0,go,0.94,0.0
53,11,0,go,0.95,0.0
53,13,0,go,0.98,0.0
53,15,0,go,1.0,1.0
53,17,0,go,1.0,1.0
53,19,0,go,1.0,1.0
53,21,0,go,1.0,1.0
53,23,0,go,1.0,1.0
53,25,0,go,1.0,1.0
53,27,0,go,1.0,1.0
53,29,0,go,1.0,1.0
53,31,0,go,1.0,1.0
53,33,0,go,1.0,1.0
53,35,0,go,1.0,1.0
53,37,0,go,1.0,1.0
53,39,0,go,1.0,1.0
53,41,0,go,1.0,1.0
53,43,0,go,1.0,1.0
53,45,0,go,1.0,1.0
53,47,0,go,1.0,1.0
53,49,0,go,1.0,1.0
53,51,0,go,1.0,1.0
53,53,0,go,1.0,1.0
53,55,0,go,1.0,1.0
53,57,0,go,1.0,1.0
53,59,0,go,1.0,1.0
53,61,0,go,1.0,1.0
53,63,0,go,1.0,1.0
53,65,0,go,1.0,1.0
53,67,0,go,1.0,1.0
53,69,0,go,1.0,1.0
53,71,0,go,1.0,1.0
53,73,0,go,1.0,1.0
53,75,0,go,1.0,1.0
53,77,0,go,1.0,1.0
53,79,0,go,1.0,1.0
53,81,0,go,1.0,1.0
53,83,0,go,1.0,1.0
53,85,0,go,1.0,1.0
53,87,0,go,1.0,1.0
53,89,0,go,1.0,1.0
53,91,0,go,1.0,1.0
53,93,0,go,1.0,1.0
53,95,0,go,1.0,1.0
53,97,0,go,1.0,1.0
53,99,0,go,1.0,1.0
54,3,1,warning,0.49,0.5256
54,5,2,reiterate,0.65,0.358
54,7,0,go,0.84,0.0
54,9,0,go,0.91,0.0
54,11,0,go,0.95,0.0
54,13,0,go,0.97,0.0
54,15,0,go,1.0,1.0
54,17,0,go,1.0,1.0
54,19,0,go,1.0,1.0
54,21,0,go,1.0,1.0
54,23,0,go,1.0,1.0
54,25,0,go,1.0,1.0
54,27,0,go,1.0,1.0
54,29,0,go,1.0,1.0
54,31,0,go,1.0,1.0
54,33,0,go,1.0,1.0
54,35,0,go,1.0,1.0
54,37,0,go,1.0,1.0
54,39,0,go,1.0,1.0
54,41,0,go,1.0,1.0
54,43,0,go,1.0,1.0
54,45,0,go,1.0,1.0
54,47,0,go,1.0,1.0
54,49,0,go,1.0,1.0
54,51,0,go,1.0,1.0
54,53,0,go,1.0,1.0
54,55,0,go,1.0,1.0
54,57,0,go,1.0,1.0
54,59,0,go,1.0,1.0
54,61,0,go,1.0,1.0
54,63,0,go,1.0,1.0
54,65,0,go,1.0,1.0
54,67,0,go,1.0,1.0
54,69,0,go,1.0,1.0
54,71,0,go,1.0,1.0
54,73,0,go,1.0,1.0
54,75,0,go,1.0,1.0
54,77,0,go,1.0,1.0
54,79,0,go,1.0,1.0
54,81,0,go,1.0,1.0
54,83,0,go,1.0,1.0
54,85,0,go,1.0,1.0
54,87,0,go,1.0,1.0
54,89,0,go,1.0,1.0
54,91,0,go,1.0,1.0
54,93,0,go,1.0,1.0
54,95,0,go,1.0,1.0
54,97,0,go,1.0,1.0
54,99,0,go,1.0,1.0
55,3,1,warning,0.47,0.459
55,5,0,go,0.57,0.0
55,7,0,go,0.66,0.0
55,9,0,go,0.74,0.0
55,11,0,go,0.8,0.0
55,13,0,go,0.87,0.0
55,15,0,go,0.9,1.0
55,17,0,go,0.97,0.0
55,19,0,go,1.0,0.0
55,21,0,go,1.0,1.0
55,23,0,go,1.0,1.0
55,25,0,go,1.0,1.0
55,27,0,go,1.0,1.0
55,29,0,go,1.0,1.0
55,31,0,go,1.0,1.0
55,33,0,go,1.0,1.0
55,35,0,go,1.0,1.0
55,37,0,go,1.0,1.0
55,39,0,go,1.0,1.0
55,41,0,go,1.0,1.0
55,43,0,go,1.0,1.0
55,45,0,go,1.0,1.0
55,47,0,go,1.0,1.0
55,49,0,go,1.0,1.0
55,51,0,go,1.0,1.0
55,53,0,go,1.0,1.0
55,55,0,go,1.0,1.0
55,57,0,go,1.0,1.0
55,59,0,go,1.0,1.0
55,61,0,go,1.0,1.0
55,63,0,go,1.0,1.0
55,65,0,go,1.0,1.0
55,67,0,go,1.0,1.0
55,69,0,go,1.0,1.0
55,71,0,go,1.0,1.0
55,73,0,go,1.0,1.0
55,75,0,go,1.0,1.0
55,77,0,go,1.0,1.0
55,79,0,go,1.0,1.0
55,81,0,go,1.0,1.0
55,83,0,go,1.0,1.0
55,85,0,go,1.0,1.0
55,87,0,go,1.0,1.0
55,89,0,go,1.0,1.0
55,91,0,go,1.0,1.0
55,93,0,go,1.0,1.0
55,95,0,go,1.0,1.0
55,97,0,go,1.0,1.0
55,99,0,go,1.0,1.0
56,3,1,warning,0.45,0.4392
56,5,0,go,0.6,0.0
56,7,0,go,0.77,0.0
56,9,0,go,0.87,0.0
56,11,0,go,0.9,1.0
56,13,0,go,0.94,0.0
56,15,0,go,0.97,1.0
56,17,0,go,0.99,1.0
56,19,0,go,1.0,0.0
56,21,0,go,1.0,1.0
56,23,0,go,1.0,1.0
56,25,0,go,1.0,1.0
56,27,0,go,1.0,1.0
56,29,0,go,1.0,1.0
56,31,0,go,1.0,1.0
56,33,0,go,1.0,1.0
56,35,0,go,1.0,1.0
56,37,0,go,1.0,1.0
56,39,0,go,1.0,1.0
56,41,0,go,1.0,1.0
56,43,0,go,1.0,1.0
56,45,0,go,1.0,1.0
56,47,0,go,1.0,1.0
56,49,0,go,1.0,1.0
56,51,0,go,1.0,1.0
56,53,0,go,1.0,1.0
56,55,0,go,1.0,1.0
56,57,0,go,1.0,1.0
56,59,0,go,1.0,1.0
56,61,0,go,1.0,1.0
56,63,0,go,1.0,1.0
56,65,0,go,1.0,1.0
56,67,0,go,1.0,1.0
56,69,0,go,1.0,1.0
56,71,0,go,1.0,1.0
56,73,0,go,1.0,1.0
56,75,0,go,1.0,1.0
56,77,0,go,1.0,1.0
56,79,0,go,1.0,1.0
56,81,0,go,1.0,1.0
56,83,0,go,1.0,1.0
56,85,0,go,1.0,1.0
56,87,0,go,1.0,1.0
56,89,0,go,1.0,1.0
56,91,0,go,1.0,1.0
56,93,0,go,1.0,1.0
56,95,0,go,1.0,1.0
56,97,0,go,1.0,1.0
56,99,0,go,1.0,1.0
57,3,1,warning,0.33,0.4942
57,5,2,reiterate,0.41,0.5024
57,7,2,reiterate,0.49,0.4874
57,9,2,reiterate,0.54,0.4699
57,11,2,reiterate,0.58,0.4529
57,13,0,go,0.6,1.0
57,15,0,go,0.62,0.0
57,17,0,go,0.66,0.0
57,19,0,go,0.68,0.0
57,21,0,go,0.69,0.0
57,23,0,go,0.75,0.0
57,25,0,go,0.81,0.0
57,27,0,go,0.81,1.0
57,29,0,go,0.86,0.0
57,31,0,go,0.91,0.0
57,33,0,go,0.98,1.0
57,35,0,go,0.99,0.0
57,37,0,go,1.0,1.0
57,39,0,go,1.0,1.0
57,41,0,go,1.0,1.0
57,43,0,go,1.0,1.0
57,45,0,go,1.0,1.0
57,47,0,go,1.0,1.0
57,49,0,go,1.0,1.0
57,51,0,go,1.0,1.0
57,53,0,go,1.0,1.0
57,55,0,go,1.0,1.0
57,57,0,go,1.0,1.0
57,59,0,go,1.0,1.0
57,61,0,go,1.0,1.0
57,63,0,go,1.0,1.0
57,65,0,go,1.0,1.0
57,67,0,go,1.0,1.0
57,69,0,go,1.0,1.0
57,71,0,go,1.0,1.0
57,73,0,go,1.0,1.0
57,75,0,go,1.0,1.0
57,77,0,go,1.0,1.0
57,79,0,go,1.0,1.0
57,81,0,go,1.0,1.0
57,83,0,go,1.0,1.0
57,85,0,go,1.0,1.0
57,87,0,go,1.0,1.0
57,89,0,go,1.0,1.0
57,91,0,go,1.0,1.0
57,93,0,go,1.0,1.0
57,95,0,go,1.0,1.0
57,97,0,go,1.0,1.0
57,99,0,go,1.0,1.0
58,3,1,warning,0.41,0.3963
58,5,0,go,0.55,0.0
58,7,0,go,0.76,0.0
58,9,0,go,0.86,0.0
58,11,0,go,0.92,0.0
58,13,0,go,0.97,0.0
58,15,0,go,0.98,1.0
58,17,0,go,0.99,1.0
58,19,0,go,1.0,1.0
58,21,0,go,1.0,1.0
58,23,0,go,1.0,1.0
58,25,0,go,1.0,1.0
58,27,0,go,1.0,1.0
58,29,0,go,1.0,1.0
58,31,0,go,1.0,1.0
58,33,0,go,1.0,1.0
58,35,0,go,1.0,1.0
58,37,0,go,1.0,1.0
58,39,0,go,1.0,1.0
58,41,0,go,1.0,1.0
58,43,0,go,1.0,1.0
58,45,0,go,1.0,1.0
58,47,0,go,1.0,1.0
58,49,0,go,1.0,1.0
58,51,0,go,1.0,1.0
58,53,0,go,1.0,1.0
58,55,0,go,1.0,1.0
58,57,0,go,1.0,1.0
58,59,0,go,1.0,1.0
58,61,0,go,1.0,1.0
58,63,0,go,1.0,1.0
58,65,0,go,1.0,1.0
58,67,0,go,1.0,1.0
58,69,0,go,1.0,1.0
58,71,0,go,1.0,1.0
58,73,0,go,1.0,1.0
58,75,0,go,1.0,1.0
58,77,0,go,1.0,1.0
58,79,0,go,1.0,1.0
58,81,0,go,1.0,1.0
58,83,0,go,1.0,1.0
58,85,0,go,1.0,1.0
58,87,0,go,1.0,1.0
58,89,0,go,1.0,1.0
58,91,0,go,1.0,1.0
58,93,0,go,1.0,1.0
58,95,0,go,1.0,1.0
58,97,0,go,1.0,1.0
58,99,0,go,1.0,1.0
59,3,1,warning,0.52,0.281
59,5,0,go,0.62,0.0
59,7,0,go,0.79,0.0
59,9,0,go,0.82,0.0
59,11,0,go,0.88,0.0
59,13,0,go,0.95,0.0
59,15,0,go,1.0,0.0
59,17,0,go,1.0,1.0
59,19,0,go,1.0,1.0
59,21,0,go,1.0,1.0
59,23,0,go,1.0,1.0
59,25,0,go,1.0,1.0
59,27,0,go,1.0,1.0
59,29,0,go,1.0,1.0
59,31,0,go,1.0,1.0
59,33,0,go,1.0,1.0
59,35,0,go,1.0,1.0
59,37,0,go,1.0,1.0
59,39,0,go,1.0,1.0
59,41,0,go,1.0,1.0
59,43,0,go,1.0,1.0
59,45,0,go,1.0,1.0
59,47,0,go,1.0,1.0
59,49,0,go,1.0,1.0
59,51,0,go,1.0,1.0
59,53,0,go,1.0,1.0
59,55,0,go,1.0,1.0
59,57,0,go,1.0,1.0
59,59,0,go,1.0,1.0
59,61,0,go,1.0,1.0
59,63,0,go,1.0,1.0
59,65,0,go,1.0,1.0
59,67,0,go,1.0,1.0
59,69,0,go,1.0,1.0
59,71,0,go,1.0,1.0
59,73,0,go,1.0,1.0
59,75,0,go,1.0,1.0
59,77,0,go,1.0,1.0
59,79,0,go,1.0,1.0
59,81,0,go,1.0,1.0
59,83,0,go,1.0,1.0
59,85,0,go,1.0,1.0
59,87,0,go,1.0,1.0
59,89,0,go,1.0,1.0
59,91,0,go,1.0,1.0
59,93,0,go,1.0,1.0
59,95,0,go,1.0,1.0
59,97,0,go,1.0,1.0
59,99,0,go,1.0,1.0
60,3,1,warning,0.67,0.2369
60,5,0,go,0.8,0.0
60,7,0,go,0.96,0.0
60,9,0,go,0.97,1.0
60,11,0,go,0.99,0.0
60,13,0,go,1.0,0.0
60,15,0,go,1.0,1.0
60,17,0,go,1.0,1.0
60,19,0,go,1.0,1.0
60,21,0,go,1.0,1.0
60,23,0,go,1.0,1.0
60,25,0,go,1.0,1.0
60,27,0,go,1.0,1.0
60,29,0,go,1.0,1.0
60,31,0,go,1.0,1.0
60,33,0,go,1.0,1.0
60,35,0,go,1.0,1.0
60,37,0,go,1.0,1.0
60,39,0,go,1.0,1.0
60,41,0,go,1.0,1.0
60,43,0,go,1.0,1.0
60,45,0,go,1.0,1.0
60,47,0,go,1.0,1.0
60,49,0,go,1.0,1.0
60,51,0,go,1.0,1.0
60,53,0,go,1.0,1.0
60,55,0,go,1.0,1.0
60,57,0,go,1.0,1.0
60,59,0,go,1.0,1.0
60,61,0,go,1.0,1.0
60,63,0,go,1.0,1.0
60,65,0,go,1.0,1.0
60,67,0,go,1.0,1.0
60,69,0,go,1.0,1.0
60,71,0,go,1.0,1.0
60,73,0,go,1.0,1.0
60,75,0,go,1.0,1.0
60,77,0,go,1.0,1.0
60,79,0,go,1.0,1.0
60,81,0,go,1.0,1.0
60,83,0,go,1.0,1.0
60,85,0,go,1.0,1.0
60,87,0,go,1.0,1.0
60,89,0,go,1.0,1.0
60,91,0,go,1.0,1.0
60,93,0,go,1.0,1.0
60,95,0,go,1.0,1.0
60,97,0,go,1.0,1.0
60,99,0,go,1.0,1.0
61,3,1,warning,0.48,0.4631
61,5,2,reiterate,0.76,0.0906
61,7,0,go,0.93,0.0
61,9,0,go,0.95,0.0
61,11,0,go,0.99,0.0
61,13,0,go,0.99,1.0
61,15,0,go,0.99,1.0
61,17,0,go,1.0,1.0
61,19,0,go,1.0,1.0
61,21,0,go,1.0,1.0
61,23,0,go,1.0,1.0
61,25,0,go,1.0,1.0
61,27,0,go,1.0,1.0
61,29,0,go,1.0,1.0
61,31,0,go,1.0,1.0
61,33,0,go,1.0,1.0
61,35,0,go,1.0,1.0
61,37,0,go,1.0,1.0
61,39,0,go,1.0,1.0
61,41,0,go,1.0,1.0
61,43,0,go,1.0,1.0
61,45,0,go,1.0,1.0
61,47,0,go,1.0,1.0
61,49,0,go,1.0,1.0
61,51,0,go,1.0,1.0
61,53,0,go,1.0,1.0
61,55,0,go,1.0,1.0
61,57,0,go,1.0,1.0
61,59,0,go,1.0,1.0
61,61,0,go,1.0,1.0
61,63,0,go,1.0,1.0
61,65,0,go,1.0,1.0
61,67,0,go,1.0,1.0
61,69,0,go,1.0,1.0
61,71,0,go,1.0,1.0
61,73,0,go,1.0,1.0
61,75,0,go,1.0,1.0
61,77,0,go,1.0,1.0
61,79,0,go,1.0,1.0
61,81,0,go,1.0,1.0
61,83,0,go,1.0,1.0
61,85,0,go,1.0,1.0
61,87,0,go,1.0,1.0
61,89,0,go,1.0,1.0
61,91,0,go,1.0,1.0
61,93,0,go,1.0,1.0
61,95,0,go,1.0,1.0
61,97,0,go,1.0,1.0
61,99,0,go,1.0,1.0
62,3,1,warning,0.67,0.231
62,5,0,go,0.81,0.0
62,7,0,go,0.94,0.0
62,9,0,go,0.98,0.0
62,11,0,go,0.99,1.0
62,13,0,go,1.0,1.0
62,15,0,go,1.0,1.0
62,17,0,go,1.0,1.0
62,19,0,go,1.0,1.0
62,21,0,go,1.0,1.0
62,23,0,go,1.0,1.0
62,25,0,go,1.0,1.0
62,27,0,go,1.0,1.0
62,29,0,go,1.0,1.0
62,31,0,go,1.0,1.0
62,33,0,go,1.0,1.0
62,35,0,go,1.0,1.0
62,37,0,go,1.0,1.0
62,39,0,go,1.0,1.0
62,41,0,go,1.0,1.0
62,43,0,go,1.0,1.0
62,45,0,go,1.0,1.0
62,47,0,go,1.0,1.0
62,49,0,go,1.0,1.0
62,51,0,go,1.0,1.0
62,53,0,go,1.0,1.0
62,55,0,go,1.0,1.0
62,57,0,go,1.0,1.0
62,59,0,go,1.0,1.0
62,61,0,go,1.0,1.0
62,63,0,go,1.0,1.0
62,65,0,go,1.0,1.0
62,67,0,go,1.0,1.0
62,69,0,go,1.0,1.0
62,71,0,go,1.0,1.0
62,73,0,go,1.0,1.0
62,75,0,go,1.0,1.0
62,77,0,go,1.0,1.0
62,79,0,go,1.0,1.0
62,81,0,go,1.0,1.0
62,83,0,go,1.0,1.0
62,85,0,go,1.0,1.0
62,87,0,go,1.0,1.0
62,89,0,go,1.0,1.0
62,91,0,go,1.0,1.0
62,93,0,go,1.0,1.0
62,95,0,go,1.0,1.0
62,97,0,go,1.0,1.0
62,99,0,go,1.0,1.0
63,3,1,warning,0.63,0.3371
63,5,0,go,0.79,0.0
63,7,0,go,0.92,0.0
63,9,0,go,0.98,0.0
63,11,0,go,0.99,1.0
63,13,0,go,1.0,1.0
63,15,0,go,1.0,1.0
63,17,0,go,1.0,1.0
63,19,0,go,1.0,1.0
63,21,0,go,1.0,1.0
63,23,0,go,1.0,1.0
63,25,0,go,1.0,1.0
63,27,0,go,1.0,1.0
63,29,0,go,1.0,1.0
63,31,0,go,1.0,1.0
63,33,0,go,1.0,1.0
63,35,0,go,1.0,1.0
63,37,0,go,1.0,1.0
63,39,0,go,1.0,1.0
63,41,0,go,1.0,1.0
63,43,0,go,1.0,1.0
63,45,0,go,1.0,1.0
63,47,0,go,1.0,1.0
63,49,0,go,1.0,1.0
63,51,0,go,1.0,1.0
63,53,0,go,1.0,1.0
63,55,0,go,1.0,1.0
63,57,0,go,1.0,1.0
63,59,0,go,1.0,1.0
63,61,0,go,1.0,1.0
63,63,0,go,1.0,1.0
63,65,0,go,1.0,1.0
63,67,0,go,1.0,1.0
63,69,0,go,1.0,1.0
63,71,0,go,1.0,1.0
63,73,0,go,1.0,1.0
63,75,0,go,1.0,1.0
63,77,0,go,1.0,1.0
63,79,0,go,1.0,1.0
63,81,0,go,1.0,1.0
63,83,0,go,1.0,1.0
63,85,0,go,1.0,1.0
63,87,0,go,1.0,1.0
63,89,0,go,1.0,1.0
63,91,0,go,1.0,1.0
63,93,0,go,1.0,1.0
63,95,0,go,1.0,1.0
63,97,0,go,1.0,1.0
63,99,0,go,1.0,1.0
64,3,1,warning,0.51,0.5367
64,5,2,reiterate,0.64,0.2736
64,7,0,go,0.8,0.0
64,9,0,go,0.9,0.0
64,11,0,go,0.92,0.0
64,13,0,go,0.95,0.0
64,15,0,go,0.98,0.0
64,17,0,go,0.99,1.0
64,19,0,go,1.0,1.0
64,21,0,go,1.0,1.0
64,23,0,go,1.0,1.0
64,25,0,go,1.0,1.0
64,27,0,go,1.0,1.0
64,29,0,go,1.0,1.0
64,31,0,go,1.0,1.0
64,33,0,go,1.0,1.0
64,35,0,go,1.0,1.0
64,37,0,go,1.0,1.0
64,39,0,go,1.0,1.0
64,41,0,go,1.0,1.0
64,43,0,go,1.0,1.0
64,45,0,go,1.0,1.0
64,47,0,go,1.0,1.0
64,49,0,go,1.0,1.0
64,51,0,go,1.0,1.0
64,53,0,go,1.0,1.0
64,55,0,go,1.0,1.0
64,57,0,go,1.0,1.0
64,59,0,go,1.0,1.0
64,61,0,go,1.0,1.0
64,63,0,go,1.0,1.0
64,65,0,go,1.0,1.0
64,67,0,go,1.0,1.0
64,69,0,go,1.0,1.0
64,71,0,go,1.0,1.0
64,73,0,go,1.0,1.0
64,75,0,go,1.0,1.0
64,77,0,go,1.0,1.0
64,79,0,go,1.0,1.0
64,81,0,go,1.0,1.0
64,83,0,go,1.0,1.0
64,85,0,go,1.0,1.0
64,87,0,go,1.0,1.0
64,89,0,go,1.0,1.0
64,91,0,go,1.0,1.0
64,93,0,go,1.0,1.0
64,95,0,go,1.0,1.0
64,97,0,go,1.0,1.0
64,99,0,go,1.0,1.0
65,3,1,warning,0.44,0.508
65,5,0,go,0.59,0.0
65,7,0,go,0.71,0.0
65,9,0,go,0.79,0.0
65,11,0,go,0.84,0.0
65,13,0,go,0.88,0.0
65,15,0,go,0.98,0.0
65,17,0,go,1.0,0.0
65,19,0,go,1.0,1.0
65,21,0,go,1.0,1.0
65,23,0,go,1.0,1.0
65,25,0,go,1.0,1.0
65,27,0,go,1.0,1.0
65,29,0,go,1.0,1.0
65,31,0,go,1.0,1.0
65,33,0,go,1.0,1.0
65,35,0,go,1.0,1.0
65,37,0,go,1.0,1.0
65,39,0,go,1.0,1.0
65,41,0,go,1.0,1.0
65,43,0,go,1.0,1.0
65,45,0,go,1.0,1.0
65,47,0,go,1.0,1.0
65,49,0,go,1.0,1.0
65,51,0,go,1.0,1.0
65,53,0,go,1.0,1.0
65,55,0,go,1.0,1.0
65,57,0,go,1.0,1.0
65,59,0,go,1.0,1.0
65,61,0,go,1.0,1.0
65,63,0,go,1.0,1.0
65,65,0,go,1.0,1.0
65,67,0,go,1.0,1.0
65,69,0,go,1.0,1.0
65,71,0,go,1.0,1.0
65,73,0,go,1.0,1.0
65,75,0,go,1.0,1.0
65,77,0,go,1.0,1.0
65,79,0,go,1.0,1.0
65,81,0,go,1.0,1.0
65,83,0,go,1.0,1.0
65,85,0,go,1.0,1.0
65,87,0,go,1.0,1.0
65,89,0,go,1.0,1.0
65,91,0,go,1.0,1.0
65,93,0,go,1.0,1.0
65,95,0,go,1.0,1.0
65,97,0,go,1.0,1.0
65,99,0,go,1.0,1.0
66,3,1,warning,0.44,0.4673
66,5,2,reiterate,0.5,0.484
66,7,0,go,0.65,0.0
66,9,0,go,0.72,0.0
66,11,0,go,0.77,0.0
66,13,0,go,0.84,0.0
66,15,0,go,0.95,0.0
66,17,0,go,0.97,0.0
66,19,0,go,1.0,0.0
66,21,0,go,1.0,1.0
66,23,0,go,1.0,1.0
66,25,0,go,1.0,1.0
66,27,0,go,1.0,1.0
66,29,0,go,1.0,1.0
66,31,0,go,1.0,1.0
66,33,0,go,1.0,1.0
66,35,0,go,1.0,1.0
66,37,0,go,1.0,1.0
66,39,0,go,1.0,1.0
66,41,0,go,1.0,1.0
66,43,0,go,1.0,1.0
66,45,0,go,1.0,1.0
66,47,0,go,1.0,1.0
66,49,0,go,1.0,1.0
66,51,0,go,1.0,1.0
66,53,0,go,1.0,1.0
66,55,0,go,1.0,1.0
66,57,0,go,1.0,1.0
66,59,0,go,1.0,1.0
66,61,0,go,1.0,1.0
66,63,0,go,1.0,1.0
66,65,0,go,1.0,1.0
66,67,0,go,1.0,1.0
66,69,0,go,1.0,1.0
66,71,0,go,1.0,1.0
66,73,0,go,1.0,1.0
66,75,0,go,1.0,1.0
66,77,0,go,1.0,1.0
66,79,0,go,1.0,1.0
66,81,0,go,1.0,1.0
66,83,0,go,1.0,1.0
66,85,0,go,1.0,1.0
66,87,0,go,1.0,1.0
66,89,0,go,1.0,1.0
66,91,0,go,1.0,1.0
66,93,0,go,1.0,1.0
66,95,0,go,1.0,1.0
66,97,0,go,1.0,1.0
66,99,0,go,1.0,1.0
67,3,1,warning,0.44,0.4372
67,5,0,go,0.57,0.0
67,7,0,go,0.77,0.0
67,9,0,go,0.83,0.0
67,11,0,go,0.88,0.0
67,13,0,go,0.92,0.0
67,15,0,go,1.0,1.0
67,17,0,go,1.0,1.0
67,19,0,go,1.0,1.0
67,21,0,go,1.0,1.0
67,23,0,go,1.0,1.0
67,25,0,go,1.0,1.0
67,27,0,go,1.0,1.0
67,29,0,go,1.0,1.0
67,31,0,go,1.0,1.0
67,33,0,go,1.0,1.0
67,35,0,go,1.0,1.0
67,37,0,go,1.0,1.0
67,39,0,go,1.0,1.0
67,41,0,go,1.0,1.0
67,43,0,go,1.0,1.0
67,45,0,go,1.0,1.0
67,47,0,go,1.0,1.0
67,49,0,go,1.0,1.0
67,51,0,go,1.0,1.0
67,53,0,go,1.0,1.0
67,55,0,go,1.0,1.0
67,57,0,go,1.0,1.0
67,59,0,go,1.0,1.0
67,61,0,go,1.0,1.0
67,63,0,go,1.0,1.0
67,65,0,go,1.0,1.0
67,67,0,go,1.0,1.0
67,69,0,go,1.0,1.0
67,71,0,go,1.0,1.0
67,73,0,go,1.0,1.0
67,75,0,go,1.0,1.0
67,77,0,go,1.0,1.0
67,79,0,go,1.0,1.0
67,81,0,go,1.0,1.0
67,83,0,go,1.0,1.0
67,85,0,go,1.0,1.0
67,87,0,go,1.0,1.0
67,89,0,go,1.0,1.0
67,91,0,go,1.0,1.0
67,93,0,go,1.0,1.0
67,95,0,go,1.0,1.0
67,97,0,go,1.0,1.0
67,99,0,go,1.0,1.0
68,3,1,warning,0.47,0.5876
68,5,2,reiterate,0.59,0.3351
68,7,0,go,0.7,0.0
68,9,0,go,0.85,0.0
68,11,0,go,0.89,0.0
68,13,0,go,0.95,0.0
68,15,0,go,0.99,0.0
68,17,0,go,0.99,1.0
68,19,0,go,0.99,1.0
68,21,0,go,1.0,1.0
68,23,0,go,1.0,1.0
68,25,0,go,1.0,1.0
68,27,0,go,1.0,1.0
68,29,0,go,1.0,1.0
68,31,0,go,1.0,1.0
68,33,0,go,1.0,1.0
68,35,0,go,1.0,1.0
68,37,0,go,1.0,1.0
68,39,0,go,1.0,1.0
68,41,0,go,1.0,1.0
68,43,0,go,1.0,1.0
68,45,0,go,1.0,1.0
68,47,0,go,1.0,1.0
68,49,0,go,1.0,1.0
68,51,0,go,1.0,1.0
68,53,0,go,1.0,1.0
68,55,0,go,1.0,1.0
68,57,0,go,1.0,1.0
68,59,0,go,1.0,1.0
68,61,0,go,1.0,1.0
68,63,0,go,1.0,1.0
68,65,0,go,1.0,1.0
68,67,0,go,1.0,1.0
68,69,0,go,1.0,1.0
68,71,0,go,1.0,1.0
68,73,0,go,1.0,1.0
68,75,0,go,1.0,1.0
68,77,0,go,1.0,1.0
68,79,0,go,1.0,1.0
68,81,0,go,1.0,1.0
68,83,0,go,1.0,1.0
68,85,0,go,1.0,1.0
68,87,0,go,1.0,1.0
68,89,0,go,1.0,1.0
68,91,0,go,1.0,1.0
68,93,0,go,1.0,1.0
68,95,0,go,1.0,1.0
68,97,0,go,1.0,1.0
68,99,0,go,1.0,1.0
69,3,1,warning,0.57,0.2516
69,5,0,go,0.72,0.0
69,7,0,go,0.92,0.0
69,9,0,go,0.97,0.0
69,11,0,go,0.99,1.0
69,13,0,go,0.99,1.0
69,15,0,go,1.0,1.0
69,17,0,go,1.0,1.0
69,19,0,go,1.0,1.0
69,21,0,go,1.0,1.0
69,23,0,go,1.0,1.0
69,25,0,go,1.0,1.0
69,27,0,go,1.0,1.0
69,29,0,go,1.0,1.0
69,31,0,go,1.0,1.0
69,33,0,go,1.0,1.0
69,35,0,go,1.0,1.0
69,37,0,go,1.0,1.0
69,39,0,go,1.0,1.0
69,41,0,go,1.0,1.0
69,43,0,go,1.0,1.0
69,45,0,go,1.0,1.0
69,47,0,go,1.0,1.0
69,49,0,go,1.0,1.0
69,51,0,go,1.0,1.0
69,53,0,go,1.0,1.0
69,55,0,go,1.0,1.0
69,57,0,go,1.0,1.0
69,59,0,go,1.0,1.0
69,61,0,go,1.0,1.0
69,63,0,go,1.0,1.0
69,65,0,go,1.0,1.0
69,67,0,go,1.0,1.0
69,69,0,go,1.0,1.0
69,71,0,go,1.0,1.0
69,73,0,go,1.0,1.0
69,75,0,go,1.0,1.0
69,77,0,go,1.0,1.0
69,79,0,go,1.0,1.0
69,81,0,go,1.0,1.0
69,83,0,go,1.0,1.0
69,85,0,go,1.0,1.0
69,87,0,go,1.0,1.0
69,89,0,go,1.0,1.0
69,91,0,go,1.0,1.0
69,93,0,go,1.0,1.0
69,95,0,go,1.0,1.0
69,97,0,go,1.0,1.0
69,99,0,go,1.0,1.0
70,3,1,warning,0.38,0.4427
70,5,0,go,0.44,0.0
70,7,0,go,0.45,1.0
70,9,0,go,0.48,0.0
70,11,0,go,0.48,1.0
70,13,0,go,0.5,0.0
70,15,0,go,0.5,1.0
70,17,0,go,0.49,1.0
70,19,0,go,0.5,0.0
70,21,0,go,0.51,0.0
70,23,0,go,0.51,1.0
70,25,0,go,0.51,1.0
70,27,0,go,0.51,1.0
70,29,0,go,0.52,1.0
70,31,0,go,0.52,1.0
70,33,0,go,0.52,1.0
70,35,0,go,0.53,0.0
70,37,0,go,0.53,1.0
70,39,0,go,0.53,1.0
70,41,0,go,0.53,1.0
70,43,0,go,0.53,1.0
70,45,0,go,0.52,1.0
70,47,0,go,0.52,1.0
70,49,0,go,0.52,1.0
70,51,0,go,0.52,1.0
70,53,0,go,0.52,1.0
70,55,0,go,0.52,1.0
70,57,0,go,0.52,1.0
70,59,0,go,0.52,1.0
70,61,0,go,0.52,1.0
70,63,0,go,0.52,1.0
70,65,0,go,0.52,1.0
70,67,0,go,0.52,1.0
70,69,0,go,0.52,1.0
70,71,0,go,0.52,1.0
70,73,0,go,0.52,1.0
70,75,0,go,0.52,1.0
70,77,0,go,0.52,1.0
70,79,0,go,0.52,1.0
70,81,0,go,0.52,1.0
70,83,0,go,0.52,1.0
70,85,0,go,0.52,1.0
70,87,0,go,0.52,1.0
70,89,0,go,0.52,1.0
70,91,0,go,0.52,1.0
70,93,0,go,0.52,1.0
70,95,0,go,0.52,1.0
70,97,0,go,0.52,1.0
70,99,0,go,0.52,1.0
71,3,1,warning,0.51,0.413
71,5,0,go,0.67,0.0
71,7,0,go,0.92,0.0
71,9,0,go,0.97,1.0
71,11,0,go,0.97,1.0
71,13,0,go,0.99,1.0
71,15,0,go,1.0,1.0
71,17,0,go,1.0,1.0
71,19,0,go,1.0,1.0
71,21,0,go,1.0,1.0
71,23,0,go,1.0,1.0
71,25,0,go,1.0,1.0
71,27,0,go,1.0,1.0
71,29,0,go,1.0,1.0
71,31,0,go,1.0,1.0
71,33,0,go,1.0,1.0
71,35,0,go,1.0,1.0
71,37,0,go,1.0,1.0
71,39,0,go,1.0,1.0
71,41,0,go,1.0,1.0
71,43,0,go,1.0,1.0
71,45,0,go,1.0,1.0
71,47,0,go,1.0,1.0
71,49,0,go,1.0,1.0
71,51,0,go,1.0,1.0
71,53,0,go,1.0,1.0
71,55,0,go,1.0,1.0
71,57,0,go,1.0,1.0
71,59,0,go,1.0,1.0
71,61,0,go,1.0,1.0
71,63,0,go,1.0,1.0
71,65,0,go,1.0,1.0
71,67,0,go,1.0,1.0
71,69,0,go,1.0,1.0
71,71,0,go,1.0,1.0
71,73,0,go,1.0,1.0
71,75,0,go,1.0,1.0
71,77,0,go,1.0,1.0
71,79,0,go,1.0,1.0
71,81,0,go,1.0,1.0
71,83,0,go,1.0,1.0
71,85,0,go,1.0,1.0
71,87,0,go,1.0,1.0
71,89,0,go,1.0,1.0
71,91,0,go,1.0,1.0
71,93,0,go,1.0,1.0
71,95,0,go,1.0,1.0
71,97,0,go,1.0,1.0
71,99,0,go,1.0,1.0
72,3,1,warning,0.45,0.4916
72,5,0,go,0.63,0.0
72,7,0,go,0.8,0.0
72,9,0,go,0.87,0.0
72,11,0,go,0.92,0.0
72,13,0,go,0.98,0.0
72,15,0,go,1.0,0.0
72,17,0,go,1.0,1.0
72,19,0,go,1.0,1.0
72,21,0,go,1.0,1.0
72,23,0,go,1.0,1.0
72,25,0,go,1.0,1.0
72,27,0,go,1.0,1.0
72,29,0,go,1.0,1.0
72,31,0,go,1.0,1.0
72,33,0,go,1.0,1.0
72,35,0,go,1.0,1.0
72,37,0,go,1.0,1.0
72,39,0,go,1.0,1.0
72,41,0,go,1.0,1.0
72,43,0,go,1.0,1.0
72,45,0,go,1.0,1.0
72,47,0,go,1.0,1.0
72,49,0,go,1.0,1.0
72,51,0,go,1.0,1.0
72,53,0,go,1.0,1.0
72,55,0,go,1.0,1.0
72,57,0,go,1.0,1.0
72,59,0,go,1.0,1.0
72,61,0,go,1.0,1.0
72,63,0,go,1.0,1.0
72,65,0,go,1.0,1.0
72,67,0,go,1.0,1.0
72,69,0,go,1.0,1.0
72,71,0,go,1.0,1.0
72,73,0,go,1.0,1.0
72,75,0,go,1.0,1.0
72,77,0,go,1.0,1.0
72,79,0,go,1.0,1.0
72,81,0,go,1.0,1.0
72,83,0,go,1.0,1.0
72,85,0,go,1.0,1.0
72,87,0,go,1.0,1.0
72,89,0,go,1.0,1.0
72,91,0,go,1.0,1.0
72,93,0,go,1.0,1.0
72,95,0,go,1.0,1.0
72,97,0,go,1.0,1.0
72,99,0,go,1.0,1.0
73,3,1,warning,0.42,0.4973
73,5,2,reiterate,0.53,0.359
73,7,0,go,0.71,0.0
73,9,0,go,0.81,0.0
73,11,0,go,0.86,0.0
73,13,0,go,0.91,0.0
73,15,0,go,1.0,0.0
73,17,0,go,1.0,1.0
73,19,0,go,1.0,1.0
73,21,0,go,1.0,1.0
73,23,0,go,1.0,1.0
73,25,0,go,1.0,1.0
73,27,0,go,1.0,1.0
73,29,0,go,1.0,1.0
73,31,0,go,1.0,1.0
73,33,0,go,1.0,1.0
73,35,0,go,1.0,1.0
73,37,0,go,1.0,1.0
73,39,0,go,1.0,1.0
73,41,0,go,1.0,1.0
73,43,0,go,1.0,1.0
73,45,0,go,1.0,1.0
73,47,0,go,1.0,1.0
73,49,0,go,1.0,1.0
73,51,0,go,1.0,1.0
73,53,0,go,1.0,1.0
73,55,0,go,1.0,1.0
73,57,0,go,1.0,1.0
73,59,0,go,1.0,1.0
73,61,0,go,1.0,1.0
73,63,0,go,1.0,1.0
73,65,0,go,1.0,1.0
73,67,0,go,1.0,1.0
73,69,0,go,1.0,1.0
73,71,0,go,1.0,1.0
73,73,0,go,1.0,1.0
73,75,0,go,1.0,1.0
73,77,0,go,1.0,1.0
73,79,0,go,1.0,1.0
73,81,0,go,1.0,1.0
73,83,0,go,1.0,1.0
73,85,0,go,1.0,1.0
73,87,0,go,1.0,1.0
73,89,0,go,1.0,1.0
73,91,0,go,1.0,1.0
73,93,0,go,1.0,1.0
73,95,0,go,1.0,1.0
73,97,0,go,1.0,1.0
73,99,0,go,1.0,1.0
74,3,1,warning,0.57,0.2071
74,5,0,go,0.68,0.0
74,7,0,go,0.9,0.0
74,9,0,go,0.95,0.0
74,11,0,go,0.97,1.0
74,13,0,go,0.99,0.0
74,15,0,go,1.0,1.0
74,17,0,go,1.0,1.0
74,19,0,go,1.0,1.0
74,21,0,go,1.0,1.0
74,23,0,go,1.0,1.0
74,25,0,go,1.0,1.0
74,27,0,go,1.0,1.0
74,29,0,go,1.0,1.0
74,31,0,go,1.0,1.0
74,33,0,go,1.0,1.0
74,35,0,go,1.0,1.0
74,37,0,go,1.0,1.0
74,39,0,go,1.0,1.0
74,41,0,go,1.0,1.0
74,43,0,go,1.0,1.0
74,45,0,go,1.0,1.0
74,47,0,go,1.0,1.0
74,49,0,go,1.0,1.0
74,51,0,go,1.0,1.0
74,53,0,go,1.0,1.0
74,55,0,go,1.0,1.0
74,57,0,go,1.0,1.0
74,59,0,go,1.0,1.0
74,61,0,go,1.0,1.0
74,63,0,go,1.0,1.0
74,65,0,go,1.0,1.0
74,67,0,go,1.0,1.0
74,69,0,go,1.0,1.0
74,71,0,go,1.0,1.0
74,73,0,go,1.0,1.0
74,75,0,go,1.0,1.0
74,77,0,go,1.0,1.0
74,79,0,go,1.0,1.0
74,81,0,go,1.0,1.0
74,83,0,go,1.0,1.0
74,85,0,go,1.0,1.0
74,87,0,go,1.0,1.0
74,89,0,go,1.0,1.0
74,91,0,go,1.0,1.0
74,93,0,go,1.0,1.0
74,95,0,go,1.0,1.0
74,97,0,go,1.0,1.0
74,99,0,go,1.0,1.0
75,3,1,warning,0.54,0.455
75,5,0,go,0.59,0.0
75,7,0,go,0.77,0.0
75,9,0,go,0.79,0.0
75,11,0,go,0.87,0.0
75,13,0,go,0.89,1.0
75,15,0,go,0.97,1.0
75,17,0,go,0.98,0.0
75,19,0,go,1.0,1.0
75,21,0,go,1.0,1.0
75,23,0,go,1.0,1.0
75,25,0,go,1.0,1.0
75,27,0,go,1.0,1.0
75,29,0,go,1.0,1.0
75,31,0,go,1.0,1.0
75,33,0,go,1.0,1.0
75,35,0,go,1.0,1.0
75,37,0,go,1.0,1.0
75,39,0,go,1.0,1.0
75,41,0,go,1.0,1.0
75,43,0,go,1.0,1.0
75,45,0,go,1.0,1.0
75,47,0,go,1.0,1.0
75,49,0,go,1.0,1.0
75,51,0,go,1.0,1.0
75,53,0,go,1.0,1.0
75,55,0,go,1.0,1.0
75,57,0,go,1.0,1.0
75,59,0,go,1.0,1.0
75,61,0,go,1.0,1.0
75,63,0,go,1.0,1.0
75,65,0,go,1.0,1.0
75,67,0,go,1.0,1.0
75,69,0,go,1.0,1.0
75,71,0,go,1.0,1.0
75,73,0,go,1.0,1.0
75,75,0,go,1.0,1.0
75,77,0,go,1.0,1.0
75,79,0,go,1.0,1.0
75,81,0,go,1.0,1.0
75,83,0,go,1.0,1.0
75,85,0,go,1.0,1.0
75,87,0,go,1.0,1.0
75,89,0,go,1.0,1.0
75,91,0,go,1.0,1.0
75,93,0,go,1.0,1.0
75,95,0,go,1.0,1.0
75,97,0,go,1.0,1.0
75,99,0,go,1.0,1.0
76,3,1,warning,0.52,0.3321
76,5,0,go,0.64,0.0
76,7,0,go,0.82,0.0
76,9,0,go,0.88,0.0
76,11,0,go,0.94,0.0
76,13,0,go,0.98,0.0
76,15,0,go,1.0,1.0
76,17,0,go,1.0,1.0
76,19,0,go,1.0,1.0
76,21,0,go,1.0,1.0
76,23,0,go,1.0,1.0
76,25,0,go,1.0,1.0
76,27,0,go,1.0,1.0
76,29,0,go,1.0,1.0
76,31,0,go,1.0,1.0
76,33,0,go,1.0,1.0
76,35,0,go,1.0,1.0
76,37,0,go,1.0,1.0
76,39,0,go,1.0,1.0
76,41,0,go,1.0,1.0
76,43,0,go,1.0,1.0
76,45,0,go,1.0,1.0
76,47,0,go,1.0,1.0
76,49,0,go,1.0,1.0
76,51,0,go,1.0,1.0
76,53,0,go,1.0,1.0
76,55,0,go,1.0,1.0
76,57,0,go,1.0,1.0
76,59,0,go,1.0,1.0
76,61,0,go,1.0,1.0
76,63,0,go,1.0,1.0
76,65,0,go,1.0,1.0
76,67,0,go,1.0,1.0
76,69,0,go,1.0,1.0
76,71,0,go,1.0,1.0
76,73,0,go,1.0,1.0
76,75,0,go,1.0,1.0
76,77,0,go,1.0,1.0
76,79,0,go,1.0,1.0
76,81,0,go,1.0,1.0
76,83,0,go,1.0,1.0
76,85,0,go,1.0,1.0
76,87,0,go,1.0,1.0
76,89,0,go,1.0,1.0
76,91,0,go,1.0,1.0
76,93,0,go,1.0,1.0
76,95,0,go,1.0,1.0
76,97,0,go,1.0,1.0
76,99,0,go,1.0,1.0
77,3,1,warning,0.53,0.3687
77,5,0,go,0.67,0.0
77,7,0,go,0.86,0.0
77,9,0,go,0.93,0.0
77,11,0,go,0.93,1.0
77,13,0,go,0.97,0.0
77,15,0,go,0.99,0.0
77,17,0,go,1.0,1.0
77,19,0,go,1.0,1.0
77,21,0,go,1.0,1.0
77,23,0,go,1.0,1.0
77,25,0,go,1.0,1.0
77,27,0,go,1.0,1.0
77,29,0,go,1.0,1.0
77,31,0,go,1.0,1.0
77,33,0,go,1.0,1.0
77,35,0,go,1.0,1.0
77,37,0,go,1.0,1.0
77,39,0,go,1.0,1.0
77,41,0,go,1.0,1.0
77,43,0,go,1.0,1.0
77,45,0,go,1.0,1.0
77,47,0,go,1.0,1.0
77,49,0,go,1.0,1.0
77,51,0,go,1.0,1.0
77,53,0,go,1.0,1.0
77,55,0,go,1.0,1.0
77,57,0,go,1.0,1.0
77,59,0,go,1.0,1.0
77,61,0,go,1.0,1.0
77,63,0,go,1.0,1.0
77,65,0,go,1.0,1.0
77,67,0,go,1.0,1.0
77,69,0,go,1.0,1.0
77,71,0,go,1.0,1.0
77,73,0,go,1.0,1.0
77,75,0,go,1.0,1.0
77,77,0,go,1.0,1.0
77,79,0,go,1.0,1.0
77,81,0,go,1.0,1.0
77,83,0,go,1.0,1.0
77,85,0,go,1.0,1.0
77,87,0,go,1.0,1.0
77,89,0,go,1.0,1.0
77,91,0,go,1.0,1.0
77,93,0,go,1.0,1.0
77,95,0,go,1.0,1.0
77,97,0,go,1.0,1.0
77,99,0,go,1.0,1.0
78,3,1,warning,0.27,0.5464
78,5,2,reiterate,0.37,0.5183
78,7,2,reiterate,0.44,0.5766
78,9,2,reiterate,0.4,1.0667
78,11,2,reiterate,0.4,1.1248
78,13,2,reiterate,0.38,1.183
78,15,2,reiterate,0.34,1.2605
78,17,2,reiterate,0.31,1.226
78,19,2,reiterate,0.26,1.39
78,21,2,reiterate,0.23,1.3855
78,23,2,reiterate,0.14,1.43
78,25,2,reiterate,0.1,1.4515
78,27,2,reiterate,0.07,1.496
78,29,2,reiterate,0.0,1.5255
78,31,2,reiterate,0.0,1.5
78,33,2,reiterate,0.0,1.5
78,35,2,reiterate,0.0,1.5
78,37,2,reiterate,0.0,1.5
78,39,2,reiterate,0.0,1.5
78,41,2,reiterate,0.0,1.5
78,43,2,reiterate,0.0,1.5
78,45,2,reiterate,0.0,1.5
78,47,2,reiterate,0.0,1.5
78,49,2,reiterate,0.0,1.5
78,51,2,reiterate,0.0,1.5
78,53,2,reiterate,0.0,1.5
78,55,2,reiterate,0.0,1.5
78,57,2,reiterate,0.0,1.5
78,59,2,reiterate,0.0,1.5
78,61,2,reiterate,0.0,1.5
78,63,2,reiterate,0.0,1.5
78,65,2,reiterate,0.0,1.5
78,67,2,reiterate,0.0,1.5
78,69,2,reiterate,0.0,1.5
78,71,2,reiterate,0.0,1.5
78,73,2,reiterate,0.0,1.5
78,75,2,reiterate,0.0,1.5
78,77,2,reiterate,0.0,1.5
78,79,2,reiterate,0.0,1.5
78,81,2,reiterate,0.0,1.5
78,83,2,reiterate,0.0,1.5
78,85,2,reiterate,0.0,1.5
78,87,2,reiterate,0.0,1.5
78,89,2,reiterate,0.0,1.5
78,91,2,reiterate,0.0,1.5
78,93,2,reiterate,0.0,1.5
78,95,2,reiterate,0.0,1.5
78,97,2,reiterate,0.0,1.5
78,99,2,reiterate,0.0,1.5
79,3,1,warning,0.38,0.4844
79,5,2,reiterate,0.42,0.4879
79,7,2,reiterate,0.49,0.4825
79,9,2,reiterate,0.52,0.9213
79,11,0,go,0.56,0.0
79,13,0,go,0.59,0.0
79,15,0,go,0.6,1.0
79,17,0,go,0.61,0.0
79,19,0,go,0.66,0.0
79,21,0,go,0.67,0.0
79,23,0,go,0.69,0.0
79,25,0,go,0.7,1.0
79,27,0,go,0.8,1.0
79,29,0,go,0.82,0.0
79,31,0,go,0.84,0.0
79,33,0,go,0.96,0.0
79,35,0,go,0.97,0.0
79,37,0,go,0.99,1.0
79,39,0,go,0.99,1.0
79,41,0,go,1.0,1.0
79,43,0,go,1.0,1.0
79,45,0,go,1.0,1.0
79,47,0,go,1.0,1.0
79,49,0,go,1.0,1.0
79,51,0,go,1.0,1.0
79,53,0,go,1.0,1.0
79,55,0,go,1.0,1.0
79,57,0,go,1.0,1.0
79,59,0,go,1.0,1.0
79,61,0,go,1.0,1.0
79,63,0,go,1.0,1.0
79,65,0,go,1.0,1.0
79,67,0,go,1.0,1.0
79,69,0,go,1.0,1.0
79,71,0,go,1.0,1.0
79,73,0,go,1.0,1.0
79,75,0,go,1.0,1.0
79,77,0,go,1.0,1.0
79,79,0,go,1.0,1.0
79,81,0,go,1.0,1.0
79,83,0,go,1.0,1.0
79,85,0,go,1.0,1.0
79,87,0,go,1.0,1.0
79,89,0,go,1.0,1.0
79,91,0,go,1.0,1.0
79,93,0,go,1.0,1.0
79,95,0,go,1.0,1.0
79,97,0,go,1.0,1.0
79,99,0,go,1.0,1.0
80,3,1,warning,0.58,0.4065
80,5,0,go,0.72,0.0
80,7,0,go,0.92,0.0
80,9,0,go,0.95,0.0
80,11,0,go,0.97,1.0
80,13,0,go,0.98,1.0
80,15,0,go,1.0,1.0
80,17,0,go,1.0,1.0
80,19,0,go,1.0,1.0
80,21,0,go,1.0,1.0
80,23,0,go,1.0,1.0
80,25,0,go,1.0,1.0
80,27,0,go,1.0,1.0
80,29,0,go,1.0,1.0
80,31,0,go,1.0,1.0
80,33,0,go,1.0,1.0
80,35,0,go,1.0,1.0
80,37,0,go,1.0,1.0
80,39,0,go,1.0,1.0
80,41,0,go,1.0,1.0
80,43,0,go,1.0,1.0
80,45,0,go,1.0,1.0
80,47,0,go,1.0,1.0
80,49,0,go,1.0,1.0
80,51,0,go,1.0,1.0
80,53,0,go,1.0,1.0
80,55,0,go,1.0,1.0
80,57,0,go,1.0,1.0
80,59,0,go,1.0,1.0
80,61,0,go,1.0,1.0
80,63,0,go,1.0,1.0
80,65,0,go,1.0,1.0
80,67,0,go,1.0,1.0
80,69,0,go,1.0,1.0
80,71,0,go,1.0,1.0
80,73,0,go,1.0,1.0
80,75,0,go,1.0,1.0
80,77,0,go,1.0,1.0
80,79,0,go,1.0,1.0
80,81,0,go,1.0,1.0
80,83,0,go,1.0,1.0
80,85,0,go,1.0,1.0
80,87,0,go,1.0,1.0
80,89,0,go,1.0,1.0
80,91,0,go,1.0,1.0
80,93,0,go,1.0,1.0
80,95,0,go,1.0,1.0
80,97,0,go,1.0,1.0
80,99,0,go,1.0,1.0
81,3,1,warning,0.44,0.557
81,5,2,reiterate,0.54,0.4712
81,7,0,go,0.76,0.0
81,9,0,go,0.79,0.0
81,11,0,go,0.8,1.0
81,13,0,go,0.83,1.0
81,15,0,go,0.96,0.0
81,17,0,go,0.97,1.0
81,19,0,go,0.98,0.0
81,21,0,go,1.0,0.0
81,23,0,go,1.0,1.0
81,25,0,go,1.0,1.0
81,27,0,go,1.0,1.0
81,29,0,go,1.0,1.0
81,31,0,go,1.0,1.0
81,33,0,go,1.0,1.0
81,35,0,go,1.0,1.0
81,37,0,go,1.0,1.0
81,39,0,go,1.0,1.0
81,41,0,go,1.0,1.0
81,43,0,go,1.0,1.0
81,45,0,go,1.0,1.0
81,47,0,go,1.0,1.0
81,49,0,go,1.0,1.0
81,51,0,go,1.0,1.0
81,53,0,go,1.0,1.0
81,55,0,go,1.0,1.0
81,57,0,go,1.0,1.0
81,59,0,go,1.0,1.0
81,61,0,go,1.0,1.0
81,63,0,go,1.0,1.0
81,65,0,go,1.0,1.0
81,67,0,go,1.0,1.0
81,69,0,go,1.0,1.0
81,71,0,go,1.0,1.0
81,73,0,go,1.0,1.0
81,75,0,go,1.0,1.0
81,77,0,go,1.0,1.0
81,79,0,go,1.0,1.0
81,81,0,go,1.0,1.0
81,83,0,go,1.0,1.0
81,85,0,go,1.0,1.0
81,87,0,go,1.0,1.0
81,89,0,go,1.0,1.0
81,91,0,go,1.0,1.0
81,93,0,go,1.0,1.0
81,95,0,go,1.0,1.0
81,97,0,go,1.0,1.0
81,99,0,go,1.0,1.0
82,3,1,warning,0.27,0.5927
82,5,2,reiterate,0.32,0.6258
82,7,2,reiterate,0.38,0.6698
82,9,2,reiterate,0.35,1.3295
82,11,2,reiterate,0.32,1.3075
82,13,2,reiterate,0.22,1.428
82,15,2,reiterate,0.16,1.3785
82,17,2,reiterate,0.12,1.377
82,19,2,reiterate,0.06,1.5125
82,21,2,reiterate,0.02,1.492
82,23,2,reiterate,0.02,1.4965
82,25,2,reiterate,0.0,1.5085
82,27,2,reiterate,0.0,1.5
82,29,2,reiterate,0.0,1.5
82,31,2,reiterate,0.0,1.5
82,33,2,reiterate,0.0,1.5
82,35,2,reiterate,0.0,1.5
82,37,2,reiterate,0.0,1.5
82,39,2,reiterate,0.0,1.5
82,41,2,reiterate,0.0,1.5
82,43,2,reiterate,0.0,1.5
82,45,2,reiterate,0.0,1.5
82,47,2,reiterate,0.0,1.5
82,49,2,reiterate,0.0,1.5
82,51,2,reiterate,0.0,1.5
82,53,2,reiterate,0.0,1.5
82,55,2,reiterate,0.0,1.5
82,57,2,reiterate,0.0,1.5
82,59,2,reiterate,0.0,1.5
82,61,2,reiterate,0.0,1.5
82,63,2,reiterate,0.0,1.5
82,65,2,reiterate,0.0,1.5
82,67,2,reiterate,0.0,1.5
82,69,2,reiterate,0.0,1.5
82,71,2,reiterate,0.0,1.5
82,73,2,reiterate,0.0,1.5
82,75,2,reiterate,0.0,1.5
82,77,2,reiterate,0.0,1.5
82,79,2,reiterate,0.0,1.5
82,81,2,reiterate,0.0,1.5
82,83,2,reiterate,0.0,1.5
82,85,2,reiterate,0.0,1.5
82,87,2,reiterate,0.0,1.5
82,89,2,reiterate,0.0,1.5
82,91,2,reiterate,0.0,1.5
82,93,2,reiterate,0.0,1.5
82,95,2,reiterate,0.0,1.5
82,97,2,reiterate,0.0,1.5
82,99,2,reiterate,0.0,1.5
83,3,1,warning,0.5,0.4308
83,5,0,go,0.64,0.0
83,7,0,go,0.83,0.0
83,9,0,go,0.9,0.0
83,11,0,go,0.96,0.0
83,13,0,go,0.99,0.0
83,15,0,go,1.0,1.0
83,17,0,go,1.0,1.0
83,19,0,go,1.0,1.0
83,21,0,go,1.0,1.0
83,23,0,go,1.0,1.0
83,25,0,go,1.0,1.0
83,27,0,go,1.0,1.0
83,29,0,go,1.0,1.0
83,31,0,go,1.0,1.0
83,33,0,go,1.0,1.0
83,35,0,go,1.0,1.0
83,37,0,go,1.0,1.0
83,39,0,go,1.0,1.0
83,41,0,go,1.0,1.0
83,43,0,go,1.0,1.0
83,45,0,go,1.0,1.0
83,47,0,go,1.0,1.0
83,49,0,go,1.0,1.0
83,51,0,go,1.0,1.0
83,53,0,go,1.0,1.0
83,55,0,go,1.0,1.0
83,57,0,go,1.0,1.0
83,59,0,go,1.0,1.0
83,61,0,go,1.0,1.0
83,63,0,go,1.0,1.0
83,65,0,go,1.0,1.0
83,67,0,go,1.0,1.0
83,69,0,go,1.0,1.0
83,71,0,go,1.0,1.0
83,73,0,go,1.0,1.0
83,75,0,go,1.0,1.0
83,77,0,go,1.0,1.0
83,79,0,go,1.0,1.0
83,81,0,go,1.0,1.0
83,83,0,go,1.0,1.0
83,85,0,go,1.0,1.0
83,87,0,go,1.0,1.0
83,89,0,go,1.0,1.0
83,91,0,go,1.0,1.0
83,93,0,go,1.0,1.0
83,95,0,go,1.0,1.0
83,97,0,go,1.0,1.0
83,99,0,go,1.0,1.0
84,3,1,warning,0.41,0.4594
84,5,2,reiterate,0.45,0.5205
84,7,2,reiterate,0.43,1.1108
84,9,2,reiterate,0.41,1.1121
84,11,2,reiterate,0.36,1.2074
84,13,2,reiterate,0.34,1.127
84,15,2,reiterate,0.3,1.2965
84,17,2,reiterate,0.25,1.327
84,19,2,reiterate,0.22,1.4
84,21,2,reiterate,0.16,1.414
84,23,2,reiterate,0.12,1.4535
84,25,2,reiterate,0.09,1.49
84,27,2,reiterate,0.03,1.492
84,29,2,reiterate,0.0,1.518
84,31,2,reiterate,0.0,1.5
84,33,2,reiterate,0.0,1.5
84,35,2,reiterate,0.0,1.5
84,37,2,reiterate,0.0,1.5
84,39,2,reiterate,0.0,1.5
84,41,2,reiterate,0.0,1.5
84,43,2,reiterate,0.0,1.5
84,45,2,reiterate,0.0,1.5
84,47,2,reiterate,0.0,1.5
84,49,2,reiterate,0.0,1.5
84,51,2,reiterate,0.0,1.5
84,53,2,reiterate,0.0,1.5
84,55,2,reiterate,0.0,1.5
84,57,2,reiterate,0.0,1.5
84,59,2,reiterate,0.0,1.5
84,61,2,reiterate,0.0,1.5
84,63,2,reiterate,0.0,1.5
84,65,2,reiterate,0.0,1.5
84,67,2,reiterate,0.0,1.5
84,69,2,reiterate,0.0,1.5
84,71,2,reiterate,0.0,1.5
84,73,2,reiterate,0.0,1.5
84,75,2,reiterate,0.0,1.5
84,77,2,reiterate,0.0,1.5
84,79,2,reiterate,0.0,1.5
84,81,2,reiterate,0.0,1.5
84,83,2,reiterate,0.0,1.5
84,85,2,reiterate,0.0,1.5
84,87,2,reiterate,0.0,1.5
84,89,2,reiterate,0.0,1.5
84,91,2,reiterate,0.0,1.5
84,93,2,reiterate,0.0,1.5
84,95,2,reiterate,0.0,1.5
84,97,2,reiterate,0.0,1.5
84,99,2,reiterate,0.0,1.5
85,3,1,warning,0.48,0.4869
85,5,2,reiterate,0.51,0.5274
85,7,2,reiterate,0.56,0.4703
85,9,2,reiterate,0.56,0.412
85,11,2,reiterate,0.58,0.4509
85,13,0,go,0.61,0.0
85,15,0,go,0.61,1.0
85,17,0,go,0.63,1.0
85,19,0,go,0.67,0.0
85,21,0,go,0.71,0.0
85,23,0,go,0.73,0.0
85,25,0,go,0.79,0.0
85,27,0,go,0.89,0.0
85,29,0,go,0.91,1.0
85,31,0,go,0.91,1.0
85,33,0,go,0.98,0.0
85,35,0,go,1.0,1.0
85,37,0,go,1.0,1.0
85,39,0,go,1.0,1.0
85,41,0,go,1.0,1.0
85,43,0,go,1.0,1.0
85,45,0,go,1.0,1.0
85,47,0,go,1.0,1.0
85,49,0,go,1.0,1.0
85,51,0,go,1.0,1.0
85,53,0,go,1.0,1.0
85,55,0,go,1.0,1.0
85,57,0,go,1.0,1.0
85,59,0,go,1.0,1.0
85,61,0,go,1.0,1.0
85,63,0,go,1.0,1.0
85,65,0,go,1.0,1.0
85,67,0,go,1.0,1.0
85,69,0,go,1.0,1.0
85,71,0,go,1.0,1.0
85,73,0,go,1.0,1.0
85,75,0,go,1.0,1.0
85,77,0,go,1.0,1.0
85,79,0,go,1.0,1.0
85,81,0,go,1.0,1.0
85,83,0,go,1.0,1.0
85,85,0,go,1.0,1.0
85,87,0,go,1.0,1.0
85,89,0,go,1.0,1.0
85,91,0,go,1.0,1.0
85,93,0,go,1.0,1.0
85,95,0,go,1.0,1.0
85,97,0,go,1.0,1.0
85,99,0,go,1.0,1.0
86,3,1,warning,0.5,0.3227
86,5,0,go,0.65,0.0
86,7,0,go,0.87,0.0
86,9,0,go,0.94,0.0
86,11,0,go,0.97,0.0
86,13,0,go,0.99,0.0
86,15,0,go,1.0,1.0
86,17,0,go,1.0,1.0
86,19,0,go,1.0,1.0
86,21,0,go,1.0,1.0
86,23,0,go,1.0,1.0
86,25,0,go,1.0,1.0
86,27,0,go,1.0,1.0
86,29,0,go,1.0,1.0
86,31,0,go,1.0,1.0
86,33,0,go,1.0,1.0
86,35,0,go,1.0,1.0
86,37,0,go,1.0,1.0
86,39,0,go,1.0,1.0
86,41,0,go,1.0,1.0
86,43,0,go,1.0,1.0
86,45,0,go,1.0,1.0
86,47,0,go,1.0,1.0
86,49,0,go,1.0,1.0
86,51,0,go,1.0,1.0
86,53,0,go,1.0,1.0
86,55,0,go,1.0,1.0
86,57,0,go,1.0,1.0
86,59,0,go,1.0,1.0
86,61,0,go,1.0,1.0
86,63,0,go,1.0,1.0
86,65,0,go,1.0,1.0
86,67,0,go,1.0,1.0
86,69,0,go,1.0,1.0
86,71,0,go,1.0,1.0
86,73,0,go,1.0,1.0
86,75,0,go,1.0,1.0
86,77,0,go,1.0,1.0
86,79,0,go,1.0,1.0
86,81,0,go,1.0,1.0
86,83,0,go,1.0,1.0
86,85,0,go,1.0,1.0
86,87,0,go,1.0,1.0
86,89,0,go,1.0,1.0
86,91,0,go,1.0,1.0
86,93,0,go,1.0,1.0
86,95,0,go,1.0,1.0
86,97,0,go,1.0,1.0
86,99,0,go,1.0,1.0
87,3,1,warning,0.61,0.3975
87,5,0,go,0.75,0.0
87,7,0,go,0.91,0.0
87,9,0,go,0.96,0.0
87,11,0,go,0.98,0.0
87,13,0,go,0.99,0.0
87,15,0,go,1.0,1.0
87,17,0,go,1.0,1.0
87,19,0,go,1.0,1.0
87,21,0,go,1.0,1.0
87,23,0,go,1.0,1.0
87,25,0,go,1.0,1.0
87,27,0,go,1.0,1.0
87,29,0,go,1.0,1.0
87,31,0,go,1.0,1.0
87,33,0,go,1.0,1.0
87,35,0,go,1.0,1.0
87,37,0,go,1.0,1.0
87,39,0,go,1.0,1.0
87,41,0,go,1.0,1.0
87,43,0,go,1.0,1.0
87,45,0,go,1.0,1.0
87,47,0,go,1.0,1.0
87,49,0,go,1.0,1.0
87,51,0,go,1.0,1.0
87,53,0,go,1.0,1.0
87,55,0,go,1.0,1.0
87,57,0,go,1.0,1.0
87,59,0,go,1.0,1.0
87,61,0,go,1.0,1.0
87,63,0,go,1.0,1.0
87,65,0,go,1.0,1.0
87,67,0,go,1.0,1.0
87,69,0,go,1.0,1.0
87,71,0,go,1.0,1.0
87,73,0,go,1.0,1.0
87,75,0,go,1.0,1.0
87,77,0,go,1.0,1.0
87,79,0,go,1.0,1.0
87,81,0,go,1.0,1.0
87,83,0,go,1.0,1.0
87,85,0,go,1.0,1.0
87,87,0,go,1.0,1.0
87,89,0,go,1.0,1.0
87,91,0,go,1.0,1.0
87,93,0,go,1.0,1.0
87,95,0,go,1.0,1.0
87,97,0,go,1.0,1.0
87,99,0,go,1.0,1.0
88,3,1,warning,0.68,0.1932
88,5,0,go,0.77,0.0
88,7,0,go,0.92,0.0
88,9,0,go,0.97,0.0
88,11,0,go,0.98,1.0
88,13,0,go,0.98,1.0
88,15,0,go,1.0,1.0
88,17,0,go,1.0,1.0
88,19,0,go,1.0,1.0
88,21,0,go,1.0,1.0
88,23,0,go,1.0,1.0
88,25,0,go,1.0,1.0
88,27,0,go,1.0,1.0
88,29,0,go,1.0,1.0
88,31,0,go,1.0,1.0
88,33,0,go,1.0,1.0
88,35,0,go,1.0,1.0
88,37,0,go,1.0,1.0
88,39,0,go,1.0,1.0
88,41,0,go,1.0,1.0
88,43,0,go,1.0,1.0
88,45,0,go,1.0,1.0
88,47,0,go,1.0,1.0
88,49,0,go,1.0,1.0
88,51,0,go,1.0,1.0
88,53,0,go,1.0,1.0
88,55,0,go,1.0,1.0
88,57,0,go,1.0,1.0
88,59,0,go,1.0,1.0
88,61,0,go,1.0,1.0
88,63,0,go,1.0,1.0
88,65,0,go,1.0,1.0
88,67,0,go,1.0,1.0
88,69,0,go,1.0,1.0
88,71,0,go,1.0,1.0
88,73,0,go,1.0,1.0
88,75,0,go,1.0,1.0
88,77,0,go,1.0,1.0
88,79,0,go,1.0,1.0
88,81,0,go,1.0,1.0
88,83,0,go,1.0,1.0
88,85,0,go,1.0,1.0
88,87,0,go,1.0,1.0
88,89,0,go,1.0,1.0
88,91,0,go,1.0,1.0
88,93,0,go,1.0,1.0
88,95,0,go,1.0,1.0
88,97,0,go,1.0,1.0
88,99,0,go,1.0,1.0
89,3,1,warning,0.31,0.7107
89,5,2,reiterate,0.34,0.7064
89,7,2,reiterate,0.31,1.3387
89,9,2,reiterate,0.29,1.3573
89,11,2,reiterate,0.21,1.4161
89,13,2,reiterate,0.16,1.4596
89,15,2,reiterate,0.1,1.487
89,17,2,reiterate,0.08,1.482
89,19,2,reiterate,0.02,1.5315
89,21,2,reiterate,0.01,1.498
89,23,2,reiterate,0.0,1.4995
89,25,2,reiterate,0.0,1.5
89,27,2,reiterate,0.0,1.5
89,29,2,reiterate,0.0,1.5
89,31,2,reiterate,0.0,1.5
89,33,2,reiterate,0.0,1.5
89,35,2,reiterate,0.0,1.5
89,37,2,reiterate,0.0,1.5
89,39,2,reiterate,0.0,1.5
89,41,2,reiterate,0.0,1.5
89,43,2,reiterate,0.0,1.5
89,45,2,reiterate,0.0,1.5
89,47,2,reiterate,0.0,1.5
89,49,2,reiterate,0.0,1.5
89,51,2,reiterate,0.0,1.5
89,53,2,reiterate,0.0,1.5
89,55,2,reiterate,0.0,1.5
89,57,2,reiterate,0.0,1.5
89,59,2,reiterate,0.0,1.5
89,61,2,reiterate,0.0,1.5
89,63,2,reiterate,0.0,1.5
89,65,2,reiterate,0.0,1.5
89,67,2,reiterate,0.0,1.5
89,69,2,reiterate,0.0,1.5
89,71,2,reiterate,0.0,1.5
89,73,2,reiterate,0.0,1.5
89,75,2,reiterate,0.0,1.5
89,77,2,reiterate,0.0,1.5
89,79,2,reiterate,0.0,1.5
89,81,2,reiterate,0.0,1.5
89,83,2,reiterate,0.0,1.5
89,85,2,reiterate,0.0,1.5
89,87,2,reiterate,0.0,1.5
89,89,2,reiterate,0.0,1.5
89,91,2,reiterate,0.0,1.5
89,93,2,reiterate,0.0,1.5
89,95,2,reiterate,0.0,1.5
89,97,2,reiterate,0.0,1.5
89,99,2,reiterate,0.0,1.5
90,3,1,warning,0.42,0.4536
90,5,0,go,0.56,0.0
90,7,0,go,0.75,0.0
90,9,0,go,0.82,0.0
90,11,0,go,0.85,0.0
90,13,0,go,0.92,0.0
90,15,0,go,0.99,0.0
90,17,0,go,0.99,1.0
90,19,0,go,0.99,1.0
90,21,0,go,1.0,1.0
90,23,0,go,1.0,1.0
90,25,0,go,1.0,1.0
90,27,0,go,1.0,1.0
90,29,0,go,1.0,1.0
90,31,0,go,1.0,1.0
90,33,0,go,1.0,1.0
90,35,0,go,1.0,1.0
90,37,0,go,1.0,1.0
90,39,0,go,1.0,1.0
90,41,0,go,1.0,1.0
90,43,0,go,1.0,1.0
90,45,0,go,1.0,1.0
90,47,0,go,1.0,1.0
90,49,0,go,1.0,1.0
90,51,0,go,1.0,1.0
90,53,0,go,1.0,1.0
90,55,0,go,1.0,1.0
90,57,0,go,1.0,1.0
90,59,0,go,1.0,1.0
90,61,0,go,1.0,1.0
90,63,0,go,1.0,1.0
90,65,0,go,1.0,1.0
90,67,0,go,1.0,1.0
90,69,0,go,1.0,1.0
90,71,0,go,1.0,1.0
90,73,0,go,1.0,1.0
90,75,0,go,1.0,1.0
90,77,0,go,1.0,1.0
90,79,0,go,1.0,1.0
90,81,0,go,1.0,1.0
90,83,0,go,1.0,1.0
90,85,0,go,1.0,1.0
90,87,0,go,1.0,1.0
90,89,0,go,1.0,1.0
90,91,0,go,1.0,1.0
90,93,0,go,1.0,1.0
90,95,0,go,1.0,1.0
90,97,0,go,1.0,1.0
90,99,0,go,1.0,1.0
91,3,1,warning,0.32,0.5575
91,5,2,reiterate,0.36,0.6065
91,7,2,reiterate,0.33,1.232
91,9,2,reiterate,0.28,1.3993
91,11,2,reiterate,0.24,1.4611
91,13,2,reiterate,0.16,1.5201
91,15,2,reiterate,0.08,1.505
91,17,2,reiterate,0.05,1.4975
91,19,2,reiterate,0.02,1.505
91,21,2,reiterate,0.0,1.509
91,23,2,reiterate,0.0,1.5
91,25,2,reiterate,0.0,1.5
91,27,2,reiterate,0.0,1.5
91,29,2,reiterate,0.0,1.5
91,31,2,reiterate,0.0,1.5
91,33,2,reiterate,0.0,1.5
91,35,2,reiterate,0.0,1.5
91,37,2,reiterate,0.0,1.5
91,39,2,reiterate,0.0,1.5
91,41,2,reiterate,0.0,1.5
91,43,2,reiterate,0.0,1.5
91,45,2,reiterate,0.0,1.5
91,47,2,reiterate,0.0,1.5
91,49,2,reiterate,0.0,1.5
91,51,2,reiterate,0.0,1.5
91,53,2,reiterate,0.0,1.5
91,55,2,reiterate,0.0,1.5
91,57,2,reiterate,0.0,1.5
91,59,2,reiterate,0.0,1.5
91,61,2,reiterate,0.0,1.5
91,63,2,reiterate,0.0,1.5
91,65,2,reiterate,0.0,1.5
91,67,2,reiterate,0.0,1.5
91,69,2,reiterate,0.0,1.5
91,71,2,reiterate,0.0,1.5
91,73,2,reiterate,0.0,1.5
91,75,2,reiterate,0.0,1.5
91,77,2,reiterate,0.0,1.5
91,79,2,reiterate,0.0,1.5
91,81,2,reiterate,0.0,1.5
91,83,2,reiterate,0.0,1.5
91,85,2,reiterate,0.0,1.5
91,87,2,reiterate,0.0,1.5
91,89,2,reiterate,0.0,1.5
91,91,2,reiterate,0.0,1.5
91,93,2,reiterate,0.0,1.5
91,95,2,reiterate,0.0,1.5
91,97,2,reiterate,0.0,1.5
91,99,2,reiterate,0.0,1.5
92,3,1,warning,0.55,0.2529
92,5,0,go,0.7,0.0
92,7,0,go,0.92,0.0
92,9,0,go,0.99,0.0
92,11,0,go,0.99,1.0
92,13,0,go,0.99,1.0
92,15,0,go,1.0,0.0
92,17,0,go,1.0,1.0
92,19,0,go,1.0,1.0
92,21,0,go,1.0,1.0
92,23,0,go,1.0,1.0
92,25,0,go,1.0,1.0
92,27,0,go,1.0,1.0
92,29,0,go,1.0,1.0
92,31,0,go,1.0,1.0
92,33,0,go,1.0,1.0
92,35,0,go,1.0,1.0
92,37,0,go,1.0,1.0
92,39,0,go,1.0,1.0
92,41,0,go,1.0,1.0
92,43,0,go,1.0,1.0
92,45,0,go,1.0,1.0
92,47,0,go,1.0,1.0
92,49,0,go,1.0,1.0
92,51,0,go,1.0,1.0
92,53,0,go,1.0,1.0
92,55,0,go,1.0,1.0
92,57,0,go,1.0,1.0
92,59,0,go,1.0,1.0
92,61,0,go,1.0,1.0
92,63,0,go,1.0,1.0
92,65,0,go,1.0,1.0
92,67,0,go,1.0,1.0
92,69,0,go,1.0,1.0
92,71,0,go,1.0,1.0
92,73,0,go,1.0,1.0
92,75,0,go,1.0,1.0
92,77,0,go,1.0,1.0
92,79,0,go,1.0,1.0
92,81,0,go,1.0,1.0
92,83,0,go,1.0,1.0
92,85,0,go,1.0,1.0
92,87,0,go,1.0,1.0
92,89,0,go,1.0,1.0
92,91,0,go,1.0,1.0
92,93,0,go,1.0,1.0
92,95,0,go,1.0,1.0
92,97,0,go,1.0,1.0
92,99,0,go,1.0,1.0
93,3,1,warning,0.28,0.6016
93,5,2,reiterate,0.28,1.2234
93,7,2,reiterate,0.19,1.4037
93,9,2,reiterate,0.14,1.3827
93,11,2,reiterate,0.11,1.4297
93,13,2,reiterate,0.07,1.5025
93,15,2,reiterate,0.02,1.493
93,17,2,reiterate,0.01,1.508
93,19,2,reiterate,0.0,1.5
93,21,2,reiterate,0.0,1.5
93,23,2,reiterate,0.0,1.5
93,25,2,reiterate,0.0,1.5
93,27,2,reiterate,0.0,1.5
93,29,2,reiterate,0.0,1.5
93,31,2,reiterate,0.0,1.5
93,33,2,reiterate,0.0,1.5
93,35,2,reiterate,0.0,1.5
93,37,2,reiterate,0.0,1.5
93,39,2,reiterate,0.0,1.5
93,41,2,reiterate,0.0,1.5
93,43,2,reiterate,0.0,1.5
93,45,2,reiterate,0.0,1.5
93,47,2,reiterate,0.0,1.5
93,49,2,reiterate,0.0,1.5
93,51,2,reiterate,0.0,1.5
93,53,2,reiterate,0.0,1.5
93,55,2,reiterate,0.0,1.5
93,57,2,reiterate,0.0,1.5
93,59,2,reiterate,0.0,1.5
93,61,2,reiterate,0.0,1.5
93,63,2,reiterate,0.0,1.5
93,65,2,reiterate,0.0,1.5
93,67,2,reiterate,0.0,1.5
93,69,2,reiterate,0.0,1.5
93,71,2,reiterate,0.0,1.5
93,73,2,reiterate,0.0,1.5
93,75,2,reiterate,0.0,1.5
93,77,2,reiterate,0.0,1.5
93,79,2,reiterate,0.0,1.5
93,81,2,reiterate,0.0,1.5
93,83,2,reiterate,0.0,1.5
93,85,2,reiterate,0.0,1.5
93,87,2,reiterate,0.0,1.5
93,89,2,reiterate,0.0,1.5
93,91,2,reiterate,0.0,1.5
93,93,2,reiterate,0.0,1.5
93,95,2,reiterate,0.0,1.5
93,97,2,reiterate,0.0,1.5
93,99,2,reiterate,0.0,1.5
94,3,1,warning,0.35,0.4495
94,5,2,reiterate,0.39,0.4846
94,7,3,static_b,0.39,1.1883
94,9,2,reiterate,0.32,1.2604
94,11,2,reiterate,0.28,1.2774
94,13,2,reiterate,0.22,1.2879
94,15,2,reiterate,0.18,1.314
94,17,2,reiterate,0.07,1.5365
94,19,2,reiterate,0.04,1.4915
94,21,2,reiterate,0.01,1.5165
94,23,2,reiterate,0.0,1.4995
94,25,2,reiterate,0.0,1.5
94,27,2,reiterate,0.0,1.5
94,29,2,reiterate,0.0,1.5
94,31,2,reiterate,0.0,1.5
94,33,2,reiterate,0.0,1.5
94,35,2,reiterate,0.0,1.5
94,37,2,reiterate,0.0,1.5
94,39,2,reiterate,0.0,1.5
94,41,2,reiterate,0.0,1.5
94,43,2,reiterate,0.0,1.5
94,45,2,reiterate,0.0,1.5
94,47,2,reiterate,0.0,1.5
94,49,2,reiterate,0.0,1.5
94,51,2,reiterate,0.0,1.5
94,53,2,reiterate,0.0,1.5
94,55,2,reiterate,0.0,1.5
94,57,2,reiterate,0.0,1.5
94,59,2,reiterate,0.0,1.5
94,61,2,reiterate,0.0,1.5
94,63,2,reiterate,0.0,1.5
94,65,2,reiterate,0.0,1.5
94,67,2,reiterate,0.0,1.5
94,69,2,reiterate,0.0,1.5
94,71,2,reiterate,0.0,1.5
94,73,2,reiterate,0.0,1.5
94,75,2,reiterate,0.0,1.5
94,77,2,reiterate,0.0,1.5
94,79,2,reiterate,0.0,1.5
94,81,2,reiterate,0.0,1.5
94,83,2,reiterate,0.0,1.5
94,85,2,reiterate,0.0,1.5
94,87,2,reiterate,0.0,1.5
94,89,2,reiterate,0.0,1.5
94,91,2,reiterate,0.0,1.5
94,93,2,reiterate,0.0,1.5
94,95,2,reiterate,0.0,1.5
94,97,2,reiterate,0.0,1.5
94,99,2,reiterate,0.0,1.5
95,3,1,warning,0.45,0.4537
95,5,0,go,0.55,0.0
95,7,0,go,0.69,0.0
95,9,0,go,0.78,0.0
95,11,0,go,0.83,0.0
95,13,0,go,0.86,0.0
95,15,0,go,0.92,1.0
95,17,0,go,0.98,0.0
95,19,0,go,1.0,0.0
95,21,0,go,1.0,1.0
95,23,0,go,1.0,1.0
95,25,0,go,1.0,1.0
95,27,0,go,1.0,1.0
95,29,0,go,1.0,1.0
95,31,0,go,1.0,1.0
95,33,0,go,1.0,1.0
95,35,0,go,1.0,1.0
95,37,0,go,1.0,1.0
95,39,0,go,1.0,1.0
95,41,0,go,1.0,1.0
95,43,0,go,1.0,1.0
95,45,0,go,1.0,1.0
95,47,0,go,1.0,1.0
95,49,0,go,1.0,1.0
95,51,0,go,1.0,1.0
95,53,0,go,1.0,1.0
95,55,0,go,1.0,1.0
95,57,0,go,1.0,1.0
95,59,0,go,1.0,1.0
95,61,0,go,1.0,1.0
95,63,0,go,1.0,1.0
95,65,0,go,1.0,1.0
95,67,0,go,1.0,1.0
95,69,0,go,1.0,1.0
95,71,0,go,1.0,1.0
95,73,0,go,1.0,1.0
95,75,0,go,1.0,1.0
95,77,0,go,1.0,1.0
95,79,0,go,1.0,1.0
95,81,0,go,1.0,1.0
95,83,0,go,1.0,1.0
95,85,0,go,1.0,1.0
95,87,0,go,1.0,1.0
95,89,0,go,1.0,1.0
95,91,0,go,1.0,1.0
95,93,0,go,1.0,1.0
95,95,0,go,1.0,1.0
95,97,0,go,1.0,1.0
95,99,0,go,1.0,1.0
96,3,1,warning,0.55,0.361
96,5,0,go,0.66,0.0
96,7,0,go,0.9,0.0
96,9,0,go,0.93,0.0
96,11,0,go,0.95,0.0
96,13,0,go,0.98,1.0
96,15,0,go,1.0,1.0
96,17,0,go,1.0,1.0
96,19,0,go,1.0,1.0
96,21,0,go,1.0,1.0
96,23,0,go,1.0,1.0
96,25,0,go,1.0,1.0
96,27,0,go,1.0,1.0
96,29,0,go,1.0,1.0
96,31,0,go,1.0,1.0
96,33,0,go,1.0,1.0
96,35,0,go,1.0,1.0
96,37,0,go,1.0,1.0
96,39,0,go,1.0,1.0
96,41,0,go,1.0,1.0
96,43,0,go,1.0,1.0
96,45,0,go,1.0,1.0
96,47,0,go,1.0,1.0
96,49,0,go,1.0,1.0
96,51,0,go,1.0,1.0
96,53,0,go,1.0,1.0
96,55,0,go,1.0,1.0
96,57,0,go,1.0,1.0
96,59,0,go,1.0,1.0
96,61,0,go,1.0,1.0
96,63,0,go,1.0,1.0
96,65,0,go,1.0,1.0
96,67,0,go,1.0,1.0
96,69,0,go,1.0,1.0
96,71,0,go,1.0,1.0
96,73,0,go,1.0,1.0
96,75,0,go,1.0,1.0
96,77,0,go,1.0,1.0
96,79,0,go,1.0,1.0
96,81,0,go,1.0,1.0
96,83,0,go,1.0,1.0
96,85,0,go,1.0,1.0
96,87,0,go,1.0,1.0
96,89,0,go,1.0,1.0
96,91,0,go,1.0,1.0
96,93,0,go,1.0,1.0
96,95,0,go,1.0,1.0
96,97,0,go,1.0,1.0
96,99,0,go,1.0,1.0
97,3,1,warning,0.45,0.3337
97,5,0,go,0.65,0.0
97,7,0,go,0.8,0.0
97,9,0,go,0.86,0.0
97,11,0,go,0.95,0.0
97,13,0,go,0.98,0.0
97,15,0,go,0.99,1.0
97,17,0,go,1.0,0.0
97,19,0,go,1.0,1.0
97,21,0,go,1.0,1.0
97,23,0,go,1.0,1.0
97,25,0,go,1.0,1.0
97,27,0,go,1.0,1.0
97,29,0,go,1.0,1.0
97,31,0,go,1.0,1.0
97,33,0,go,1.0,1.0
97,35,0,go,1.0,1.0
97,37,0,go,1.0,1.0
97,39,0,go,1.0,1.0
97,41,0,go,1.0,1.0
97,43,0,go,1.0,1.0
97,45,0,go,1.0,1.0
97,47,0,go,1.0,1.0
97,49,0,go,1.0,1.0
97,51,0,go,1.0,1.0
97,53,0,go,1.0,1.0
97,55,0,go,1.0,1.0
97,57,0,go,1.0,1.0
97,59,0,go,1.0,1.0
97,61,0,go,1.0,1.0
97,63,0,go,1.0,1.0
97,65,0,go,1.0,1.0
97,67,0,go,1.0,1.0
97,69,0,go,1.0,1.0
97,71,0,go,1.0,1.0
97,73,0,go,1.0,1.0
97,75,0,go,1.0,1.0
97,77,0,go,1.0,1.0
97,79,0,go,1.0,1.0
97,81,0,go,1.0,1.0
97,83,0,go,1.0,1.0
97,85,0,go,1.0,1.0
97,87,0,go,1.0,1.0
97,89,0,go,1.0,1.0
97,91,0,go,1.0,1.0
97,93,0,go,1.0,1.0
97,95,0,go,1.0,1.0
97,97,0,go,1.0,1.0
97,99,0,go,1.0,1.0
98,3,1,warning,0.31,0.6134
98,5,2,reiterate,0.34,0.5991
98,7,2,reiterate,0.38,0.6241
98,9,2,reiterate,0.35,1.174
98,11,2,reiterate,0.31,1.1755
98,13,2,reiterate,0.28,1.255
98,15,2,reiterate,0.25,1.328
98,17,2,reiterate,0.19,1.436
98,19,2,reiterate,0.14,1.5065
98,21,2,reiterate,0.09,1.4955
98,23,2,reiterate,0.02,1.528
98,25,2,reiterate,0.02,1.496
98,27,2,reiterate,0.0,1.518
98,29,2,reiterate,0.0,1.5
98,31,2,reiterate,0.0,1.5
98,33,2,reiterate,0.0,1.5
98,35,2,reiterate,0.0,1.5
98,37,2,reiterate,0.0,1.5
98,39,2,reiterate,0.0,1.5
98,41,2,reiterate,0.0,1.5
98,43,2,reiterate,0.0,1.5
98,45,2,reiterate,0.0,1.5
98,47,2,reiterate,0.0,1.5
98,49,2,reiterate,0.0,1.5
98,51,2,reiterate,0.0,1.5
98,53,2,reiterate,0.0,1.5
98,55,2,reiterate,0.0,1.5
98,57,2,reiterate,0.0,1.5
98,59,2,reiterate,0.0,1.5
98,61,2,reiterate,0.0,1.5
98,63,2,reiterate,0.0,1.5
98,65,2,reiterate,0.0,1.5
98,67,2,reiterate,0.0,1.5
98,69,2,reiterate,0.0,1.5
98,71,2,reiterate,0.0,1.5
98,73,2,reiterate,0.0,1.5
98,75,2,reiterate,0.0,1.5
98,77,2,reiterate,0.0,1.5
98,79,2,reiterate,0.0,1.5
98,81,2,reiterate,0.0,1.5
98,83,2,reiterate,0.0,1.5
98,85,2,reiterate,0.0,1.5
98,87,2,reiterate,0.0,1.5
98,89,2,reiterate,0.0,1.5
98,91,2,reiterate,0.0,1.5
98,93,2,reiterate,0.0,1.5
98,95,2,reiterate,0.0,1.5
98,97,2,reiterate,0.0,1.5
98,99,2,reiterate,0.0,1.5
99,3,1,warning,0.26,0.7143
99,5,2,reiterate,0.26,1.2943
99,7,2,reiterate,0.17,1.4548
99,9,2,reiterate,0.12,1.4494
99,11,2,reiterate,0.03,1.5345
99,13,2,reiterate,0.02,1.5049
99,15,2,reiterate,0.01,1.498
99,17,2,reiterate,0.0,1.4995
99,19,2,reiterate,0.0,1.5
99,21,2,reiterate,0.0,1.5
99,23,2,reiterate,0.0,1.5
99,25,2,reiterate,0.0,1.5
99,27,2,reiterate,0.0,1.5
99,29,2,reiterate,0.0,1.5
99,31,2,reiterate,0.0,1.5
99,33,2,reiterate,0.0,1.5
99,35,2,reiterate,0.0,1.5
99,37,2,reiterate,0.0,1.5
99,39,2,reiterate,0.0,1.5
99,41,2,reiterate,0.0,1.5
99,43,2,reiterate,0.0,1.5
99,45,2,reiterate,0.0,1.5
99,47,2,reiterate,0.0,1.5
99,49,2,reiterate,0.0,1.5
99,51,2,reiterate,0.0,1.5
99,53,2,reiterate,0.0,1.5
99,55,2,reiterate,0.0,1.5
99,57,2,reiterate,0.0,1.5
99,59,2,reiterate,0.0,1.5
99,61,2,reiterate,0.0,1.5
99,63,2,reiterate,0.0,1.5
99,65,2,reiterate,0.0,1.5
99,67,2,reiterate,0.0,1.5
99,69,2,reiterate,0.0,1.5
99,71,2,reiterate,0.0,1.5
99,73,2,reiterate,0.0,1.5
99,75,2,reiterate,0.0,1.5
99,77,2,reiterate,0.0,1.5
99,79,2,reiterate,0.0,1.5
99,81,2,reiterate,0.0,1.5
99,83,2,reiterate,0.0,1.5
99,85,2,reiterate,0.0,1.5
99,87,2,reiterate,0.0,1.5
99,89,2,reiterate,0.0,1.5
99,91,2,reiterate,0.0,1.5
99,93,2,reiterate,0.0,1.5
99,95,2,reiterate,0.0,1.5
99,97,2,reiterate,0.0,1.5
99,99,2,reiterate,0.0,1.5
