episode,tick,virality,reward
0,1,0.21,0.0
0,2,0.19,1.1544
0,3,0.33,0.5814
0,4,0.39,1.0
0,5,0.52,0.6009
0,6,0.58,0.5241
0,7,0.64,0.4501
0,8,0.66,0.0
0,9,0.69,0.0
0,10,0.73,0.4622
0,11,0.76,0.0
0,12,0.8,0.0
0,13,0.82,0.0
0,14,0.83,0.0
0,15,0.85,0.0
0,16,0.86,0.0
0,17,0.89,0.302
0,18,0.9,0.0
0,19,0.92,0.0
0,20,0.92,0.0
0,21,0.93,0.283
0,22,0.95,0.2845
0,23,0.95,0.0
0,24,0.95,0.7805
0,25,0.95,0.0
0,26,0.95,1.0
0,27,0.95,0.0
0,28,0.95,0.0
0,29,0.95,0.0
0,30,0.95,1.0
0,31,0.95,0.0
0,32,0.95,1.0
0,33,0.95,0.7825
0,34,0.95,0.0
0,35,0.95,0.78
0,36,0.95,0.0
0,37,0.95,0.0
0,38,0.95,1.0
0,39,0.95,0.0
0,40,0.95,0.0
0,41,0.95,0.0
0,42,0.95,0.779
0,43,0.95,0.7775
0,44,0.95,0.0
0,45,0.95,1.0
0,46,0.95,1.0
0,47,0.95,0.0
0,48,0.95,0.7815
0,49,0.95,0.0
0,50,0.95,0.7795
0,51,0.95,0.0
0,52,0.95,0.0
0,53,0.95,0.78
0,54,0.95,0.7785
0,55,0.95,0.0
0,56,0.95,0.0
0,57,0.95,1.0
0,58,0.95,1.0
0,59,0.95,0.0
0,60,0.95,0.0
0,61,0.95,0.0
0,62,0.95,0.0
0,63,0.95,0.0
0,64,0.95,0.7815
0,65,0.95,1.0
0,66,0.95,0.779
0,67,0.95,0.0
0,68,0.95,0.0
0,69,0.95,0.7805
0,70,0.95,0.0
0,71,0.95,1.0
0,72,0.95,0.0
0,73,0.95,1.0
0,74,0.95,1.0
0,75,0.95,0.0
0,76,0.95,0.0
0,77,0.95,1.0
0,78,0.95,0.0
0,79,0.95,0.7805
0,80,0.95,0.781
0,81,0.95,1.0
0,82,0.95,0.0
0,83,0.95,1.0
0,84,0.95,0.0
0,85,0.95,0.0
0,86,0.95,0.0
0,87,0.95,1.0
0,88,0.95,0.0
0,89,0.95,0.0
0,90,0.95,0.783
0,91,0.95,1.0
0,92,0.95,0.0
0,93,0.95,0.0
0,94,0.95,0.0
0,95,0.95,0.7795
0,96,0.95,0.78
0,97,0.95,0.0
0,98,0.95,0.0
0,99,0.95,0.0
0,100,0.95,0.778
1,1,0.13,0.0
1,2,0.13,1.1393
1,3,0.3,0.0
1,4,0.35,0.0
1,5,0.44,0.5764
1,6,0.49,1.0
1,7,0.52,0.5588
1,8,0.54,0.0
1,9,0.58,0.5433
1,10,0.59,0.4848
1,11,0.61,0.0
1,12,0.62,0.0
1,13,0.64,0.0
1,14,0.65,0.0
1,15,0.66,0.0
1,16,0.69,0.0
1,17,0.71,0.0
1,18,0.72,0.0
1,19,0.72,0.0
1,20,0.73,0.0
1,21,0.73,1.0
1,22,0.76,0.3975
1,23,0.8,0.0
1,24,0.84,0.0
1,25,0.84,0.0
1,26,0.84,0.0
1,27,0.85,0.3015
1,28,0.85,0.0
1,29,0.9,0.0
1,30,0.94,0.0
1,31,0.95,0.0
1,32,0.95,0.0
1,33,0.95,0.0
1,34,0.95,0.0
1,35,0.95,0.0
1,36,0.95,1.0
1,37,0.95,0.0
1,38,0.95,1.0
1,39,0.95,1.0
1,40,0.95,0.0
1,41,0.95,0.78
1,42,0.95,0.0
1,43,0.95,0.0
1,44,0.95,0.78
1,45,0.95,0.778
1,46,0.95,0.0
1,47,0.95,0.0
1,48,0.95,0.0
1,49,0.95,0.0
1,50,0.95,0.0
1,51,0.95,1.0
1,52,0.95,0.7775
1,53,0.95,0.0
1,54,0.95,0.0
1,55,0.95,0.0
1,56,0.95,0.7785
1,57,0.95,0.0
1,58,0.95,0.7795
1,59,0.95,1.0
1,60,0.95,0.782
1,61,0.95,0.782
1,62,0.95,0.0
1,63,0.95,0.7815
1,64,0.95,0.779
1,65,0.95,0.7795
1,66,0.95,0.0
1,67,0.95,0.0
1,68,0.95,0.0
1,69,0.95,0.0
1,70,0.95,0.784
1,71,0.95,0.78
1,72,0.95,0.781
1,73,0.95,0.778
1,74,0.95,0.7775
1,75,0.95,0.7785
1,76,0.95,0.0
1,77,0.95,0.0
1,78,0.95,0.0
1,79,0.95,0.0
1,80,0.95,1.0
1,81,0.95,0.0
1,82,0.95,0.0
1,83,0.95,0.7805
1,84,0.95,0.0
1,85,0.95,0.7785
1,86,0.95,0.7805
1,87,0.95,0.7825
1,88,0.95,0.0
1,89,0.95,0.0
1,90,0.95,0.0
1,91,0.95,0.0
1,92,0.95,0.0
1,93,0.95,0.0
1,94,0.95,0.0
1,95,0.95,1.0
1,96,0.95,0.0
1,97,0.95,0.0
1,98,0.95,0.7805
1,99,0.95,0.0
1,100,0.95,0.779
2,1,0.12,0.0
2,2,0.12,1.3318
2,3,0.14,1.0
2,4,0.13,1.0
2,5,0.11,1.0
2,6,0.1,1.482
2,7,0.05,1.0
2,8,0.04,1.0
2,9,0.02,1.0
2,10,0.01,1.506
2,11,0.01,1.0
2,12,0.01,1.0
2,13,0.0,1.0
2,14,0.0,1.0
2,15,0.0,1.0
2,16,0.0,1.0
2,17,0.0,1.0
2,18,0.0,1.0
2,19,0.0,1.0
2,20,0.0,1.0
2,21,0.0,1.0
2,22,0.0,1.0
2,23,0.0,1.0
2,24,0.0,1.0
2,25,0.0,1.0
2,26,0.0,1.0
2,27,0.0,1.0
2,28,0.0,1.0
2,29,0.0,1.5
2,30,0.0,1.5
2,31,0.0,1.0
2,32,0.0,1.5
2,33,0.0,1.0
2,34,0.0,1.5
2,35,0.0,1.0
2,36,0.0,1.0
2,37,0.0,1.5
2,38,0.0,1.0
2,39,0.0,1.0
2,40,0.0,1.0
2,41,0.0,1.0
2,42,0.0,1.5
2,43,0.0,1.0
2,44,0.0,1.0
2,45,0.0,1.5
2,46,0.0,1.0
2,47,0.0,1.5
2,48,0.0,1.0
2,49,0.0,1.0
2,50,0.0,1.0
2,51,0.0,1.0
2,52,0.0,1.0
2,53,0.0,1.0
2,54,0.0,1.0
2,55,0.0,1.0
2,56,0.0,1.5
2,57,0.0,1.5
2,58,0.0,1.5
2,59,0.0,1.0
2,60,0.0,1.5
2,61,0.0,1.0
2,62,0.0,1.5
2,63,0.0,1.0
2,64,0.0,1.0
2,65,0.0,1.0
2,66,0.0,1.0
2,67,0.0,1.0
2,68,0.0,1.0
2,69,0.0,1.0
2,70,0.0,1.0
2,71,0.0,1.0
2,72,0.0,1.5
2,73,0.0,1.5
2,74,0.0,1.5
2,75,0.0,1.5
2,76,0.0,1.5
2,77,0.0,1.5
2,78,0.0,1.5
2,79,0.0,1.0
2,80,0.0,1.5
2,81,0.0,1.0
2,82,0.0,1.0
2,83,0.0,1.0
2,84,0.0,1.0
2,85,0.0,1.0
2,86,0.0,1.0
2,87,0.0,1.0
2,88,0.0,1.0
2,89,0.0,1.0
2,90,0.0,1.0
2,91,0.0,1.0
2,92,0.0,1.5
2,93,0.0,1.5
2,94,0.0,1.0
2,95,0.0,1.5
2,96,0.0,1.0
2,97,0.0,1.5
2,98,0.0,1.0
2,99,0.0,1.5
2,100,0.0,1.0
3,1,0.14,0.0
3,2,0.14,1.1668
3,3,0.32,0.6412
3,4,0.32,1.0
3,5,0.33,0.7024
3,6,0.31,1.0
3,7,0.26,1.0
3,8,0.23,1.0
3,9,0.19,1.3342
3,10,0.13,1.4675
3,11,0.09,1.0
3,12,0.08,1.0
3,13,0.05,1.0
3,14,0.05,1.4895
3,15,0.02,1.0
3,16,0.01,1.0
3,17,0.0,1.5085
3,18,0.0,1.4995
3,19,0.0,1.0
3,20,0.0,1.5
3,21,0.0,1.0
3,22,0.0,1.0
3,23,0.0,1.5
3,24,0.0,1.0
3,25,0.0,1.0
3,26,0.0,1.0
3,27,0.0,1.0
3,28,0.0,1.0
3,29,0.0,1.0
3,30,0.0,1.0
3,31,0.0,1.0
3,32,0.0,1.0
3,33,0.0,1.0
3,34,0.0,1.0
3,35,0.0,1.0
3,36,0.0,1.0
3,37,0.0,1.5
3,38,0.0,1.5
3,39,0.0,1.5
3,40,0.0,1.0
3,41,0.0,1.0
3,42,0.0,1.5
3,43,0.0,1.0
3,44,0.0,1.0
3,45,0.0,1.0
3,46,0.0,1.0
3,47,0.0,1.0
3,48,0.0,1.0
3,49,0.0,1.0
3,50,0.0,1.0
3,51,0.0,1.0
3,52,0.0,1.0
3,53,0.0,1.0
3,54,0.0,1.0
3,55,0.0,1.0
3,56,0.0,1.0
3,57,0.0,1.0
3,58,0.0,1.0
3,59,0.0,1.0
3,60,0.0,1.0
3,61,0.0,1.0
3,62,0.0,1.5
3,63,0.0,1.0
3,64,0.0,1.5
3,65,0.0,1.5
3,66,0.0,1.0
3,67,0.0,1.0
3,68,0.0,1.0
3,69,0.0,1.0
3,70,0.0,1.0
3,71,0.0,1.0
3,72,0.0,1.0
3,73,0.0,1.5
3,74,0.0,1.5
3,75,0.0,1.0
3,76,0.0,1.0
3,77,0.0,1.0
3,78,0.0,1.0
3,79,0.0,1.0
3,80,0.0,1.0
3,81,0.0,1.5
3,82,0.0,1.0
3,83,0.0,1.0
3,84,0.0,1.5
3,85,0.0,1.0
3,86,0.0,1.0
3,87,0.0,1.0
3,88,0.0,1.0
3,89,0.0,1.0
3,90,0.0,1.0
3,91,0.0,1.0
3,92,0.0,1.0
3,93,0.0,1.5
3,94,0.0,1.0
3,95,0.0,1.0
3,96,0.0,1.5
3,97,0.0,1.0
3,98,0.0,1.0
3,99,0.0,1.0
3,100,0.0,1.0
4,1,0.11,0.0
4,2,0.11,1.199
4,3,0.19,0.0
4,4,0.18,1.0
4,5,0.16,1.0
4,6,0.12,1.0
4,7,0.06,1.0
4,8,0.04,1.0
4,9,0.04,1.0
4,10,0.02,1.0
4,11,0.01,1.5071
4,12,0.0,1.0
4,13,0.0,1.0
4,14,0.0,1.0
4,15,0.0,1.5
4,16,0.0,1.0
4,17,0.0,1.0
4,18,0.0,1.0
4,19,0.0,1.5
4,20,0.0,1.0
4,21,0.0,1.0
4,22,0.0,1.0
4,23,0.0,1.0
4,24,0.0,1.0
4,25,0.0,1.0
4,26,0.0,1.5
4,27,0.0,1.0
4,28,0.0,1.0
4,29,0.0,1.0
4,30,0.0,1.5
4,31,0.0,1.5
4,32,0.0,1.0
4,33,0.0,1.0
4,34,0.0,1.5
4,35,0.0,1.0
4,36,0.0,1.0
4,37,0.0,1.5
4,38,0.0,1.0
4,39,0.0,1.0
4,40,0.0,1.0
4,41,0.0,1.5
4,42,0.0,1.0
4,43,0.0,1.5
4,44,0.0,1.0
4,45,0.0,1.0
4,46,0.0,1.5
4,47,0.0,1.0
4,48,0.0,1.0
4,49,0.0,1.0
4,50,0.0,1.5
4,51,0.0,1.0
4,52,0.0,1.5
4,53,0.0,1.0
4,54,0.0,1.0
4,55,0.0,1.0
4,56,0.0,1.0
4,57,0.0,1.0
4,58,0.0,1.5
4,59,0.0,1.5
4,60,0.0,1.0
4,61,0.0,1.0
4,62,0.0,1.0
4,63,0.0,1.0
4,64,0.0,1.5
4,65,0.0,1.0
4,66,0.0,1.0
4,67,0.0,1.0
4,68,0.0,1.0
4,69,0.0,1.0
4,70,0.0,1.5
4,71,0.0,1.0
4,72,0.0,1.0
4,73,0.0,1.0
4,74,0.0,1.0
4,75,0.0,1.0
4,76,0.0,1.5
4,77,0.0,1.5
4,78,0.0,1.0
4,79,0.0,1.0
4,80,0.0,1.0
4,81,0.0,1.0
4,82,0.0,1.5
4,83,0.0,1.0
4,84,0.0,1.0
4,85,0.0,1.0
4,86,0.0,1.5
4,87,0.0,1.0
4,88,0.0,1.0
4,89,0.0,1.0
4,90,0.0,1.5
4,91,0.0,1.0
4,92,0.0,1.0
4,93,0.0,1.5
4,94,0.0,1.5
4,95,0.0,1.0
4,96,0.0,1.0
4,97,0.0,1.0
4,98,0.0,1.0
4,99,0.0,1.0
4,100,0.0,1.5
5,1,0.18,0.0
5,2,0.18,1.0
5,3,0.53,0.5994
5,4,0.53,0.0
5,5,0.69,0.0
5,6,0.69,1.0
5,7,0.76,0.0
5,8,0.77,0.0
5,9,0.81,0.3239
5,10,0.83,0.0
5,11,0.86,0.3601
5,12,0.87,0.0
5,13,0.88,0.0
5,14,0.91,0.0
5,15,0.91,0.74
5,16,0.93,0.0
5,17,0.94,0.0
5,18,0.95,0.0
5,19,0.95,0.0
5,20,0.95,0.0
5,21,0.95,0.7295
5,22,0.95,1.0
5,23,0.95,1.0
5,24,0.95,0.7805
5,25,0.95,0.0
5,26,0.95,0.0
5,27,0.95,0.7805
5,28,0.95,0.0
5,29,0.95,0.7815
5,30,0.95,0.7305
5,31,0.95,1.0
5,32,0.95,0.0
5,33,0.95,0.7805
5,34,0.95,0.0
5,35,0.95,0.0
5,36,0.95,0.0
5,37,0.95,0.0
5,38,0.95,0.0
5,39,0.95,0.0
5,40,0.95,0.0
5,41,0.95,0.7785
5,42,0.95,1.0
5,43,0.95,0.0
5,44,0.95,0.0
5,45,0.95,0.0
5,46,0.95,0.7815
5,47,0.95,0.0
5,48,0.95,0.0
5,49,0.95,1.0
5,50,0.95,0.7785
5,51,0.95,0.0
5,52,0.95,0.0
5,53,0.95,0.0
5,54,0.95,0.0
5,55,0.95,0.0
5,56,0.95,0.0
5,57,0.95,0.7295
5,58,0.95,0.7815
5,59,0.95,0.783
5,60,0.95,0.7805
5,61,0.95,0.0
5,62,0.95,0.0
5,63,0.95,0.0
5,64,0.95,1.0
5,65,0.95,1.0
5,66,0.95,0.0
5,67,0.95,0.73
5,68,0.95,0.0
5,69,0.95,0.0
5,70,0.95,0.0
5,71,0.95,0.0
5,72,0.95,0.0
5,73,0.95,1.0
5,74,0.95,0.7825
5,75,0.95,0.0
5,76,0.95,1.0
5,77,0.95,0.0
5,78,0.95,0.779
5,79,0.95,1.0
5,80,0.95,0.7805
5,81,0.95,0.78
5,82,0.95,0.0
5,83,0.95,0.779
5,84,0.95,0.7805
5,85,0.95,0.0
5,86,0.95,0.7815
5,87,0.95,0.78
5,88,0.95,1.0
5,89,0.95,1.0
5,90,0.95,1.0
5,91,0.95,0.781
5,92,0.95,0.0
5,93,0.95,0.0
5,94,0.95,1.0
5,95,0.95,0.0
5,96,0.95,0.781
5,97,0.95,1.0
5,98,0.95,1.0
5,99,0.95,0.0
5,100,0.95,1.0
6,1,0.13,0.0
6,2,0.13,1.1411
6,3,0.31,0.5308
6,4,0.32,0.0
6,5,0.45,1.0
6,6,0.55,0.0
6,7,0.59,0.5199
6,8,0.64,0.0
6,9,0.7,0.0
6,10,0.73,0.473
6,11,0.74,0.0
6,12,0.74,1.0
6,13,0.78,0.0
6,14,0.8,0.44
6,15,0.81,0.4335
6,16,0.83,0.427
6,17,0.83,0.869
6,18,0.85,0.0
6,19,0.85,0.856
6,20,0.88,0.0
6,21,0.9,0.0
6,22,0.91,0.0
6,23,0.92,0.0
6,24,0.92,0.0
6,25,0.94,0.0
6,26,0.94,0.0
6,27,0.95,0.0
6,28,0.95,0.0
6,29,0.95,1.0
6,30,0.95,0.0
6,31,0.95,0.0
6,32,0.95,0.0
6,33,0.95,1.0
6,34,0.95,0.7795
6,35,0.95,0.0
6,36,0.95,0.0
6,37,0.95,0.0
6,38,0.95,0.0
6,39,0.95,1.0
6,40,0.95,1.0
6,41,0.95,1.0
6,42,0.95,1.0
6,43,0.95,0.7815
6,44,0.95,0.0
6,45,0.95,0.0
6,46,0.95,0.0
6,47,0.95,0.0
6,48,0.95,0.0
6,49,0.95,1.0
6,50,0.95,1.0
6,51,0.95,0.0
6,52,0.95,1.0
6,53,0.95,1.0
6,54,0.95,0.783
6,55,0.95,0.0
6,56,0.95,1.0
6,57,0.95,0.0
6,58,0.95,0.0
6,59,0.95,1.0
6,60,0.95,0.7815
6,61,0.95,0.0
6,62,0.95,1.0
6,63,0.95,0.0
6,64,0.95,0.0
6,65,0.95,1.0
6,66,0.95,0.0
6,67,0.95,1.0
6,68,0.95,0.0
6,69,0.95,0.7825
6,70,0.95,0.7805
6,71,0.95,1.0
6,72,0.95,0.78
6,73,0.95,0.0
6,74,0.95,0.0
6,75,0.95,0.0
6,76,0.95,0.0
6,77,0.95,0.0
6,78,0.95,0.0
6,79,0.95,0.779
6,80,0.95,1.0
6,81,0.95,0.7825
6,82,0.95,0.0
6,83,0.95,0.0
6,84,0.95,0.0
6,85,0.95,0.78
6,86,0.95,1.0
6,87,0.95,1.0
6,88,0.95,0.0
6,89,0.95,1.0
6,90,0.95,1.0
6,91,0.95,1.0
6,92,0.95,0.0
6,93,0.95,0.0
6,94,0.95,0.0
6,95,0.95,0.0
6,96,0.95,1.0
6,97,0.95,0.0
6,98,0.95,0.779
6,99,0.95,1.0
6,100,0.95,1.0
7,1,0.11,0.0
7,2,0.11,1.2058
7,3,0.25,0.0
7,4,0.25,1.0
7,5,0.33,0.678
7,6,0.33,1.1983
7,7,0.29,1.0
7,8,0.28,1.0
7,9,0.23,1.4013
7,10,0.21,1.3888
7,11,0.19,1.4563
7,12,0.17,1.0
7,13,0.15,1.4763
7,14,0.14,1.0
7,15,0.12,1.0
7,16,0.06,1.541
7,17,0.02,1.528
7,18,0.01,1.0
7,19,0.01,1.0
7,20,0.01,1.0
7,21,0.01,1.0
7,22,0.01,1.4985
7,23,0.0,1.0
7,24,0.0,1.0
7,25,0.0,1.0
7,26,0.0,1.5
7,27,0.0,1.5
7,28,0.0,1.5
7,29,0.0,1.5
7,30,0.0,1.0
7,31,0.0,1.0
7,32,0.0,1.5
7,33,0.0,1.0
7,34,0.0,1.0
7,35,0.0,1.0
7,36,0.0,1.5
7,37,0.0,1.5
7,38,0.0,1.0
7,39,0.0,1.0
7,40,0.0,1.0
7,41,0.0,1.5
7,42,0.0,1.0
7,43,0.0,1.0
7,44,0.0,1.0
7,45,0.0,1.5
7,46,0.0,1.0
7,47,0.0,1.0
7,48,0.0,1.0
7,49,0.0,1.5
7,50,0.0,1.5
7,51,0.0,1.0
7,52,0.0,1.0
7,53,0.0,1.0
7,54,0.0,1.0
7,55,0.0,1.0
7,56,0.0,1.5
7,57,0.0,1.5
7,58,0.0,1.0
7,59,0.0,1.0
7,60,0.0,1.0
7,61,0.0,1.0
7,62,0.0,1.5
7,63,0.0,1.0
7,64,0.0,1.5
7,65,0.0,1.0
7,66,0.0,1.0
7,67,0.0,1.0
7,68,0.0,1.0
7,69,0.0,1.0
7,70,0.0,1.0
7,71,0.0,1.0
7,72,0.0,1.0
7,73,0.0,1.0
7,74,0.0,1.0
7,75,0.0,1.0
7,76,0.0,1.0
7,77,0.0,1.0
7,78,0.0,1.5
7,79,0.0,1.0
7,80,0.0,1.5
7,81,0.0,1.0
7,82,0.0,1.5
7,83,0.0,1.0
7,84,0.0,1.5
7,85,0.0,1.0
7,86,0.0,1.0
7,87,0.0,1.5
7,88,0.0,1.0
7,89,0.0,1.0
7,90,0.0,1.5
7,91,0.0,1.0
7,92,0.0,1.0
7,93,0.0,1.5
7,94,0.0,1.0
7,95,0.0,1.5
7,96,0.0,1.0
7,97,0.0,1.5
7,98,0.0,1.0
7,99,0.0,1.0
7,100,0.0,1.5
8,1,0.15,0.0
8,2,0.15,1.1507
8,3,0.27,1.0
8,4,0.28,0.7466
8,5,0.29,0.7832
8,6,0.26,1.0
8,7,0.25,1.0
8,8,0.21,1.0
8,9,0.17,1.4823
8,10,0.14,1.0
8,11,0.1,1.0
8,12,0.09,1.4851
8,13,0.07,1.0
8,14,0.04,1.0
8,15,0.03,1.0
8,16,0.01,1.0
8,17,0.01,1.0
8,18,0.01,1.4985
8,19,0.0,1.0
8,20,0.0,1.0
8,21,0.0,1.0
8,22,0.0,1.0
8,23,0.0,1.0
8,24,0.0,1.0
8,25,0.0,1.5
8,26,0.0,1.0
8,27,0.0,1.0
8,28,0.0,1.0
8,29,0.0,1.0
8,30,0.0,1.0
8,31,0.0,1.0
8,32,0.0,1.0
8,33,0.0,1.0
8,34,0.0,1.0
8,35,0.0,1.0
8,36,0.0,1.0
8,37,0.0,1.0
8,38,0.0,1.0
8,39,0.0,1.5
8,40,0.0,1.0
8,41,0.0,1.0
8,42,0.0,1.0
8,43,0.0,1.0
8,44,0.0,1.0
8,45,0.0,1.0
8,46,0.0,1.5
8,47,0.0,1.0
8,48,0.0,1.0
8,49,0.0,1.0
8,50,0.0,1.5
8,51,0.0,1.0
8,52,0.0,1.0
8,53,0.0,1.0
8,54,0.0,1.0
8,55,0.0,1.0
8,56,0.0,1.0
8,57,0.0,1.0
8,58,0.0,1.0
8,59,0.0,1.0
8,60,0.0,1.0
8,61,0.0,1.5
8,62,0.0,1.0
8,63,0.0,1.0
8,64,0.0,1.5
8,65,0.0,1.0
8,66,0.0,1.0
8,67,0.0,1.0
8,68,0.0,1.0
8,69,0.0,1.5
8,70,0.0,1.0
8,71,0.0,1.0
8,72,0.0,1.0
8,73,0.0,1.0
8,74,0.0,1.0
8,75,0.0,1.5
8,76,0.0,1.0
8,77,0.0,1.5
8,78,0.0,1.0
8,79,0.0,1.0
8,80,0.0,1.0
8,81,0.0,1.0
8,82,0.0,1.5
8,83,0.0,1.0
8,84,0.0,1.0
8,85,0.0,1.0
8,86,0.0,1.0
8,87,0.0,1.5
8,88,0.0,1.0
8,89,0.0,1.0
8,90,0.0,1.0
8,91,0.0,1.5
8,92,0.0,1.0
8,93,0.0,1.0
8,94,0.0,1.0
8,95,0.0,1.0
8,96,0.0,1.5
8,97,0.0,1.5
8,98,0.0,1.0
8,99,0.0,1.0
8,100,0.0,1.0
9,1,0.13,0.0
9,2,0.13,1.2108
9,3,0.21,0.0
9,4,0.21,1.0
9,5,0.21,1.0
9,6,0.17,1.0
9,7,0.1,1.4846
9,8,0.09,1.0
9,9,0.06,1.5138
9,10,0.04,1.0
9,11,0.02,1.513
9,12,0.02,1.0
9,13,0.01,1.0
9,14,0.0,1.0
9,15,0.0,1.0
9,16,0.0,1.0
9,17,0.0,1.0
9,18,0.0,1.0
9,19,0.0,1.0
9,20,0.0,1.5
9,21,0.0,1.0
9,22,0.0,1.0
9,23,0.0,1.0
9,24,0.0,1.0
9,25,0.0,1.0
9,26,0.0,1.0
9,27,0.0,1.0
9,28,0.0,1.0
9,29,0.0,1.0
9,30,0.0,1.0
9,31,0.0,1.5
9,32,0.0,1.0
9,33,0.0,1.0
9,34,0.0,1.0
9,35,0.0,1.0
9,36,0.0,1.0
9,37,0.0,1.0
9,38,0.0,1.0
9,39,0.0,1.0
9,40,0.0,1.0
9,41,0.0,1.0
9,42,0.0,1.0
9,43,0.0,1.0
9,44,0.0,1.0
9,45,0.0,1.0
9,46,0.0,1.0
9,47,0.0,1.0
9,48,0.0,1.0
9,49,0.0,1.0
9,50,0.0,1.0
9,51,0.0,1.0
9,52,0.0,1.0
9,53,0.0,1.0
9,54,0.0,1.0
9,55,0.0,1.0
9,56,0.0,1.0
9,57,0.0,1.0
9,58,0.0,1.0
9,59,0.0,1.5
9,60,0.0,1.0
9,61,0.0,1.0
9,62,0.0,1.0
9,63,0.0,1.0
9,64,0.0,1.5
9,65,0.0,1.0
9,66,0.0,1.0
9,67,0.0,1.0
9,68,0.0,1.0
9,69,0.0,1.0
9,70,0.0,1.0
9,71,0.0,1.0
9,72,0.0,1.5
9,73,0.0,1.0
9,74,0.0,1.0
9,75,0.0,1.0
9,76,0.0,1.0
9,77,0.0,1.0
9,78,0.0,1.0
9,79,0.0,1.5
9,80,0.0,1.5
9,81,0.0,1.0
9,82,0.0,1.0
9,83,0.0,1.0
9,84,0.0,1.0
9,85,0.0,1.0
9,86,0.0,1.0
9,87,0.0,1.0
9,88,0.0,1.5
9,89,0.0,1.0
9,90,0.0,1.5
9,91,0.0,1.0
9,92,0.0,1.0
9,93,0.0,1.5
9,94,0.0,1.0
9,95,0.0,1.0
9,96,0.0,1.0
9,97,0.0,1.0
9,98,0.0,1.0
9,99,0.0,1.0
9,100,0.0,1.5
10,1,0.12,0.0
10,2,0.12,1.3445
10,3,0.12,1.0
10,4,0.12,1.0
10,5,0.1,1.0
10,6,0.09,1.0
10,7,0.07,1.0
10,8,0.03,1.0
10,9,0.02,1.0
10,10,0.01,1.0
10,11,0.01,1.0
10,12,0.01,1.0
10,13,0.01,1.0
10,14,0.0,1.509
10,15,0.0,1.0
10,16,0.0,1.0
10,17,0.0,1.0
10,18,0.0,1.0
10,19,0.0,1.5
10,20,0.0,1.0
10,21,0.0,1.0
10,22,0.0,1.0
10,23,0.0,1.0
10,24,0.0,1.0
10,25,0.0,1.0
10,26,0.0,1.0
10,27,0.0,1.0
10,28,0.0,1.5
10,29,0.0,1.0
10,30,0.0,1.5
10,31,0.0,1.0
10,32,0.0,1.0
10,33,0.0,1.0
10,34,0.0,1.0
10,35,0.0,1.0
10,36,0.0,1.0
10,37,0.0,1.5
10,38,0.0,1.0
10,39,0.0,1.0
10,40,0.0,1.0
10,41,0.0,1.5
10,42,0.0,1.0
10,43,0.0,1.5
10,44,0.0,1.0
10,45,0.0,1.0
10,46,0.0,1.0
10,47,0.0,1.0
10,48,0.0,1.0
10,49,0.0,1.5
10,50,0.0,1.0
10,51,0.0,1.0
10,52,0.0,1.0
10,53,0.0,1.0
10,54,0.0,1.0
10,55,0.0,1.0
10,56,0.0,1.0
10,57,0.0,1.0
10,58,0.0,1.0
10,59,0.0,1.0
10,60,0.0,1.0
10,61,0.0,1.5
10,62,0.0,1.0
10,63,0.0,1.0
10,64,0.0,1.0
10,65,0.0,1.0
10,66,0.0,1.0
10,67,0.0,1.0
10,68,0.0,1.0
10,69,0.0,1.0
10,70,0.0,1.0
10,71,0.0,1.0
10,72,0.0,1.0
10,73,0.0,1.0
10,74,0.0,1.0
10,75,0.0,1.0
10,76,0.0,1.0
10,77,0.0,1.0
10,78,0.0,1.5
10,79,0.0,1.0
10,80,0.0,1.0
10,81,0.0,1.0
10,82,0.0,1.0
10,83,0.0,1.0
10,84,0.0,1.0
10,85,0.0,1.0
10,86,0.0,1.0
10,87,0.0,1.0
10,88,0.0,1.0
10,89,0.0,1.5
10,90,0.0,1.5
10,91,0.0,1.0
10,92,0.0,1.5
10,93,0.0,1.0
10,94,0.0,1.0
10,95,0.0,1.5
10,96,0.0,1.0
10,97,0.0,1.0
10,98,0.0,1.0
10,99,0.0,1.5
10,100,0.0,1.0
11,1,0.18,0.0
11,2,0.18,1.0038
11,3,0.46,1.0
11,4,0.55,0.0
11,5,0.64,0.0
11,6,0.72,0.0
11,7,0.84,0.0
11,8,0.89,0.0
11,9,0.95,0.0277
11,10,0.95,0.0
11,11,0.97,0.0
11,12,0.92,0.7376
11,13,0.93,0.0
11,14,0.94,0.1826
11,15,0.95,0.0
11,16,0.95,0.0
11,17,0.95,1.0
11,18,0.95,0.684
11,19,0.95,1.0
11,20,0.95,0.681
11,21,0.95,0.6795
11,22,0.95,0.0
11,23,0.95,0.0
11,24,0.95,0.0
11,25,0.95,0.6775
11,26,0.95,0.0
11,27,0.95,0.0
11,28,0.95,1.0
11,29,0.95,0.0
11,30,0.95,0.685
11,31,0.95,1.0
11,32,0.95,0.0
11,33,0.95,1.0
11,34,0.95,0.0
11,35,0.95,0.681
11,36,0.95,1.0
11,37,0.95,1.0
11,38,0.95,0.0
11,39,0.95,0.6805
11,40,0.95,1.0
11,41,0.95,1.0
11,42,0.95,0.683
11,43,0.95,0.679
11,44,0.95,0.0
11,45,0.95,0.0
11,46,0.95,0.0
11,47,0.95,1.0
11,48,0.95,0.0
11,49,0.95,0.0
11,50,0.95,0.0
11,51,0.95,1.0
11,52,0.95,0.68
11,53,0.95,0.0
11,54,0.95,1.0
11,55,0.95,0.0
11,56,0.95,0.0
11,57,0.95,0.0
11,58,0.95,0.0
11,59,0.95,1.0
11,60,0.95,0.0
11,61,0.95,0.678
11,62,0.95,1.0
11,63,0.95,1.0
11,64,0.95,0.679
11,65,0.95,0.6785
11,66,0.95,0.6815
11,67,0.95,0.0
11,68,0.95,0.0
11,69,0.95,0.0
11,70,0.95,1.0
11,71,0.95,1.0
11,72,0.95,0.678
11,73,0.95,1.0
11,74,0.95,0.6815
11,75,0.95,1.0
11,76,0.95,0.0
11,77,0.95,1.0
11,78,0.95,1.0
11,79,0.95,0.678
11,80,0.95,1.0
11,81,0.95,0.682
11,82,0.95,0.0
11,83,0.95,1.0
11,84,0.95,0.0
11,85,0.95,0.6815
11,86,0.95,0.0
11,87,0.95,0.681
11,88,0.95,1.0
11,89,0.95,1.0
11,90,0.95,0.0
11,91,0.95,1.0
11,92,0.95,0.0
11,93,0.95,1.0
11,94,0.95,0.6775
11,95,0.95,0.0
11,96,0.95,0.679
11,97,0.95,1.0
11,98,0.95,0.68
11,99,0.95,0.68
11,100,0.95,1.0
12,1,0.19,0.0
12,2,0.19,1.0
12,3,0.59,0.3542
12,4,0.6,0.0
12,5,0.81,0.1807
12,6,0.83,0.0617
12,7,0.89,0.0
12,8,0.9,0.0327
12,9,0.87,0.83
12,10,0.9,0.0
12,11,0.9,0.7888
12,12,0.92,0.2883
12,13,0.93,0.0
12,14,0.93,0.7848
12,15,0.93,1.0
12,16,0.94,0.0
12,17,0.95,0.0
12,18,0.95,0.0
12,19,0.95,0.0
12,20,0.95,1.0
12,21,0.95,0.7835
12,22,0.95,0.0
12,23,0.95,0.0
12,24,0.95,0.7795
12,25,0.95,0.0
12,26,0.95,0.779
12,27,0.95,0.0
12,28,0.95,0.779
12,29,0.95,1.0
12,30,0.95,0.0
12,31,0.95,0.0
12,32,0.95,0.781
12,33,0.95,0.0
12,34,0.95,0.0
12,35,0.95,0.78
12,36,0.95,0.0
12,37,0.95,1.0
12,38,0.95,1.0
12,39,0.95,1.0
12,40,0.95,0.0
12,41,0.95,0.781
12,42,0.95,0.0
12,43,0.95,0.0
12,44,0.95,0.0
12,45,0.95,0.7825
12,46,0.95,0.0
12,47,0.95,0.0
12,48,0.95,0.0
12,49,0.95,0.0
12,50,0.95,0.0
12,51,0.95,0.0
12,52,0.95,1.0
12,53,0.95,0.7785
12,54,0.95,0.0
12,55,0.95,0.0
12,56,0.95,0.0
12,57,0.95,0.0
12,58,0.95,1.0
12,59,0.95,0.782
12,60,0.95,0.0
12,61,0.95,0.0
12,62,0.95,1.0
12,63,0.95,1.0
12,64,0.95,0.0
12,65,0.95,1.0
12,66,0.95,0.0
12,67,0.95,0.7785
12,68,0.95,0.7785
12,69,0.95,0.0
12,70,0.95,0.0
12,71,0.95,1.0
12,72,0.95,0.0
12,73,0.95,1.0
12,74,0.95,1.0
12,75,0.95,0.0
12,76,0.95,1.0
12,77,0.95,0.0
12,78,0.95,0.78
12,79,0.95,0.0
12,80,0.95,1.0
12,81,0.95,1.0
12,82,0.95,0.777
12,83,0.95,1.0
12,84,0.95,1.0
12,85,0.95,1.0
12,86,0.95,0.0
12,87,0.95,0.0
12,88,0.95,0.0
12,89,0.95,1.0
12,90,0.95,1.0
12,91,0.95,0.7795
12,92,0.95,0.0
12,93,0.95,0.0
12,94,0.95,1.0
12,95,0.95,0.781
12,96,0.95,0.0
12,97,0.95,1.0
12,98,0.95,0.78
12,99,0.95,0.0
12,100,0.95,0.0
13,1,0.19,0.0
13,2,0.19,1.0
13,3,0.51,0.0
13,4,0.51,1.0
13,5,0.81,0.0
13,6,0.82,0.0
13,7,0.88,0.14
13,8,0.84,0.8928
13,9,0.89,0.0
13,10,0.92,0.3385
13,11,0.93,0.2866
13,12,0.93,0.0
13,13,0.93,1.0
13,14,0.94,0.2839
13,15,0.94,0.0
13,16,0.95,0.0
13,17,0.95,0.0
13,18,0.95,1.0
13,19,0.95,1.0
13,20,0.95,0.0
13,21,0.95,0.0
13,22,0.95,0.781
13,23,0.95,0.0
13,24,0.95,1.0
13,25,0.95,1.0
13,26,0.95,1.0
13,27,0.95,0.779
13,28,0.95,1.0
13,29,0.95,0.7785
13,30,0.95,1.0
13,31,0.95,0.0
13,32,0.95,0.78
13,33,0.95,0.0
13,34,0.95,0.0
13,35,0.95,0.0
13,36,0.95,0.782
13,37,0.95,1.0
13,38,0.95,0.0
13,39,0.95,1.0
13,40,0.95,0.0
13,41,0.95,1.0
13,42,0.95,0.7805
13,43,0.95,0.0
13,44,0.95,1.0
13,45,0.95,1.0
13,46,0.95,0.0
13,47,0.95,1.0
13,48,0.95,0.0
13,49,0.95,0.778
13,50,0.95,0.0
13,51,0.95,0.0
13,52,0.95,0.0
13,53,0.95,0.7805
13,54,0.95,1.0
13,55,0.95,0.0
13,56,0.95,0.0
13,57,0.95,0.0
13,58,0.95,1.0
13,59,0.95,1.0
13,60,0.95,0.0
13,61,0.95,0.0
13,62,0.95,1.0
13,63,0.95,1.0
13,64,0.95,0.0
13,65,0.95,0.0
13,66,0.95,1.0
13,67,0.95,0.0
13,68,0.95,1.0
13,69,0.95,0.0
13,70,0.95,0.0
13,71,0.95,1.0
13,72,0.95,0.0
13,73,0.95,1.0
13,74,0.95,0.7795
13,75,0.95,0.778
13,76,0.95,0.0
13,77,0.95,0.0
13,78,0.95,1.0
13,79,0.95,0.0
13,80,0.95,0.0
13,81,0.95,0.7775
13,82,0.95,0.0
13,83,0.95,0.7795
13,84,0.95,0.779
13,85,0.95,0.78
13,86,0.95,0.0
13,87,0.95,0.0
13,88,0.95,0.0
13,89,0.95,1.0
13,90,0.95,1.0
13,91,0.95,0.0
13,92,0.95,0.0
13,93,0.95,0.0
13,94,0.95,1.0
13,95,0.95,1.0
13,96,0.95,0.0
13,97,0.95,0.0
13,98,0.95,0.779
13,99,0.95,1.0
13,100,0.95,0.7815
14,1,0.12,0.0
14,2,0.12,1.2799
14,3,0.17,1.0
14,4,0.17,1.3653
14,5,0.17,1.0
14,6,0.15,1.4368
14,7,0.07,1.0
14,8,0.03,1.5271
14,9,0.01,1.0
14,10,0.01,1.0
14,11,0.01,1.4975
14,12,0.01,1.0
14,13,0.01,1.0
14,14,0.0,1.0
14,15,0.0,1.0
14,16,0.0,1.0
14,17,0.0,1.5
14,18,0.0,1.0
14,19,0.0,1.5
14,20,0.0,1.5
14,21,0.0,1.0
14,22,0.0,1.0
14,23,0.0,1.0
14,24,0.0,1.0
14,25,0.0,1.5
14,26,0.0,1.0
14,27,0.0,1.0
14,28,0.0,1.0
14,29,0.0,1.0
14,30,0.0,1.0
14,31,0.0,1.5
14,32,0.0,1.0
14,33,0.0,1.0
14,34,0.0,1.0
14,35,0.0,1.5
14,36,0.0,1.0
14,37,0.0,1.0
14,38,0.0,1.5
14,39,0.0,1.0
14,40,0.0,1.0
14,41,0.0,1.0
14,42,0.0,1.0
14,43,0.0,1.0
14,44,0.0,1.5
14,45,0.0,1.0
14,46,0.0,1.5
14,47,0.0,1.5
14,48,0.0,1.5
14,49,0.0,1.0
14,50,0.0,1.0
14,51,0.0,1.0
14,52,0.0,1.0
14,53,0.0,1.0
14,54,0.0,1.0
14,55,0.0,1.0
14,56,0.0,1.0
14,57,0.0,1.0
14,58,0.0,1.5
14,59,0.0,1.0
14,60,0.0,1.0
14,61,0.0,1.0
14,62,0.0,1.0
14,63,0.0,1.0
14,64,0.0,1.0
14,65,0.0,1.0
14,66,0.0,1.0
14,67,0.0,1.0
14,68,0.0,1.5
14,69,0.0,1.0
14,70,0.0,1.0
14,71,0.0,1.0
14,72,0.0,1.5
14,73,0.0,1.0
14,74,0.0,1.0
14,75,0.0,1.0
14,76,0.0,1.5
14,77,0.0,1.0
14,78,0.0,1.0
14,79,0.0,1.5
14,80,0.0,1.0
14,81,0.0,1.0
14,82,0.0,1.0
14,83,0.0,1.0
14,84,0.0,1.0
14,85,0.0,1.0
14,86,0.0,1.0
14,87,0.0,1.5
14,88,0.0,1.0
14,89,0.0,1.0
14,90,0.0,1.0
14,91,0.0,1.0
14,92,0.0,1.5
14,93,0.0,1.0
14,94,0.0,1.0
14,95,0.0,1.0
14,96,0.0,1.0
14,97,0.0,1.0
14,98,0.0,1.0
14,99,0.0,1.0
14,100,0.0,1.5
15,1,0.19,0.0
15,2,0.19,1.0
15,3,0.58,0.4628
15,4,0.58,0.9346
15,5,0.73,0.0
15,6,0.77,0.3331
15,7,0.86,0.0
15,8,0.88,0.0
15,9,0.9,0.0
15,10,0.91,0.0
15,11,0.93,0.0
15,12,0.94,0.0
15,13,0.94,0.7825
15,14,0.94,0.0
15,15,0.95,0.2795
15,16,0.95,0.0
15,17,0.95,1.0
15,18,0.95,0.0
15,19,0.95,1.0
15,20,0.95,0.0
15,21,0.95,1.0
15,22,0.95,0.0
15,23,0.95,0.0
15,24,0.95,1.0
15,25,0.95,0.0
15,26,0.95,0.0
15,27,0.95,0.777
15,28,0.95,1.0
15,29,0.95,0.0
15,30,0.95,1.0
15,31,0.95,0.7815
15,32,0.95,0.0
15,33,0.95,0.0
15,34,0.95,1.0
15,35,0.95,0.781
15,36,0.95,0.0
15,37,0.95,0.784
15,38,0.95,0.0
15,39,0.95,0.0
15,40,0.95,0.7295
15,41,0.95,0.0
15,42,0.95,0.0
15,43,0.95,1.0
15,44,0.95,0.0
15,45,0.95,1.0
15,46,0.95,1.0
15,47,0.95,0.0
15,48,0.95,0.0
15,49,0.95,1.0
15,50,0.95,0.0
15,51,0.95,1.0
15,52,0.95,1.0
15,53,0.95,0.0
15,54,0.95,0.0
15,55,0.95,1.0
15,56,0.95,0.0
15,57,0.95,1.0
15,58,0.95,1.0
15,59,0.95,1.0
15,60,0.95,1.0
15,61,0.95,0.0
15,62,0.95,0.0
15,63,0.95,1.0
15,64,0.95,0.0
15,65,0.95,0.0
15,66,0.95,1.0
15,67,0.95,1.0
15,68,0.95,1.0
15,69,0.95,0.7815
15,70,0.95,0.0
15,71,0.95,0.0
15,72,0.95,0.0
15,73,0.95,0.0
15,74,0.95,0.0
15,75,0.95,0.0
15,76,0.95,1.0
15,77,0.95,1.0
15,78,0.95,1.0
15,79,0.95,0.0
15,80,0.95,0.0
15,81,0.95,0.0
15,82,0.95,1.0
15,83,0.95,0.0
15,84,0.95,0.0
15,85,0.95,0.0
15,86,0.95,1.0
15,87,0.95,0.0
15,88,0.95,0.0
15,89,0.95,0.0
15,90,0.95,0.7305
15,91,0.95,0.7775
15,92,0.95,0.0
15,93,0.95,0.0
15,94,0.95,0.0
15,95,0.95,0.0
15,96,0.95,1.0
15,97,0.95,0.73
15,98,0.95,0.0
15,99,0.95,0.73
15,100,0.95,0.7325
16,1,0.2,0.0
16,2,0.2,1.0
16,3,0.36,0.0
16,4,0.54,0.0
16,5,0.61,0.0
16,6,0.69,0.0
16,7,0.74,0.2986
16,8,0.79,0.0
16,9,0.79,1.0
16,10,0.86,0.0
16,11,0.89,0.0
16,12,0.92,0.0811
16,13,0.89,0.827
16,14,0.89,0.791
16,15,0.93,0.0
16,16,0.93,1.0
16,17,0.95,0.0
16,18,0.95,0.0
16,19,0.95,0.0
16,20,0.95,0.0
16,21,0.95,0.7295
16,22,0.95,1.0
16,23,0.95,1.0
16,24,0.95,0.0
16,25,0.95,1.0
16,26,0.95,0.7295
16,27,0.95,0.0
16,28,0.95,0.7805
16,29,0.95,0.78
16,30,0.95,0.0
16,31,0.95,1.0
16,32,0.95,0.0
16,33,0.95,0.7805
16,34,0.95,1.0
16,35,0.95,0.7785
16,36,0.95,1.0
16,37,0.95,0.0
16,38,0.95,1.0
16,39,0.95,1.0
16,40,0.95,0.0
16,41,0.95,0.0
16,42,0.95,0.0
16,43,0.95,1.0
16,44,0.95,0.0
16,45,0.95,1.0
16,46,0.95,0.0
16,47,0.95,0.0
16,48,0.95,1.0
16,49,0.95,1.0
16,50,0.95,0.0
16,51,0.95,1.0
16,52,0.95,0.0
16,53,0.95,0.0
16,54,0.95,0.7265
16,55,0.95,0.7295
16,56,0.95,1.0
16,57,0.95,1.0
16,58,0.95,0.729
16,59,0.95,0.0
16,60,0.95,1.0
16,61,0.95,0.781
16,62,0.95,0.7325
16,63,0.95,0.0
16,64,0.95,0.78
16,65,0.95,0.0
16,66,0.95,0.0
16,67,0.95,0.729
16,68,0.95,1.0
16,69,0.95,1.0
16,70,0.95,0.0
16,71,0.95,0.0
16,72,0.95,0.7805
16,73,0.95,1.0
16,74,0.95,0.7315
16,75,0.95,1.0
16,76,0.95,0.0
16,77,0.95,1.0
16,78,0.95,0.7825
16,79,0.95,1.0
16,80,0.95,1.0
16,81,0.95,0.0
16,82,0.95,1.0
16,83,0.95,0.779
16,84,0.95,0.7805
16,85,0.95,0.0
16,86,0.95,1.0
16,87,0.95,0.0
16,88,0.95,0.7835
16,89,0.95,0.0
16,90,0.95,0.0
16,91,0.95,1.0
16,92,0.95,0.0
16,93,0.95,1.0
16,94,0.95,0.7325
16,95,0.95,0.0
16,96,0.95,0.7785
16,97,0.95,0.0
16,98,0.95,0.7295
16,99,0.95,0.0
16,100,0.95,0.0
17,1,0.17,0.0
17,2,0.17,1.0726
17,3,0.43,0.0
17,4,0.49,0.6015
17,5,0.54,0.0
17,6,0.61,0.5097
17,7,0.65,0.0
17,8,0.7,0.4758
17,9,0.74,0.0
17,10,0.76,0.0
17,11,0.77,0.0
17,12,0.8,0.4298
17,13,0.82,0.4238
17,14,0.82,1.0
17,15,0.88,0.0
17,16,0.89,0.0
17,17,0.91,0.0
17,18,0.92,0.0
17,19,0.93,0.3375
17,20,0.93,0.0
17,21,0.93,1.0
17,22,0.94,0.3375
17,23,0.94,0.8335
17,24,0.94,0.8345
17,25,0.94,0.836
17,26,0.94,0.8365
17,27,0.94,0.835
17,28,0.94,0.0
17,29,0.94,0.0
17,30,0.94,0.836
17,31,0.94,1.0
17,32,0.94,0.0
17,33,0.94,0.0
17,34,0.94,0.0
17,35,0.94,0.8355
17,36,0.94,0.8335
17,37,0.94,0.8325
17,38,0.94,0.0
17,39,0.94,0.8335
17,40,0.94,0.0
17,41,0.94,1.0
17,42,0.94,0.834
17,43,0.94,1.0
17,44,0.94,0.837
17,45,0.94,0.0
17,46,0.94,0.0
17,47,0.94,0.0
17,48,0.94,0.0
17,49,0.94,0.8355
17,50,0.94,1.0
17,51,0.94,0.0
17,52,0.94,1.0
17,53,0.94,1.0
17,54,0.94,0.0
17,55,0.94,0.0
17,56,0.94,0.0
17,57,0.94,1.0
17,58,0.94,0.834
17,59,0.94,1.0
17,60,0.94,0.0
17,61,0.94,0.834
17,62,0.94,0.0
17,63,0.94,0.0
17,64,0.94,1.0
17,65,0.94,0.0
17,66,0.94,0.0
17,67,0.94,1.0
17,68,0.94,0.835
17,69,0.94,0.0
17,70,0.94,0.0
17,71,0.94,1.0
17,72,0.94,0.8355
17,73,0.94,0.0
17,74,0.94,0.0
17,75,0.94,0.8365
17,76,0.94,0.836
17,77,0.94,0.833
17,78,0.94,0.0
17,79,0.94,0.8335
17,80,0.94,0.0
17,81,0.94,0.835
17,82,0.94,0.0
17,83,0.94,0.836
17,84,0.94,0.0
17,85,0.94,0.0
17,86,0.94,1.0
17,87,0.94,0.8345
17,88,0.94,0.0
17,89,0.94,0.8345
17,90,0.94,0.8345
17,91,0.94,0.0
17,92,0.94,0.0
17,93,0.94,0.8345
17,94,0.94,0.8385
17,95,0.94,0.8345
17,96,0.94,1.0
17,97,0.94,0.8365
17,98,0.94,0.0
17,99,0.94,0.835
17,100,0.94,0.0
18,1,0.21,0.0
18,2,0.21,1.0
18,3,0.59,0.3146
18,4,0.56,1.042
18,5,0.61,0.0
18,6,0.71,0.0
18,7,0.79,0.0
18,8,0.81,0.3907
18,9,0.82,0.0
18,10,0.83,0.3706
18,11,0.85,0.3658
18,12,0.87,0.0
18,13,0.89,0.0
18,14,0.91,0.0
18,15,0.91,0.844
18,16,0.91,1.0
18,17,0.92,0.0
18,18,0.93,0.3375
18,19,0.94,0.0
18,20,0.94,0.7835
18,21,0.94,0.0
18,22,0.94,0.781
18,23,0.94,0.0
18,24,0.95,0.2825
18,25,0.95,0.779
18,26,0.95,1.0
18,27,0.95,1.0
18,28,0.95,0.0
18,29,0.95,1.0
18,30,0.95,0.0
18,31,0.95,0.0
18,32,0.95,1.0
18,33,0.95,0.7795
18,34,0.95,0.7795
18,35,0.95,0.0
18,36,0.95,0.781
18,37,0.95,0.0
18,38,0.95,0.0
18,39,0.95,0.0
18,40,0.95,0.778
18,41,0.95,1.0
18,42,0.95,0.78
18,43,0.95,0.781
18,44,0.95,0.779
18,45,0.95,0.7795
18,46,0.95,0.7825
18,47,0.95,0.781
18,48,0.95,0.7815
18,49,0.95,1.0
18,50,0.95,1.0
18,51,0.95,1.0
18,52,0.95,0.0
18,53,0.95,0.778
18,54,0.95,0.0
18,55,0.95,1.0
18,56,0.95,0.0
18,57,0.95,0.0
18,58,0.95,0.0
18,59,0.95,0.0
18,60,0.95,0.779
18,61,0.95,0.7815
18,62,0.95,0.0
18,63,0.95,0.7805
18,64,0.95,0.0
18,65,0.95,1.0
18,66,0.95,0.0
18,67,0.95,0.0
18,68,0.95,0.0
18,69,0.95,0.782
18,70,0.95,0.0
18,71,0.95,1.0
18,72,0.95,0.7805
18,73,0.95,1.0
18,74,0.95,0.7785
18,75,0.95,0.0
18,76,0.95,0.7795
18,77,0.95,0.0
18,78,0.95,0.0
18,79,0.95,0.78
18,80,0.95,0.783
18,81,0.95,1.0
18,82,0.95,1.0
18,83,0.95,1.0
18,84,0.95,0.7825
18,85,0.95,1.0
18,86,0.95,0.0
18,87,0.95,0.0
18,88,0.95,0.7815
18,89,0.95,1.0
18,90,0.95,0.7775
18,91,0.95,1.0
18,92,0.95,1.0
18,93,0.95,0.0
18,94,0.95,0.781
18,95,0.95,0.781
18,96,0.95,0.0
18,97,0.95,0.0
18,98,0.95,1.0
18,99,0.95,0.0
18,100,0.95,0.0
19,1,0.15,0.0
19,2,0.15,1.0
19,3,0.32,0.7133
19,4,0.32,1.0
19,5,0.4,0.0
19,6,0.4,1.156
19,7,0.38,1.0
19,8,0.37,1.0
19,9,0.34,1.0
19,10,0.33,1.0
19,11,0.3,1.0
19,12,0.28,1.0
19,13,0.23,1.0
19,14,0.21,1.0
19,15,0.17,1.0
19,16,0.15,1.0
19,17,0.12,1.0
19,18,0.08,1.468
19,19,0.05,1.0
19,20,0.04,1.0
19,21,0.01,1.5245
19,22,0.01,1.0
19,23,0.0,1.0
19,24,0.0,1.0
19,25,0.0,1.0
19,26,0.0,1.0
19,27,0.0,1.0
19,28,0.0,1.0
19,29,0.0,1.0
19,30,0.0,1.5
19,31,0.0,1.0
19,32,0.0,1.0
19,33,0.0,1.0
19,34,0.0,1.0
19,35,0.0,1.0
19,36,0.0,1.0
19,37,0.0,1.0
19,38,0.0,1.5
19,39,0.0,1.0
19,40,0.0,1.5
19,41,0.0,1.5
19,42,0.0,1.5
19,43,0.0,1.5
19,44,0.0,1.0
19,45,0.0,1.0
19,46,0.0,1.0
19,47,0.0,1.0
19,48,0.0,1.5
19,49,0.0,1.0
19,50,0.0,1.0
19,51,0.0,1.5
19,52,0.0,1.0
19,53,0.0,1.0
19,54,0.0,1.5
19,55,0.0,1.0
19,56,0.0,1.0
19,57,0.0,1.5
19,58,0.0,1.0
19,59,0.0,1.0
19,60,0.0,1.0
19,61,0.0,1.0
19,62,0.0,1.5
19,63,0.0,1.0
19,64,0.0,1.5
19,65,0.0,1.5
19,66,0.0,1.5
19,67,0.0,1.0
19,68,0.0,1.5
19,69,0.0,1.0
19,70,0.0,1.0
19,71,0.0,1.0
19,72,0.0,1.0
19,73,0.0,1.0
19,74,0.0,1.0
19,75,0.0,1.0
19,76,0.0,1.0
19,77,0.0,1.0
19,78,0.0,1.0
19,79,0.0,1.5
19,80,0.0,1.0
19,81,0.0,1.5
19,82,0.0,1.0
19,83,0.0,1.0
19,84,0.0,1.0
19,85,0.0,1.0
19,86,0.0,1.5
19,87,0.0,1.0
19,88,0.0,1.0
19,89,0.0,1.0
19,90,0.0,1.0
19,91,0.0,1.0
19,92,0.0,1.5
19,93,0.0,1.0
19,94,0.0,1.0
19,95,0.0,1.5
19,96,0.0,1.0
19,97,0.0,1.5
19,98,0.0,1.0
19,99,0.0,1.5
19,100,0.0,1.0
20,1,0.1,0.0
20,2,0.1,1.2739
20,3,0.18,0.0
20,4,0.18,1.0
20,5,0.23,0.0
20,6,0.22,1.4296
20,7,0.12,1.5521
20,8,0.11,1.4763
20,9,0.05,1.5392
20,10,0.05,1.0
20,11,0.03,1.5118
20,12,0.02,1.0
20,13,0.01,1.0
20,14,0.01,1.498
20,15,0.0,1.0
20,16,0.0,1.0
20,17,0.0,1.5
20,18,0.0,1.0
20,19,0.0,1.5
20,20,0.0,1.0
20,21,0.0,1.0
20,22,0.0,1.0
20,23,0.0,1.5
20,24,0.0,1.5
20,25,0.0,1.5
20,26,0.0,1.0
20,27,0.0,1.0
20,28,0.0,1.0
20,29,0.0,1.0
20,30,0.0,1.5
20,31,0.0,1.0
20,32,0.0,1.5
20,33,0.0,1.0
20,34,0.0,1.5
20,35,0.0,1.0
20,36,0.0,1.0
20,37,0.0,1.0
20,38,0.0,1.0
20,39,0.0,1.0
20,40,0.0,1.0
20,41,0.0,1.0
20,42,0.0,1.0
20,43,0.0,1.5
20,44,0.0,1.5
20,45,0.0,1.0
20,46,0.0,1.0
20,47,0.0,1.0
20,48,0.0,1.0
20,49,0.0,1.5
20,50,0.0,1.0
20,51,0.0,1.5
20,52,0.0,1.0
20,53,0.0,1.0
20,54,0.0,1.0
20,55,0.0,1.0
20,56,0.0,1.5
20,57,0.0,1.0
20,58,0.0,1.5
20,59,0.0,1.0
20,60,0.0,1.0
20,61,0.0,1.0
20,62,0.0,1.0
20,63,0.0,1.0
20,64,0.0,1.0
20,65,0.0,1.0
20,66,0.0,1.0
20,67,0.0,1.0
20,68,0.0,1.0
20,69,0.0,1.0
20,70,0.0,1.0
20,71,0.0,1.0
20,72,0.0,1.0
20,73,0.0,1.0
20,74,0.0,1.0
20,75,0.0,1.0
20,76,0.0,1.0
20,77,0.0,1.0
20,78,0.0,1.0
20,79,0.0,1.0
20,80,0.0,1.0
20,81,0.0,1.0
20,82,0.0,1.0
20,83,0.0,1.0
20,84,0.0,1.5
20,85,0.0,1.5
20,86,0.0,1.0
20,87,0.0,1.0
20,88,0.0,1.0
20,89,0.0,1.0
20,90,0.0,1.5
20,91,0.0,1.0
20,92,0.0,1.0
20,93,0.0,1.5
20,94,0.0,1.0
20,95,0.0,1.0
20,96,0.0,1.5
20,97,0.0,1.5
20,98,0.0,1.0
20,99,0.0,1.0
20,100,0.0,1.0
21,1,0.15,0.0
21,2,0.15,1.2722
21,3,0.25,0.697
21,4,0.27,1.0
21,5,0.29,0.0
21,6,0.27,1.0
21,7,0.24,1.3971
21,8,0.2,1.0
21,9,0.19,1.4082
21,10,0.14,1.0
21,11,0.09,1.0
21,12,0.07,1.501
21,13,0.04,1.0
21,14,0.03,1.0
21,15,0.01,1.0
21,16,0.01,1.0
21,17,0.0,1.509
21,18,0.0,1.4995
21,19,0.0,1.0
21,20,0.0,1.0
21,21,0.0,1.0
21,22,0.0,1.0
21,23,0.0,1.0
21,24,0.0,1.0
21,25,0.0,1.5
21,26,0.0,1.0
21,27,0.0,1.5
21,28,0.0,1.0
21,29,0.0,1.0
21,30,0.0,1.0
21,31,0.0,1.0
21,32,0.0,1.5
21,33,0.0,1.0
21,34,0.0,1.0
21,35,0.0,1.0
21,36,0.0,1.0
21,37,0.0,1.0
21,38,0.0,1.0
21,39,0.0,1.0
21,40,0.0,1.0
21,41,0.0,1.0
21,42,0.0,1.5
21,43,0.0,1.0
21,44,0.0,1.5
21,45,0.0,1.0
21,46,0.0,1.0
21,47,0.0,1.5
21,48,0.0,1.0
21,49,0.0,1.0
21,50,0.0,1.0
21,51,0.0,1.0
21,52,0.0,1.0
21,53,0.0,1.0
21,54,0.0,1.0
21,55,0.0,1.0
21,56,0.0,1.0
21,57,0.0,1.0
21,58,0.0,1.0
21,59,0.0,1.0
21,60,0.0,1.0
21,61,0.0,1.0
21,62,0.0,1.0
21,63,0.0,1.0
21,64,0.0,1.0
21,65,0.0,1.0
21,66,0.0,1.0
21,67,0.0,1.0
21,68,0.0,1.0
21,69,0.0,1.5
21,70,0.0,1.5
21,71,0.0,1.0
21,72,0.0,1.5
21,73,0.0,1.5
21,74,0.0,1.0
21,75,0.0,1.5
21,76,0.0,1.5
21,77,0.0,1.5
21,78,0.0,1.5
21,79,0.0,1.0
21,80,0.0,1.5
21,81,0.0,1.0
21,82,0.0,1.0
21,83,0.0,1.0
21,84,0.0,1.0
21,85,0.0,1.0
21,86,0.0,1.0
21,87,0.0,1.0
21,88,0.0,1.0
21,89,0.0,1.5
21,90,0.0,1.0
21,91,0.0,1.0
21,92,0.0,1.0
21,93,0.0,1.0
21,94,0.0,1.0
21,95,0.0,1.0
21,96,0.0,1.0
21,97,0.0,1.0
21,98,0.0,1.0
21,99,0.0,1.0
21,100,0.0,1.0
22,1,0.17,0.0
22,2,0.17,1.0511
22,3,0.47,0.0
22,4,0.56,0.3829
22,5,0.62,0.0
22,6,0.83,0.0
22,7,0.81,0.8444
22,8,0.87,0.0
22,9,0.91,0.0
22,10,0.91,0.0
22,11,0.92,0.2865
22,12,0.92,0.0
22,13,0.94,0.0
22,14,0.95,0.0
22,15,0.95,1.0
22,16,0.95,0.0
22,17,0.95,0.7775
22,18,0.95,0.78
22,19,0.95,0.0
22,20,0.95,0.783
22,21,0.95,0.0
22,22,0.95,0.78
22,23,0.95,1.0
22,24,0.95,0.7795
22,25,0.95,0.779
22,26,0.95,0.778
22,27,0.95,0.0
22,28,0.95,0.778
22,29,0.95,0.779
22,30,0.95,0.0
22,31,0.95,0.0
22,32,0.95,0.78
22,33,0.95,0.7805
22,34,0.95,0.0
22,35,0.95,0.7865
22,36,0.95,0.781
22,37,0.95,0.0
22,38,0.95,0.7795
22,39,0.95,0.0
22,40,0.95,0.781
22,41,0.95,0.0
22,42,0.95,0.7835
22,43,0.95,0.7815
22,44,0.95,0.0
22,45,0.95,0.0
22,46,0.95,0.782
22,47,0.95,0.0
22,48,0.95,0.0
22,49,0.95,0.781
22,50,0.95,0.0
22,51,0.95,0.0
22,52,0.95,0.0
22,53,0.95,0.7785
22,54,0.95,0.778
22,55,0.95,0.0
22,56,0.95,0.7815
22,57,0.95,1.0
22,58,0.95,0.7805
22,59,0.95,0.78
22,60,0.95,0.7785
22,61,0.95,0.778
22,62,0.95,0.0
22,63,0.95,0.0
22,64,0.95,0.7805
22,65,0.95,0.0
22,66,0.95,0.0
22,67,0.95,0.778
22,68,0.95,0.0
22,69,0.95,1.0
22,70,0.95,0.0
22,71,0.95,0.0
22,72,0.95,1.0
22,73,0.95,0.78
22,74,0.95,0.7785
22,75,0.95,0.781
22,76,0.95,0.0
22,77,0.95,0.7815
22,78,0.95,0.7805
22,79,0.95,0.7815
22,80,0.95,0.777
22,81,0.95,0.7795
22,82,0.95,1.0
22,83,0.95,0.7805
22,84,0.95,0.0
22,85,0.95,0.0
22,86,0.95,0.7815
22,87,0.95,0.7775
22,88,0.95,1.0
22,89,0.95,0.779
22,90,0.95,0.0
22,91,0.95,0.0
22,92,0.95,0.0
22,93,0.95,0.7795
22,94,0.95,1.0
22,95,0.95,0.78
22,96,0.95,1.0
22,97,0.95,0.78
22,98,0.95,0.0
22,99,0.95,0.0
22,100,0.95,0.778
23,1,0.19,0.0
23,2,0.18,1.2158
23,3,0.35,0.6654
23,4,0.37,1.0
23,5,0.37,1.0
23,6,0.35,1.0
23,7,0.35,1.0
23,8,0.35,1.0
23,9,0.33,1.0
23,10,0.28,1.0
23,11,0.26,1.0
23,12,0.22,1.0
23,13,0.19,1.4701
23,14,0.17,1.4736
23,15,0.13,1.0
23,16,0.09,1.0
23,17,0.07,1.0
23,18,0.02,1.0
23,19,0.02,1.4945
23,20,0.0,1.0
23,21,0.0,1.0
23,22,0.0,1.0
23,23,0.0,1.5
23,24,0.0,1.0
23,25,0.0,1.0
23,26,0.0,1.0
23,27,0.0,1.5
23,28,0.0,1.0
23,29,0.0,1.0
23,30,0.0,1.0
23,31,0.0,1.0
23,32,0.0,1.0
23,33,0.0,1.5
23,34,0.0,1.0
23,35,0.0,1.5
23,36,0.0,1.0
23,37,0.0,1.0
23,38,0.0,1.0
23,39,0.0,1.0
23,40,0.0,1.0
23,41,0.0,1.0
23,42,0.0,1.0
23,43,0.0,1.0
23,44,0.0,1.0
23,45,0.0,1.0
23,46,0.0,1.0
23,47,0.0,1.0
23,48,0.0,1.0
23,49,0.0,1.0
23,50,0.0,1.0
23,51,0.0,1.0
23,52,0.0,1.0
23,53,0.0,1.0
23,54,0.0,1.0
23,55,0.0,1.0
23,56,0.0,1.0
23,57,0.0,1.0
23,58,0.0,1.0
23,59,0.0,1.0
23,60,0.0,1.0
23,61,0.0,1.5
23,62,0.0,1.5
23,63,0.0,1.0
23,64,0.0,1.5
23,65,0.0,1.0
23,66,0.0,1.0
23,67,0.0,1.0
23,68,0.0,1.0
23,69,0.0,1.0
23,70,0.0,1.0
23,71,0.0,1.0
23,72,0.0,1.0
23,73,0.0,1.5
23,74,0.0,1.0
23,75,0.0,1.0
23,76,0.0,1.5
23,77,0.0,1.0
23,78,0.0,1.0
23,79,0.0,1.0
23,80,0.0,1.0
23,81,0.0,1.0
23,82,0.0,1.0
23,83,0.0,1.0
23,84,0.0,1.0
23,85,0.0,1.0
23,86,0.0,1.5
23,87,0.0,1.5
23,88,0.0,1.0
23,89,0.0,1.0
23,90,0.0,1.5
23,91,0.0,1.0
23,92,0.0,1.0
23,93,0.0,1.0
23,94,0.0,1.0
23,95,0.0,1.5
23,96,0.0,1.5
23,97,0.0,1.0
23,98,0.0,1.0
23,99,0.0,1.0
23,100,0.0,1.5
24,1,0.19,0.0
24,2,0.19,1.0537
24,3,0.44,0.6091
24,4,0.55,0.4901
24,5,0.59,0.0
24,6,0.64,0.0
24,7,0.7,0.0
24,8,0.71,0.0
24,9,0.75,0.0
24,10,0.76,0.0
24,11,0.79,0.0
24,12,0.79,0.0
24,13,0.81,0.0
24,14,0.84,0.3169
24,15,0.84,0.0
24,16,0.89,0.3015
24,17,0.9,0.0
24,18,0.9,1.0
24,19,0.9,0.79
24,20,0.92,0.291
24,21,0.94,0.0
24,22,0.94,0.0
24,23,0.94,0.0
24,24,0.94,0.0
24,25,0.94,0.7835
24,26,0.94,1.0
24,27,0.94,0.0
24,28,0.94,0.0
24,29,0.94,0.0
24,30,0.94,0.7845
24,31,0.94,0.786
24,32,0.94,1.0
24,33,0.94,1.0
24,34,0.94,0.0
24,35,0.94,0.0
24,36,0.94,0.7835
24,37,0.94,0.0
24,38,0.94,0.787
24,39,0.94,0.7835
24,40,0.94,0.784
24,41,0.94,1.0
24,42,0.94,0.0
24,43,0.94,0.0
24,44,0.94,0.0
24,45,0.94,0.0
24,46,0.94,0.7815
24,47,0.94,0.0
24,48,0.94,0.782
24,49,0.94,0.7855
24,50,0.94,0.0
24,51,0.94,0.7835
24,52,0.94,0.783
24,53,0.94,0.7855
24,54,0.94,0.7845
24,55,0.94,0.0
24,56,0.94,0.7845
24,57,0.94,0.0
24,58,0.94,0.7865
24,59,0.94,0.787
24,60,0.94,0.785
24,61,0.94,0.0
24,62,0.94,0.0
24,63,0.94,1.0
24,64,0.94,0.788
24,65,0.94,0.785
24,66,0.94,0.0
24,67,0.94,0.7855
24,68,0.94,0.7845
24,69,0.94,1.0
24,70,0.94,0.7855
24,71,0.94,0.0
24,72,0.94,0.7855
24,73,0.94,0.7825
24,74,0.94,0.0
24,75,0.94,0.0
24,76,0.94,0.784
24,77,0.94,0.0
24,78,0.94,0.0
24,79,0.94,0.0
24,80,0.94,0.0
24,81,0.94,0.0
24,82,0.94,1.0
24,83,0.94,0.0
24,84,0.94,0.7845
24,85,0.94,0.785
24,86,0.94,1.0
24,87,0.94,0.7835
24,88,0.94,0.0
24,89,0.94,0.0
24,90,0.94,0.0
24,91,0.94,0.0
24,92,0.94,1.0
24,93,0.94,0.0
24,94,0.94,0.0
24,95,0.94,0.0
24,96,0.94,0.7855
24,97,0.94,1.0
24,98,0.94,0.784
24,99,0.94,0.0
24,100,0.94,1.0
25,1,0.19,0.0
25,2,0.19,1.1586
25,3,0.41,0.6186
25,4,0.41,1.1305
25,5,0.44,1.0
25,6,0.44,1.1535
25,7,0.39,1.0
25,8,0.37,1.2455
25,9,0.36,1.245
25,10,0.36,1.2399
25,11,0.35,1.0
25,12,0.35,1.2
25,13,0.35,1.256
25,14,0.3,1.0
25,15,0.29,1.0
25,16,0.27,1.0
25,17,0.27,1.0
25,18,0.26,1.0
25,19,0.25,1.3275
25,20,0.18,1.4005
25,21,0.15,1.373
25,22,0.13,1.4245
25,23,0.12,1.0
25,24,0.12,1.3705
25,25,0.1,1.447
25,26,0.06,1.4735
25,27,0.03,1.52
25,28,0.02,1.0
25,29,0.01,1.507
25,30,0.0,1.0
25,31,0.0,1.4995
25,32,0.0,1.0
25,33,0.0,1.0
25,34,0.0,1.5
25,35,0.0,1.5
25,36,0.0,1.0
25,37,0.0,1.0
25,38,0.0,1.0
25,39,0.0,1.0
25,40,0.0,1.0
25,41,0.0,1.5
25,42,0.0,1.0
25,43,0.0,1.0
25,44,0.0,1.5
25,45,0.0,1.5
25,46,0.0,1.0
25,47,0.0,1.5
25,48,0.0,1.0
25,49,0.0,1.0
25,50,0.0,1.0
25,51,0.0,1.5
25,52,0.0,1.5
25,53,0.0,1.0
25,54,0.0,1.5
25,55,0.0,1.5
25,56,0.0,1.0
25,57,0.0,1.0
25,58,0.0,1.5
25,59,0.0,1.0
25,60,0.0,1.5
25,61,0.0,1.0
25,62,0.0,1.5
25,63,0.0,1.0
25,64,0.0,1.0
25,65,0.0,1.0
25,66,0.0,1.0
25,67,0.0,1.0
25,68,0.0,1.5
25,69,0.0,1.5
25,70,0.0,1.0
25,71,0.0,1.5
25,72,0.0,1.5
25,73,0.0,1.0
25,74,0.0,1.5
25,75,0.0,1.5
25,76,0.0,1.5
25,77,0.0,1.5
25,78,0.0,1.5
25,79,0.0,1.0
25,80,0.0,1.0
25,81,0.0,1.5
25,82,0.0,1.0
25,83,0.0,1.0
25,84,0.0,1.5
25,85,0.0,1.0
25,86,0.0,1.0
25,87,0.0,1.5
25,88,0.0,1.5
25,89,0.0,1.5
25,90,0.0,1.5
25,91,0.0,1.5
25,92,0.0,1.5
25,93,0.0,1.0
25,94,0.0,1.5
25,95,0.0,1.0
25,96,0.0,1.0
25,97,0.0,1.0
25,98,0.0,1.0
25,99,0.0,1.0
25,100,0.0,1.5
26,1,0.17,0.0
26,2,0.17,1.03
26,3,0.63,0.0
26,4,0.63,1.0
26,5,0.95,0.0
26,6,0.91,0.839
26,7,0.94,0.0
26,8,0.94,1.0
26,9,0.94,1.0
26,10,0.94,0.7825
26,11,0.94,0.7815
26,12,0.95,0.281
26,13,0.95,0.0
26,14,0.95,0.782
26,15,0.95,0.779
26,16,0.95,0.782
26,17,0.95,0.779
26,18,0.95,0.0
26,19,0.95,0.0
26,20,0.95,0.7765
26,21,0.95,1.0
26,22,0.95,0.7805
26,23,0.95,0.778
26,24,0.95,0.0
26,25,0.95,0.7785
26,26,0.95,0.78
26,27,0.95,0.0
26,28,0.95,0.0
26,29,0.95,0.7795
26,30,0.95,1.0
26,31,0.95,0.0
26,32,0.95,0.7805
26,33,0.95,0.0
26,34,0.95,0.0
26,35,0.95,0.7805
26,36,0.95,0.0
26,37,0.95,0.0
26,38,0.95,0.7805
26,39,0.95,1.0
26,40,0.95,0.0
26,41,0.95,1.0
26,42,0.95,0.782
26,43,0.95,0.0
26,44,0.95,0.781
26,45,0.95,0.0
26,46,0.95,0.781
26,47,0.95,0.7795
26,48,0.95,0.0
26,49,0.95,0.7805
26,50,0.95,0.0
26,51,0.95,0.7795
26,52,0.95,0.781
26,53,0.95,0.0
26,54,0.95,0.0
26,55,0.95,0.0
26,56,0.95,0.0
26,57,0.95,0.0
26,58,0.95,0.0
26,59,0.95,1.0
26,60,0.95,0.777
26,61,0.95,0.7785
26,62,0.95,0.782
26,63,0.95,0.781
26,64,0.95,0.0
26,65,0.95,0.0
26,66,0.95,0.0
26,67,0.95,0.7795
26,68,0.95,1.0
26,69,0.95,1.0
26,70,0.95,0.778
26,71,0.95,0.0
26,72,0.95,0.78
26,73,0.95,1.0
26,74,0.95,0.0
26,75,0.95,0.0
26,76,0.95,0.0
26,77,0.95,0.0
26,78,0.95,0.0
26,79,0.95,1.0
26,80,0.95,1.0
26,81,0.95,0.0
26,82,0.95,0.0
26,83,0.95,1.0
26,84,0.95,0.7825
26,85,0.95,0.7795
26,86,0.95,1.0
26,87,0.95,0.7805
26,88,0.95,1.0
26,89,0.95,0.0
26,90,0.95,1.0
26,91,0.95,0.0
26,92,0.95,0.78
26,93,0.95,0.781
26,94,0.95,1.0
26,95,0.95,0.779
26,96,0.95,0.78
26,97,0.95,0.7815
26,98,0.95,1.0
26,99,0.95,0.781
26,100,0.95,1.0
27,1,0.14,0.0
27,2,0.14,1.0
27,3,0.19,0.6766
27,4,0.19,1.2183
27,5,0.18,1.375
27,6,0.16,1.4076
27,7,0.14,1.3761
27,8,0.11,1.0
27,9,0.1,1.3856
27,10,0.07,1.0
27,11,0.02,1.539
27,12,0.01,1.0
27,13,0.01,1.0
27,14,0.01,1.4975
27,15,0.01,1.498
27,16,0.01,1.499
27,17,0.0,1.0
27,18,0.0,1.5
27,19,0.0,1.5
27,20,0.0,1.0
27,21,0.0,1.5
27,22,0.0,1.5
27,23,0.0,1.0
27,24,0.0,1.5
27,25,0.0,1.5
27,26,0.0,1.0
27,27,0.0,1.0
27,28,0.0,1.5
27,29,0.0,1.0
27,30,0.0,1.0
27,31,0.0,1.5
27,32,0.0,1.0
27,33,0.0,1.5
27,34,0.0,1.5
27,35,0.0,1.5
27,36,0.0,1.0
27,37,0.0,1.0
27,38,0.0,1.5
27,39,0.0,1.0
27,40,0.0,1.5
27,41,0.0,1.0
27,42,0.0,1.5
27,43,0.0,1.5
27,44,0.0,1.0
27,45,0.0,1.0
27,46,0.0,1.5
27,47,0.0,1.0
27,48,0.0,1.0
27,49,0.0,1.0
27,50,0.0,1.0
27,51,0.0,1.0
27,52,0.0,1.5
27,53,0.0,1.0
27,54,0.0,1.0
27,55,0.0,1.5
27,56,0.0,1.0
27,57,0.0,1.5
27,58,0.0,1.0
27,59,0.0,1.5
27,60,0.0,1.5
27,61,0.0,1.0
27,62,0.0,1.5
27,63,0.0,1.0
27,64,0.0,1.5
27,65,0.0,1.5
27,66,0.0,1.5
27,67,0.0,1.0
27,68,0.0,1.0
27,69,0.0,1.0
27,70,0.0,1.5
27,71,0.0,1.5
27,72,0.0,1.0
27,73,0.0,1.5
27,74,0.0,1.0
27,75,0.0,1.0
27,76,0.0,1.0
27,77,0.0,1.0
27,78,0.0,1.0
27,79,0.0,1.0
27,80,0.0,1.0
27,81,0.0,1.0
27,82,0.0,1.5
27,83,0.0,1.5
27,84,0.0,1.5
27,85,0.0,1.0
27,86,0.0,1.5
27,87,0.0,1.0
27,88,0.0,1.5
27,89,0.0,1.0
27,90,0.0,1.0
27,91,0.0,1.5
27,92,0.0,1.0
27,93,0.0,1.0
27,94,0.0,1.5
27,95,0.0,1.0
27,96,0.0,1.0
27,97,0.0,1.0
27,98,0.0,1.5
27,99,0.0,1.5
27,100,0.0,1.5
28,1,0.14,0.0
28,2,0.14,1.1057
28,3,0.27,0.6575
28,4,0.3,0.6288
28,5,0.33,0.6514
28,6,0.33,1.0
28,7,0.33,1.0
28,8,0.3,1.0
28,9,0.28,1.2693
28,10,0.26,1.2858
28,11,0.24,1.3013
28,12,0.2,1.0
28,13,0.14,1.0
28,14,0.1,1.0
28,15,0.05,1.4805
28,16,0.04,1.0
28,17,0.03,1.503
28,18,0.02,1.5055
28,19,0.0,1.0
28,20,0.0,1.499
28,21,0.0,1.5
28,22,0.0,1.5
28,23,0.0,1.0
28,24,0.0,1.0
28,25,0.0,1.0
28,26,0.0,1.0
28,27,0.0,1.5
28,28,0.0,1.0
28,29,0.0,1.0
28,30,0.0,1.0
28,31,0.0,1.0
28,32,0.0,1.0
28,33,0.0,1.0
28,34,0.0,1.5
28,35,0.0,1.5
28,36,0.0,1.5
28,37,0.0,1.0
28,38,0.0,1.5
28,39,0.0,1.5
28,40,0.0,1.0
28,41,0.0,1.0
28,42,0.0,1.5
28,43,0.0,1.5
28,44,0.0,1.5
28,45,0.0,1.0
28,46,0.0,1.5
28,47,0.0,1.5
28,48,0.0,1.5
28,49,0.0,1.5
28,50,0.0,1.5
28,51,0.0,1.5
28,52,0.0,1.0
28,53,0.0,1.5
28,54,0.0,1.5
28,55,0.0,1.5
28,56,0.0,1.5
28,57,0.0,1.5
28,58,0.0,1.0
28,59,0.0,1.0
28,60,0.0,1.0
28,61,0.0,1.5
28,62,0.0,1.0
28,63,0.0,1.0
28,64,0.0,1.5
28,65,0.0,1.5
28,66,0.0,1.0
28,67,0.0,1.0
28,68,0.0,1.0
28,69,0.0,1.0
28,70,0.0,1.0
28,71,0.0,1.0
28,72,0.0,1.0
28,73,0.0,1.0
28,74,0.0,1.0
28,75,0.0,1.5
28,76,0.0,1.0
28,77,0.0,1.0
28,78,0.0,1.5
28,79,0.0,1.5
28,80,0.0,1.5
28,81,0.0,1.0
28,82,0.0,1.0
28,83,0.0,1.0
28,84,0.0,1.0
28,85,0.0,1.5
28,86,0.0,1.0
28,87,0.0,1.0
28,88,0.0,1.0
28,89,0.0,1.5
28,90,0.0,1.5
28,91,0.0,1.0
28,92,0.0,1.0
28,93,0.0,1.5
28,94,0.0,1.5
28,95,0.0,1.0
28,96,0.0,1.0
28,97,0.0,1.5
28,98,0.0,1.5
28,99,0.0,1.5
28,100,0.0,1.0
29,1,0.17,0.0
29,2,0.17,1.0
29,3,0.56,0.3131
29,4,0.56,1.0
29,5,0.67,0.0
29,6,0.78,0.0
29,7,0.83,0.328
29,8,0.85,0.0
29,9,0.89,0.3058
29,10,0.9,0.0
29,11,0.91,0.0
29,12,0.91,0.7888
29,13,0.91,0.7871
29,14,0.94,0.0
29,15,0.94,0.7835
29,16,0.95,0.0
29,17,0.95,0.0
29,18,0.95,0.0
29,19,0.95,0.0
29,20,0.95,0.7795
29,21,0.95,0.782
29,22,0.95,0.0
29,23,0.95,0.7815
29,24,0.95,1.0
29,25,0.95,0.7815
29,26,0.95,0.7815
29,27,0.95,0.785
29,28,0.95,0.7785
29,29,0.95,0.0
29,30,0.95,0.7815
29,31,0.95,0.0
29,32,0.95,0.7765
29,33,0.95,0.778
29,34,0.95,1.0
29,35,0.95,1.0
29,36,0.95,1.0
29,37,0.95,0.0
29,38,0.95,0.0
29,39,0.95,0.7825
29,40,0.95,0.781
29,41,0.95,1.0
29,42,0.95,0.0
29,43,0.95,0.782
29,44,0.95,0.0
29,45,0.95,0.0
29,46,0.95,0.0
29,47,0.95,0.7835
29,48,0.95,0.0
29,49,0.95,0.0
29,50,0.95,1.0
29,51,0.95,0.781
29,52,0.95,1.0
29,53,0.95,0.7795
29,54,0.95,1.0
29,55,0.95,0.0
29,56,0.95,1.0
29,57,0.95,0.0
29,58,0.95,0.0
29,59,0.95,0.7815
29,60,0.95,0.7805
29,61,0.95,0.0
29,62,0.95,0.0
29,63,0.95,0.7795
29,64,0.95,0.7805
29,65,0.95,0.0
29,66,0.95,0.0
29,67,0.95,0.78
29,68,0.95,0.0
29,69,0.95,0.7785
29,70,0.95,0.783
29,71,0.95,0.78
29,72,0.95,0.0
29,73,0.95,0.0
29,74,0.95,0.0
29,75,0.95,0.0
29,76,0.95,0.0
29,77,0.95,0.78
29,78,0.95,0.0
29,79,0.95,1.0
29,80,0.95,0.0
29,81,0.95,0.782
29,82,0.95,0.0
29,83,0.95,0.7795
29,84,0.95,1.0
29,85,0.95,0.781
29,86,0.95,0.7785
29,87,0.95,1.0
29,88,0.95,0.7795
29,89,0.95,0.0
29,90,0.95,0.7785
29,91,0.95,1.0
29,92,0.95,0.777
29,93,0.95,0.7825
29,94,0.95,0.7785
29,95,0.95,0.0
29,96,0.95,0.0
29,97,0.95,0.0
29,98,0.95,1.0
29,99,0.95,0.0
29,100,0.95,0.0
30,1,0.14,0.0
30,2,0.14,1.0
30,3,0.43,0.0
30,4,0.44,0.3863
30,5,0.69,0.4233
30,6,0.8,0.0
30,7,0.86,0.0
30,8,0.86,0.0
30,9,0.87,0.3012
30,10,0.9,0.0
30,11,0.92,0.0
30,12,0.93,0.2879
30,13,0.93,1.0
30,14,0.94,0.2835
30,15,0.94,0.782
30,16,0.94,0.0
30,17,0.95,0.281
30,18,0.95,1.0
30,19,0.95,0.7795
30,20,0.95,0.78
30,21,0.95,0.0
30,22,0.95,0.0
30,23,0.95,0.7795
30,24,0.95,1.0
30,25,0.95,0.0
30,26,0.95,1.0
30,27,0.95,0.0
30,28,0.95,0.781
30,29,0.95,0.779
30,30,0.95,0.78
30,31,0.95,0.7805
30,32,0.95,0.783
30,33,0.95,1.0
30,34,0.95,1.0
30,35,0.95,0.78
30,36,0.95,0.7825
30,37,0.95,0.0
30,38,0.95,0.779
30,39,0.95,0.0
30,40,0.95,0.78
30,41,0.95,0.0
30,42,0.95,0.7805
30,43,0.95,0.0
30,44,0.95,0.0
30,45,0.95,1.0
30,46,0.95,0.7835
30,47,0.95,1.0
30,48,0.95,0.0
30,49,0.95,0.0
30,50,0.95,0.0
30,51,0.95,0.0
30,52,0.95,0.7815
30,53,0.95,0.0
30,54,0.95,1.0
30,55,0.95,0.0
30,56,0.95,1.0
30,57,0.95,0.7805
30,58,0.95,0.7785
30,59,0.95,0.0
30,60,0.95,0.0
30,61,0.95,0.78
30,62,0.95,0.78
30,63,0.95,0.779
30,64,0.95,0.0
30,65,0.95,0.781
30,66,0.95,0.0
30,67,0.95,0.781
30,68,0.95,0.783
30,69,0.95,0.7795
30,70,0.95,1.0
30,71,0.95,0.778
30,72,0.95,1.0
30,73,0.95,0.0
30,74,0.95,0.778
30,75,0.95,0.0
30,76,0.95,0.78
30,77,0.95,0.0
30,78,0.95,1.0
30,79,0.95,0.0
30,80,0.95,0.777
30,81,0.95,0.7785
30,82,0.95,1.0
30,83,0.95,0.782
30,84,0.95,0.7795
30,85,0.95,0.0
30,86,0.95,0.0
30,87,0.95,0.777
30,88,0.95,0.781
30,89,0.95,0.0
30,90,0.95,1.0
30,91,0.95,0.779
30,92,0.95,0.0
30,93,0.95,0.781
30,94,0.95,1.0
30,95,0.95,1.0
30,96,0.95,0.782
30,97,0.95,0.0
30,98,0.95,0.783
30,99,0.95,0.0
30,100,0.95,0.0
31,1,0.16,0.0
31,2,0.16,1.0
31,3,0.4,0.6449
31,4,0.4,1.1401
31,5,0.5,0.6359
31,6,0.5,1.1358
31,7,0.52,0.0
31,8,0.52,1.0
31,9,0.51,1.099
31,10,0.51,1.0
31,11,0.5,1.0
31,12,0.51,0.0
31,13,0.5,1.0
31,14,0.47,1.3025
31,15,0.47,1.2775
31,16,0.46,1.0
31,17,0.46,1.0
31,18,0.45,1.0
31,19,0.44,1.0
31,20,0.42,1.0
31,21,0.41,1.0
31,22,0.4,1.3295
31,23,0.39,1.0
31,24,0.38,1.0
31,25,0.38,1.0
31,26,0.36,1.37
31,27,0.34,1.0
31,28,0.31,1.0
31,29,0.29,1.0
31,30,0.28,1.0
31,31,0.25,1.443
31,32,0.22,1.0
31,33,0.19,1.4715
31,34,0.13,1.0
31,35,0.13,1.0
31,36,0.1,1.0
31,37,0.07,1.5105
31,38,0.05,1.5075
31,39,0.03,1.4625
31,40,0.0,1.526
31,41,0.0,1.0
31,42,0.0,1.0
31,43,0.0,1.5
31,44,0.0,1.0
31,45,0.0,1.0
31,46,0.0,1.0
31,47,0.0,1.5
31,48,0.0,1.0
31,49,0.0,1.5
31,50,0.0,1.5
31,51,0.0,1.0
31,52,0.0,1.0
31,53,0.0,1.5
31,54,0.0,1.5
31,55,0.0,1.0
31,56,0.0,1.0
31,57,0.0,1.0
31,58,0.0,1.5
31,59,0.0,1.5
31,60,0.0,1.0
31,61,0.0,1.5
31,62,0.0,1.5
31,63,0.0,1.5
31,64,0.0,1.5
31,65,0.0,1.5
31,66,0.0,1.0
31,67,0.0,1.0
31,68,0.0,1.0
31,69,0.0,1.0
31,70,0.0,1.5
31,71,0.0,1.5
31,72,0.0,1.0
31,73,0.0,1.5
31,74,0.0,1.5
31,75,0.0,1.0
31,76,0.0,1.5
31,77,0.0,1.0
31,78,0.0,1.0
31,79,0.0,1.5
31,80,0.0,1.5
31,81,0.0,1.5
31,82,0.0,1.5
31,83,0.0,1.0
31,84,0.0,1.0
31,85,0.0,1.5
31,86,0.0,1.0
31,87,0.0,1.5
31,88,0.0,1.5
31,89,0.0,1.0
31,90,0.0,1.0
31,91,0.0,1.0
31,92,0.0,1.0
31,93,0.0,1.0
31,94,0.0,1.5
31,95,0.0,1.0
31,96,0.0,1.5
31,97,0.0,1.5
31,98,0.0,1.0
31,99,0.0,1.5
31,100,0.0,1.5
32,1,0.15,0.0
32,2,0.15,1.0
32,3,0.19,0.7415
32,4,0.2,0.7333
32,5,0.21,0.0
32,6,0.2,1.0
32,7,0.13,1.0
32,8,0.12,1.0
32,9,0.09,1.4569
32,10,0.06,1.5136
32,11,0.04,1.5098
32,12,0.01,1.0
32,13,0.01,1.0
32,14,0.01,1.0
32,15,0.01,1.0
32,16,0.0,1.0
32,17,0.0,1.0
32,18,0.0,1.0
32,19,0.0,1.0
32,20,0.0,1.0
32,21,0.0,1.0
32,22,0.0,1.5
32,23,0.0,1.5
32,24,0.0,1.0
32,25,0.0,1.0
32,26,0.0,1.0
32,27,0.0,1.0
32,28,0.0,1.5
32,29,0.0,1.5
32,30,0.0,1.5
32,31,0.0,1.5
32,32,0.0,1.0
32,33,0.0,1.0
32,34,0.0,1.5
32,35,0.0,1.0
32,36,0.0,1.5
32,37,0.0,1.0
32,38,0.0,1.5
32,39,0.0,1.0
32,40,0.0,1.5
32,41,0.0,1.5
32,42,0.0,1.0
32,43,0.0,1.5
32,44,0.0,1.5
32,45,0.0,1.5
32,46,0.0,1.5
32,47,0.0,1.0
32,48,0.0,1.0
32,49,0.0,1.5
32,50,0.0,1.0
32,51,0.0,1.0
32,52,0.0,1.5
32,53,0.0,1.0
32,54,0.0,1.0
32,55,0.0,1.0
32,56,0.0,1.0
32,57,0.0,1.0
32,58,0.0,1.5
32,59,0.0,1.0
32,60,0.0,1.5
32,61,0.0,1.0
32,62,0.0,1.5
32,63,0.0,1.0
32,64,0.0,1.5
32,65,0.0,1.0
32,66,0.0,1.5
32,67,0.0,1.5
32,68,0.0,1.0
32,69,0.0,1.0
32,70,0.0,1.0
32,71,0.0,1.0
32,72,0.0,1.5
32,73,0.0,1.5
32,74,0.0,1.0
32,75,0.0,1.5
32,76,0.0,1.5
32,77,0.0,1.5
32,78,0.0,1.0
32,79,0.0,1.5
32,80,0.0,1.5
32,81,0.0,1.0
32,82,0.0,1.5
32,83,0.0,1.0
32,84,0.0,1.5
32,85,0.0,1.5
32,86,0.0,1.5
32,87,0.0,1.0
32,88,0.0,1.5
32,89,0.0,1.5
32,90,0.0,1.0
32,91,0.0,1.0
32,92,0.0,1.0
32,93,0.0,1.0
32,94,0.0,1.0
32,95,0.0,1.5
32,96,0.0,1.0
32,97,0.0,1.5
32,98,0.0,1.0
32,99,0.0,1.0
32,100,0.0,1.0
33,1,0.17,0.0
33,2,0.17,1.0
33,3,0.38,0.6584
33,4,0.38,1.0
33,5,0.45,1.0
33,6,0.45,1.1525
33,7,0.49,0.0
33,8,0.5,0.646
33,9,0.52,0.0
33,10,0.52,1.0
33,11,0.52,0.0
33,12,0.52,1.128
33,13,0.53,0.0
33,14,0.54,0.617
33,15,0.55,0.61
33,16,0.59,0.607
33,17,0.6,0.0
33,18,0.6,0.0
33,19,0.6,1.0
33,20,0.61,0.0
33,21,0.62,0.0
33,22,0.64,0.574
33,23,0.64,0.0
33,24,0.66,0.5615
33,25,0.66,0.0
33,26,0.66,0.0
33,27,0.68,0.543
33,28,0.7,0.4845
33,29,0.72,0.0
33,30,0.72,0.9625
33,31,0.76,0.0
33,32,0.76,1.0
33,33,0.76,0.0
33,34,0.8,0.0
33,35,0.82,0.0
33,36,0.87,0.3165
33,37,0.87,0.0
33,38,0.9,0.0
33,39,0.9,0.0
33,40,0.9,0.7915
33,41,0.9,1.0
33,42,0.9,1.0
33,43,0.94,0.0
33,44,0.94,0.0
33,45,0.94,0.7855
33,46,0.94,1.0
33,47,0.94,1.0
33,48,0.94,1.0
33,49,0.94,0.0
33,50,0.95,0.0
33,51,0.95,1.0
33,52,0.95,0.0
33,53,0.95,1.0
33,54,0.95,0.0
33,55,0.95,0.7815
33,56,0.95,0.0
33,57,0.95,0.778
33,58,0.95,0.0
33,59,0.95,1.0
33,60,0.95,0.0
33,61,0.95,0.0
33,62,0.95,1.0
33,63,0.95,0.0
33,64,0.95,0.0
33,65,0.95,1.0
33,66,0.95,0.0
33,67,0.95,0.0
33,68,0.95,0.0
33,69,0.95,0.7805
33,70,0.95,1.0
33,71,0.95,1.0
33,72,0.95,0.0
33,73,0.95,1.0
33,74,0.95,0.781
33,75,0.95,0.0
33,76,0.95,0.0
33,77,0.95,1.0
33,78,0.95,1.0
33,79,0.95,0.0
33,80,0.95,1.0
33,81,0.95,1.0
33,82,0.95,0.0
33,83,0.95,0.0
33,84,0.95,1.0
33,85,0.95,1.0
33,86,0.95,1.0
33,87,0.95,1.0
33,88,0.95,0.0
33,89,0.95,1.0
33,90,0.95,1.0
33,91,0.95,1.0
33,92,0.95,0.0
33,93,0.95,0.778
33,94,0.95,0.0
33,95,0.95,1.0
33,96,0.95,0.0
33,97,0.95,0.0
33,98,0.95,1.0
33,99,0.95,1.0
33,100,0.95,1.0
34,1,0.17,0.0
34,2,0.17,1.1128
34,3,0.46,0.5989
34,4,0.47,0.0
34,5,0.69,0.44
34,6,0.69,1.0
34,7,0.77,0.3461
34,8,0.8,0.0
34,9,0.81,0.3226
34,10,0.82,0.3131
34,11,0.84,0.3066
34,12,0.87,0.0
34,13,0.9,0.0
34,14,0.91,0.0
34,15,0.92,0.2875
34,16,0.93,0.2855
34,17,0.93,1.0
34,18,0.93,0.783
34,19,0.95,0.0
34,20,0.95,1.0
34,21,0.95,0.0
34,22,0.95,0.0
34,23,0.95,0.7775
34,24,0.95,0.7815
34,25,0.95,1.0
34,26,0.95,1.0
34,27,0.95,0.0
34,28,0.95,0.0
34,29,0.95,0.78
34,30,0.95,1.0
34,31,0.95,1.0
34,32,0.95,0.0
34,33,0.95,0.7795
34,34,0.95,0.779
34,35,0.95,0.0
34,36,0.95,0.0
34,37,0.95,0.0
34,38,0.95,1.0
34,39,0.95,0.0
34,40,0.95,0.7815
34,41,0.95,1.0
34,42,0.95,0.0
34,43,0.95,0.0
34,44,0.95,1.0
34,45,0.95,1.0
34,46,0.95,1.0
34,47,0.95,0.7785
34,48,0.95,0.0
34,49,0.95,0.7785
34,50,0.95,0.0
34,51,0.95,0.781
34,52,0.95,1.0
34,53,0.95,1.0
34,54,0.95,0.781
34,55,0.95,0.781
34,56,0.95,1.0
34,57,0.95,1.0
34,58,0.95,0.7815
34,59,0.95,1.0
34,60,0.95,0.781
34,61,0.95,0.0
34,62,0.95,0.7795
34,63,0.95,1.0
34,64,0.95,0.783
34,65,0.95,1.0
34,66,0.95,0.0
34,67,0.95,1.0
34,68,0.95,1.0
34,69,0.95,1.0
34,70,0.95,1.0
34,71,0.95,1.0
34,72,0.95,0.0
34,73,0.95,0.0
34,74,0.95,0.7805
34,75,0.95,1.0
34,76,0.95,1.0
34,77,0.95,0.0
34,78,0.95,1.0
34,79,0.95,1.0
34,80,0.95,0.7815
34,81,0.95,0.7815
34,82,0.95,0.0
34,83,0.95,0.0
34,84,0.95,1.0
34,85,0.95,1.0
34,86,0.95,1.0
34,87,0.95,0.0
34,88,0.95,1.0
34,89,0.95,0.0
34,90,0.95,0.0
34,91,0.95,0.781
34,92,0.95,1.0
34,93,0.95,1.0
34,94,0.95,0.0
34,95,0.95,1.0
34,96,0.95,1.0
34,97,0.95,1.0
34,98,0.95,0.0
34,99,0.95,1.0
34,100,0.95,0.7815
35,1,0.16,0.0
35,2,0.16,1.1261
35,3,0.42,0.5562
35,4,0.42,1.0376
35,5,0.62,0.5246
35,6,0.61,1.0
35,7,0.69,0.4884
35,8,0.71,0.0
35,9,0.74,0.0
35,10,0.74,1.0
35,11,0.77,0.0
35,12,0.78,0.3862
35,13,0.79,0.3277
35,14,0.84,0.3192
35,15,0.85,0.3107
35,16,0.85,1.0
35,17,0.86,0.0
35,18,0.89,0.0
35,19,0.89,1.0
35,20,0.91,0.2895
35,21,0.95,0.0
35,22,0.95,0.7805
35,23,0.95,0.0
35,24,0.95,1.0
35,25,0.95,1.0
35,26,0.95,1.0
35,27,0.95,0.0
35,28,0.95,1.0
35,29,0.95,1.0
35,30,0.95,1.0
35,31,0.95,0.0
35,32,0.95,1.0
35,33,0.95,0.0
35,34,0.95,0.781
35,35,0.95,0.0
35,36,0.95,1.0
35,37,0.95,0.0
35,38,0.95,1.0
35,39,0.95,0.0
35,40,0.95,1.0
35,41,0.95,0.0
35,42,0.95,0.0
35,43,0.95,1.0
35,44,0.95,0.0
35,45,0.95,1.0
35,46,0.95,1.0
35,47,0.95,0.0
35,48,0.95,1.0
35,49,0.95,0.7805
35,50,0.95,1.0
35,51,0.95,1.0
35,52,0.95,1.0
35,53,0.95,1.0
35,54,0.95,1.0
35,55,0.95,1.0
35,56,0.95,0.0
35,57,0.95,1.0
35,58,0.95,1.0
35,59,0.95,1.0
35,60,0.95,1.0
35,61,0.95,0.7795
35,62,0.95,0.782
35,63,0.95,0.0
35,64,0.95,1.0
35,65,0.95,1.0
35,66,0.95,0.0
35,67,0.95,0.0
35,68,0.95,1.0
35,69,0.95,0.0
35,70,0.95,0.0
35,71,0.95,0.0
35,72,0.95,0.781
35,73,0.95,0.0
35,74,0.95,0.0
35,75,0.95,1.0
35,76,0.95,1.0
35,77,0.95,1.0
35,78,0.95,0.0
35,79,0.95,0.78
35,80,0.95,0.0
35,81,0.95,0.0
35,82,0.95,0.0
35,83,0.95,0.7805
35,84,0.95,0.783
35,85,0.95,1.0
35,86,0.95,0.0
35,87,0.95,1.0
35,88,0.95,0.0
35,89,0.95,1.0
35,90,0.95,0.0
35,91,0.95,1.0
35,92,0.95,0.778
35,93,0.95,0.0
35,94,0.95,0.7795
35,95,0.95,0.78
35,96,0.95,0.0
35,97,0.95,0.0
35,98,0.95,0.0
35,99,0.95,0.0
35,100,0.95,0.779
36,1,0.13,0.0
36,2,0.13,1.0
36,3,0.19,0.6377
36,4,0.19,1.0
36,5,0.17,1.0
36,6,0.16,1.0
36,7,0.09,1.5341
36,8,0.07,1.0
36,9,0.05,1.0
36,10,0.04,1.0
36,11,0.04,1.0
36,12,0.01,1.0
36,13,0.0,1.0
36,14,0.0,1.0
36,15,0.0,1.0
36,16,0.0,1.0
36,17,0.0,1.0
36,18,0.0,1.0
36,19,0.0,1.5
36,20,0.0,1.5
36,21,0.0,1.5
36,22,0.0,1.5
36,23,0.0,1.0
36,24,0.0,1.0
36,25,0.0,1.0
36,26,0.0,1.5
36,27,0.0,1.0
36,28,0.0,1.5
36,29,0.0,1.5
36,30,0.0,1.5
36,31,0.0,1.5
36,32,0.0,1.0
36,33,0.0,1.0
36,34,0.0,1.0
36,35,0.0,1.0
36,36,0.0,1.0
36,37,0.0,1.5
36,38,0.0,1.0
36,39,0.0,1.5
36,40,0.0,1.5
36,41,0.0,1.0
36,42,0.0,1.0
36,43,0.0,1.0
36,44,0.0,1.0
36,45,0.0,1.0
36,46,0.0,1.0
36,47,0.0,1.5
36,48,0.0,1.5
36,49,0.0,1.5
36,50,0.0,1.5
36,51,0.0,1.5
36,52,0.0,1.0
36,53,0.0,1.0
36,54,0.0,1.5
36,55,0.0,1.0
36,56,0.0,1.5
36,57,0.0,1.5
36,58,0.0,1.0
36,59,0.0,1.5
36,60,0.0,1.5
36,61,0.0,1.0
36,62,0.0,1.5
36,63,0.0,1.0
36,64,0.0,1.0
36,65,0.0,1.0
36,66,0.0,1.5
36,67,0.0,1.5
36,68,0.0,1.0
36,69,0.0,1.5
36,70,0.0,1.5
36,71,0.0,1.0
36,72,0.0,1.5
36,73,0.0,1.5
36,74,0.0,1.0
36,75,0.0,1.0
36,76,0.0,1.5
36,77,0.0,1.5
36,78,0.0,1.5
36,79,0.0,1.5
36,80,0.0,1.5
36,81,0.0,1.5
36,82,0.0,1.0
36,83,0.0,1.0
36,84,0.0,1.5
36,85,0.0,1.5
36,86,0.0,1.5
36,87,0.0,1.5
36,88,0.0,1.5
36,89,0.0,1.5
36,90,0.0,1.5
36,91,0.0,1.5
36,92,0.0,1.0
36,93,0.0,1.0
36,94,0.0,1.0
36,95,0.0,1.5
36,96,0.0,1.0
36,97,0.0,1.0
36,98,0.0,1.0
36,99,0.0,1.5
36,100,0.0,1.0
37,1,0.14,0.0
37,2,0.14,1.1821
37,3,0.33,0.7058
37,4,0.33,1.0
37,5,0.34,1.0
37,6,0.33,1.3311
37,7,0.26,1.3579
37,8,0.25,1.0
37,9,0.21,1.4086
37,10,0.2,1.4421
37,11,0.14,1.0
37,12,0.13,1.4675
37,13,0.13,1.0
37,14,0.11,1.495
37,15,0.06,1.0
37,16,0.04,1.0
37,17,0.02,1.0
37,18,0.0,1.517
37,19,0.0,1.0
37,20,0.0,1.5
37,21,0.0,1.0
37,22,0.0,1.5
37,23,0.0,1.5
37,24,0.0,1.0
37,25,0.0,1.5
37,26,0.0,1.0
37,27,0.0,1.0
37,28,0.0,1.5
37,29,0.0,1.0
37,30,0.0,1.5
37,31,0.0,1.5
37,32,0.0,1.5
37,33,0.0,1.5
37,34,0.0,1.5
37,35,0.0,1.0
37,36,0.0,1.0
37,37,0.0,1.0
37,38,0.0,1.0
37,39,0.0,1.0
37,40,0.0,1.5
37,41,0.0,1.0
37,42,0.0,1.5
37,43,0.0,1.0
37,44,0.0,1.5
37,45,0.0,1.0
37,46,0.0,1.0
37,47,0.0,1.5
37,48,0.0,1.0
37,49,0.0,1.0
37,50,0.0,1.5
37,51,0.0,1.5
37,52,0.0,1.5
37,53,0.0,1.0
37,54,0.0,1.5
37,55,0.0,1.5
37,56,0.0,1.5
37,57,0.0,1.5
37,58,0.0,1.0
37,59,0.0,1.5
37,60,0.0,1.0
37,61,0.0,1.5
37,62,0.0,1.0
37,63,0.0,1.0
37,64,0.0,1.0
37,65,0.0,1.0
37,66,0.0,1.5
37,67,0.0,1.5
37,68,0.0,1.0
37,69,0.0,1.0
37,70,0.0,1.0
37,71,0.0,1.0
37,72,0.0,1.5
37,73,0.0,1.5
37,74,0.0,1.5
37,75,0.0,1.0
37,76,0.0,1.5
37,77,0.0,1.5
37,78,0.0,1.5
37,79,0.0,1.0
37,80,0.0,1.0
37,81,0.0,1.0
37,82,0.0,1.5
37,83,0.0,1.5
37,84,0.0,1.5
37,85,0.0,1.5
37,86,0.0,1.5
37,87,0.0,1.5
37,88,0.0,1.5
37,89,0.0,1.0
37,90,0.0,1.5
37,91,0.0,1.5
37,92,0.0,1.0
37,93,0.0,1.5
37,94,0.0,1.5
37,95,0.0,1.5
37,96,0.0,1.5
37,97,0.0,1.0
37,98,0.0,1.5
37,99,0.0,1.5
37,100,0.0,1.0
38,1,0.13,0.0
38,2,0.13,1.2864
38,3,0.24,0.0
38,4,0.24,1.3008
38,5,0.21,1.3747
38,6,0.19,1.3922
38,7,0.13,1.0
38,8,0.13,1.4601
38,9,0.09,1.5125
38,10,0.08,1.0
38,11,0.04,1.0
38,12,0.03,1.0
38,13,0.02,1.0
38,14,0.01,1.0
38,15,0.0,1.0
38,16,0.0,1.0
38,17,0.0,1.0
38,18,0.0,1.5
38,19,0.0,1.5
38,20,0.0,1.0
38,21,0.0,1.0
38,22,0.0,1.0
38,23,0.0,1.0
38,24,0.0,1.5
38,25,0.0,1.5
38,26,0.0,1.5
38,27,0.0,1.5
38,28,0.0,1.0
38,29,0.0,1.5
38,30,0.0,1.5
38,31,0.0,1.0
38,32,0.0,1.5
38,33,0.0,1.0
38,34,0.0,1.5
38,35,0.0,1.5
38,36,0.0,1.5
38,37,0.0,1.0
38,38,0.0,1.0
38,39,0.0,1.5
38,40,0.0,1.5
38,41,0.0,1.0
38,42,0.0,1.5
38,43,0.0,1.5
38,44,0.0,1.5
38,45,0.0,1.0
38,46,0.0,1.0
38,47,0.0,1.5
38,48,0.0,1.5
38,49,0.0,1.5
38,50,0.0,1.0
38,51,0.0,1.0
38,52,0.0,1.5
38,53,0.0,1.0
38,54,0.0,1.0
38,55,0.0,1.0
38,56,0.0,1.0
38,57,0.0,1.5
38,58,0.0,1.0
38,59,0.0,1.5
38,60,0.0,1.0
38,61,0.0,1.0
38,62,0.0,1.5
38,63,0.0,1.5
38,64,0.0,1.5
38,65,0.0,1.5
38,66,0.0,1.0
38,67,0.0,1.5
38,68,0.0,1.5
38,69,0.0,1.0
38,70,0.0,1.0
38,71,0.0,1.5
38,72,0.0,1.0
38,73,0.0,1.5
38,74,0.0,1.0
38,75,0.0,1.5
38,76,0.0,1.0
38,77,0.0,1.0
38,78,0.0,1.0
38,79,0.0,1.5
38,80,0.0,1.5
38,81,0.0,1.0
38,82,0.0,1.0
38,83,0.0,1.5
38,84,0.0,1.0
38,85,0.0,1.5
38,86,0.0,1.0
38,87,0.0,1.0
38,88,0.0,1.5
38,89,0.0,1.5
38,90,0.0,1.0
38,91,0.0,1.5
38,92,0.0,1.5
38,93,0.0,1.5
38,94,0.0,1.0
38,95,0.0,1.0
38,96,0.0,1.0
38,97,0.0,1.0
38,98,0.0,1.0
38,99,0.0,1.0
38,100,0.0,1.0
39,1,0.18,0.0
39,2,0.18,1.014
39,3,0.52,0.3363
39,4,0.52,0.8093
39,5,0.62,0.0
39,6,0.68,0.2062
39,7,0.74,0.0
39,8,0.82,0.068
39,9,0.86,0.0
39,10,0.85,0.7733
39,11,0.87,0.0
39,12,0.9,0.0
39,13,0.9,1.0
39,14,0.91,0.0
39,15,0.93,0.0
39,16,0.93,0.0
39,17,0.94,0.0
39,18,0.94,1.0
39,19,0.95,0.0
39,20,0.95,1.0
39,21,0.95,1.0
39,22,0.95,1.0
39,23,0.95,1.0
39,24,0.95,0.0
39,25,0.95,1.0
39,26,0.95,1.0
39,27,0.95,1.0
39,28,0.95,1.0
39,29,0.95,1.0
39,30,0.95,0.0
39,31,0.95,0.779
39,32,0.95,0.0
39,33,0.95,0.0
39,34,0.95,1.0
39,35,0.95,0.0
39,36,0.95,0.7315
39,37,0.95,1.0
39,38,0.95,1.0
39,39,0.95,0.7315
39,40,0.95,1.0
39,41,0.95,0.0
39,42,0.95,0.0
39,43,0.95,1.0
39,44,0.95,1.0
39,45,0.95,1.0
39,46,0.95,1.0
39,47,0.95,1.0
39,48,0.95,0.0
39,49,0.95,0.0
39,50,0.95,0.0
39,51,0.95,0.781
39,52,0.95,0.0
39,53,0.95,1.0
39,54,0.95,1.0
39,55,0.95,0.0
39,56,0.95,1.0
39,57,0.95,1.0
39,58,0.95,1.0
39,59,0.95,1.0
39,60,0.95,1.0
39,61,0.95,1.0
39,62,0.95,0.0
39,63,0.95,1.0
39,64,0.95,1.0
39,65,0.95,0.0
39,66,0.95,1.0
39,67,0.95,0.0
39,68,0.95,0.0
39,69,0.95,0.7785
39,70,0.95,1.0
39,71,0.95,0.0
39,72,0.95,1.0
39,73,0.95,1.0
39,74,0.95,0.731
39,75,0.95,0.0
39,76,0.95,0.0
39,77,0.95,0.7785
39,78,0.95,0.731
39,79,0.95,0.7305
39,80,0.95,0.783
39,81,0.95,0.0
39,82,0.95,0.73
39,83,0.95,0.7805
39,84,0.95,0.0
39,85,0.95,1.0
39,86,0.95,1.0
39,87,0.95,0.7785
39,88,0.95,0.0
39,89,0.95,0.0
39,90,0.95,0.0
39,91,0.95,0.731
39,92,0.95,0.0
39,93,0.95,1.0
39,94,0.95,1.0
39,95,0.95,0.0
39,96,0.95,0.0
39,97,0.95,0.73
39,98,0.95,0.732
39,99,0.95,0.729
39,100,0.95,1.0
40,1,0.15,0.0
40,2,0.15,1.1059
40,3,0.25,0.621
40,4,0.32,0.6373
40,5,0.33,0.6549
40,6,0.35,0.6749
40,7,0.34,1.3101
40,8,0.32,1.0
40,9,0.3,1.3986
40,10,0.26,1.0
40,11,0.25,1.4202
40,12,0.24,1.0
40,13,0.18,1.0
40,14,0.15,1.4832
40,15,0.13,1.4847
40,16,0.11,1.4937
40,17,0.05,1.0
40,18,0.05,1.4877
40,19,0.02,1.5235
40,20,0.01,1.506
40,21,0.0,1.0
40,22,0.0,1.0
40,23,0.0,1.5
40,24,0.0,1.0
40,25,0.0,1.0
40,26,0.0,1.0
40,27,0.0,1.0
40,28,0.0,1.0
40,29,0.0,1.5
40,30,0.0,1.0
40,31,0.0,1.5
40,32,0.0,1.0
40,33,0.0,1.5
40,34,0.0,1.0
40,35,0.0,1.5
40,36,0.0,1.0
40,37,0.0,1.0
40,38,0.0,1.5
40,39,0.0,1.5
40,40,0.0,1.5
40,41,0.0,1.0
40,42,0.0,1.5
40,43,0.0,1.0
40,44,0.0,1.0
40,45,0.0,1.0
40,46,0.0,1.5
40,47,0.0,1.0
40,48,0.0,1.0
40,49,0.0,1.0
40,50,0.0,1.5
40,51,0.0,1.0
40,52,0.0,1.5
40,53,0.0,1.5
40,54,0.0,1.5
40,55,0.0,1.5
40,56,0.0,1.5
40,57,0.0,1.5
40,58,0.0,1.0
40,59,0.0,1.0
40,60,0.0,1.0
40,61,0.0,1.0
40,62,0.0,1.0
40,63,0.0,1.5
40,64,0.0,1.5
40,65,0.0,1.5
40,66,0.0,1.5
40,67,0.0,1.5
40,68,0.0,1.5
40,69,0.0,1.5
40,70,0.0,1.5
40,71,0.0,1.5
40,72,0.0,1.0
40,73,0.0,1.0
40,74,0.0,1.5
40,75,0.0,1.5
40,76,0.0,1.5
40,77,0.0,1.0
40,78,0.0,1.0
40,79,0.0,1.5
40,80,0.0,1.0
40,81,0.0,1.5
40,82,0.0,1.5
40,83,0.0,1.5
40,84,0.0,1.5
40,85,0.0,1.5
40,86,0.0,1.0
40,87,0.0,1.0
40,88,0.0,1.0
40,89,0.0,1.0
40,90,0.0,1.5
40,91,0.0,1.5
40,92,0.0,1.0
40,93,0.0,1.0
40,94,0.0,1.0
40,95,0.0,1.5
40,96,0.0,1.0
40,97,0.0,1.5
40,98,0.0,1.5
40,99,0.0,1.0
40,100,0.0,1.0
41,1,0.17,0.0
41,2,0.17,1.2207
41,3,0.33,0.6943
41,4,0.33,1.221
41,5,0.34,0.0
41,6,0.3,1.305
41,7,0.27,1.3127
41,8,0.27,1.2472
41,9,0.26,1.2683
41,10,0.22,1.0
41,11,0.19,1.0
41,12,0.17,1.0
41,13,0.12,1.5032
41,14,0.11,1.0
41,15,0.1,1.0
41,16,0.09,1.0
41,17,0.07,1.0
41,18,0.04,1.0
41,19,0.02,1.0
41,20,0.0,1.517
41,21,0.0,1.0
41,22,0.0,1.0
41,23,0.0,1.0
41,24,0.0,1.5
41,25,0.0,1.0
41,26,0.0,1.5
41,27,0.0,1.0
41,28,0.0,1.0
41,29,0.0,1.5
41,30,0.0,1.0
41,31,0.0,1.5
41,32,0.0,1.0
41,33,0.0,1.5
41,34,0.0,1.0
41,35,0.0,1.5
41,36,0.0,1.0
41,37,0.0,1.5
41,38,0.0,1.0
41,39,0.0,1.5
41,40,0.0,1.0
41,41,0.0,1.5
41,42,0.0,1.5
41,43,0.0,1.0
41,44,0.0,1.0
41,45,0.0,1.5
41,46,0.0,1.5
41,47,0.0,1.0
41,48,0.0,1.5
41,49,0.0,1.0
41,50,0.0,1.5
41,51,0.0,1.5
41,52,0.0,1.0
41,53,0.0,1.5
41,54,0.0,1.5
41,55,0.0,1.5
41,56,0.0,1.0
41,57,0.0,1.0
41,58,0.0,1.0
41,59,0.0,1.5
41,60,0.0,1.5
41,61,0.0,1.5
41,62,0.0,1.5
41,63,0.0,1.5
41,64,0.0,1.0
41,65,0.0,1.0
41,66,0.0,1.0
41,67,0.0,1.5
41,68,0.0,1.5
41,69,0.0,1.0
41,70,0.0,1.5
41,71,0.0,1.5
41,72,0.0,1.5
41,73,0.0,1.5
41,74,0.0,1.0
41,75,0.0,1.5
41,76,0.0,1.5
41,77,0.0,1.0
41,78,0.0,1.0
41,79,0.0,1.0
41,80,0.0,1.0
41,81,0.0,1.0
41,82,0.0,1.5
41,83,0.0,1.5
41,84,0.0,1.0
41,85,0.0,1.5
41,86,0.0,1.0
41,87,0.0,1.5
41,88,0.0,1.5
41,89,0.0,1.0
41,90,0.0,1.5
41,91,0.0,1.5
41,92,0.0,1.0
41,93,0.0,1.5
41,94,0.0,1.0
41,95,0.0,1.5
41,96,0.0,1.0
41,97,0.0,1.5
41,98,0.0,1.0
41,99,0.0,1.0
41,100,0.0,1.0
42,1,0.12,0.0
42,2,0.11,1.2527
42,3,0.18,0.7793
42,4,0.18,1.3192
42,5,0.17,1.4187
42,6,0.16,1.4492
42,7,0.1,1.0
42,8,0.09,1.4327
42,9,0.07,1.0
42,10,0.04,1.0
42,11,0.03,1.0
42,12,0.03,1.0
42,13,0.02,1.0
42,14,0.0,1.518
42,15,0.0,1.0
42,16,0.0,1.5
42,17,0.0,1.5
42,18,0.0,1.5
42,19,0.0,1.0
42,20,0.0,1.5
42,21,0.0,1.5
42,22,0.0,1.5
42,23,0.0,1.5
42,24,0.0,1.0
42,25,0.0,1.0
42,26,0.0,1.5
42,27,0.0,1.5
42,28,0.0,1.0
42,29,0.0,1.5
42,30,0.0,1.5
42,31,0.0,1.0
42,32,0.0,1.5
42,33,0.0,1.5
42,34,0.0,1.0
42,35,0.0,1.0
42,36,0.0,1.0
42,37,0.0,1.5
42,38,0.0,1.5
42,39,0.0,1.5
42,40,0.0,1.0
42,41,0.0,1.5
42,42,0.0,1.5
42,43,0.0,1.0
42,44,0.0,1.0
42,45,0.0,1.5
42,46,0.0,1.5
42,47,0.0,1.0
42,48,0.0,1.0
42,49,0.0,1.0
42,50,0.0,1.0
42,51,0.0,1.0
42,52,0.0,1.0
42,53,0.0,1.0
42,54,0.0,1.0
42,55,0.0,1.0
42,56,0.0,1.5
42,57,0.0,1.5
42,58,0.0,1.0
42,59,0.0,1.0
42,60,0.0,1.5
42,61,0.0,1.0
42,62,0.0,1.0
42,63,0.0,1.0
42,64,0.0,1.0
42,65,0.0,1.0
42,66,0.0,1.0
42,67,0.0,1.5
42,68,0.0,1.5
42,69,0.0,1.0
42,70,0.0,1.5
42,71,0.0,1.5
42,72,0.0,1.5
42,73,0.0,1.5
42,74,0.0,1.5
42,75,0.0,1.5
42,76,0.0,1.0
42,77,0.0,1.5
42,78,0.0,1.5
42,79,0.0,1.5
42,80,0.0,1.5
42,81,0.0,1.5
42,82,0.0,1.5
42,83,0.0,1.0
42,84,0.0,1.5
42,85,0.0,1.0
42,86,0.0,1.0
42,87,0.0,1.5
42,88,0.0,1.0
42,89,0.0,1.5
42,90,0.0,1.5
42,91,0.0,1.0
42,92,0.0,1.0
42,93,0.0,1.0
42,94,0.0,1.0
42,95,0.0,1.5
42,96,0.0,1.0
42,97,0.0,1.5
42,98,0.0,1.0
42,99,0.0,1.5
42,100,0.0,1.5
43,1,0.17,0.0
43,2,0.17,1.2028
43,3,0.5,0.6133
43,4,0.51,0.5465
43,5,0.77,0.0
43,6,0.79,0.0
43,7,0.85,0.3144
43,8,0.88,0.3054
43,9,0.88,1.0
43,10,0.88,0.797
43,11,0.9,0.0
43,12,0.91,0.2925
43,13,0.91,0.7875
43,14,0.95,0.0
43,15,0.95,0.0
43,16,0.95,1.0
43,17,0.95,0.0
43,18,0.95,1.0
43,19,0.95,0.0
43,20,0.95,0.0
43,21,0.95,0.0
43,22,0.95,0.0
43,23,0.95,0.7825
43,24,0.95,0.0
43,25,0.95,0.7815
43,26,0.95,0.0
43,27,0.95,0.0
43,28,0.95,1.0
43,29,0.95,1.0
43,30,0.95,1.0
43,31,0.95,1.0
43,32,0.95,0.0
43,33,0.95,1.0
43,34,0.95,0.0
43,35,0.95,0.78
43,36,0.95,0.7795
43,37,0.95,1.0
43,38,0.95,1.0
43,39,0.95,0.0
43,40,0.95,0.779
43,41,0.95,1.0
43,42,0.95,1.0
43,43,0.95,0.0
43,44,0.95,1.0
43,45,0.95,1.0
43,46,0.95,1.0
43,47,0.95,0.783
43,48,0.95,1.0
43,49,0.95,0.0
43,50,0.95,1.0
43,51,0.95,1.0
43,52,0.95,1.0
43,53,0.95,0.0
43,54,0.95,1.0
43,55,0.95,0.0
43,56,0.95,1.0
43,57,0.95,1.0
43,58,0.95,1.0
43,59,0.95,0.0
43,60,0.95,0.779
43,61,0.95,1.0
43,62,0.95,0.0
43,63,0.95,1.0
43,64,0.95,1.0
43,65,0.95,0.0
43,66,0.95,0.7795
43,67,0.95,0.0
43,68,0.95,0.7795
43,69,0.95,0.0
43,70,0.95,0.78
43,71,0.95,1.0
43,72,0.95,1.0
43,73,0.95,1.0
43,74,0.95,1.0
43,75,0.95,0.0
43,76,0.95,0.781
43,77,0.95,0.7805
43,78,0.95,1.0
43,79,0.95,1.0
43,80,0.95,1.0
43,81,0.95,1.0
43,82,0.95,1.0
43,83,0.95,0.0
43,84,0.95,0.779
43,85,0.95,1.0
43,86,0.95,1.0
43,87,0.95,1.0
43,88,0.95,1.0
43,89,0.95,1.0
43,90,0.95,0.0
43,91,0.95,1.0
43,92,0.95,1.0
43,93,0.95,0.0
43,94,0.95,0.0
43,95,0.95,1.0
43,96,0.95,0.0
43,97,0.95,1.0
43,98,0.95,1.0
43,99,0.95,1.0
43,100,0.95,1.0
44,1,0.11,0.0
44,2,0.11,1.2413
44,3,0.2,0.0
44,4,0.2,1.3143
44,5,0.19,1.3658
44,6,0.18,1.3918
44,7,0.11,1.4778
44,8,0.1,1.4282
44,9,0.07,1.5087
44,10,0.05,1.5043
44,11,0.04,1.0
44,12,0.02,1.5125
44,13,0.02,1.495
44,14,0.01,1.0
44,15,0.01,1.0
44,16,0.0,1.0
44,17,0.0,1.0
44,18,0.0,1.5
44,19,0.0,1.0
44,20,0.0,1.0
44,21,0.0,1.5
44,22,0.0,1.0
44,23,0.0,1.0
44,24,0.0,1.5
44,25,0.0,1.0
44,26,0.0,1.5
44,27,0.0,1.0
44,28,0.0,1.5
44,29,0.0,1.0
44,30,0.0,1.0
44,31,0.0,1.0
44,32,0.0,1.0
44,33,0.0,1.5
44,34,0.0,1.0
44,35,0.0,1.5
44,36,0.0,1.5
44,37,0.0,1.5
44,38,0.0,1.0
44,39,0.0,1.5
44,40,0.0,1.5
44,41,0.0,1.0
44,42,0.0,1.0
44,43,0.0,1.0
44,44,0.0,1.0
44,45,0.0,1.5
44,46,0.0,1.0
44,47,0.0,1.0
44,48,0.0,1.0
44,49,0.0,1.0
44,50,0.0,1.5
44,51,0.0,1.5
44,52,0.0,1.0
44,53,0.0,1.0
44,54,0.0,1.0
44,55,0.0,1.5
44,56,0.0,1.5
44,57,0.0,1.0
44,58,0.0,1.0
44,59,0.0,1.5
44,60,0.0,1.5
44,61,0.0,1.0
44,62,0.0,1.5
44,63,0.0,1.0
44,64,0.0,1.5
44,65,0.0,1.5
44,66,0.0,1.5
44,67,0.0,1.0
44,68,0.0,1.5
44,69,0.0,1.0
44,70,0.0,1.0
44,71,0.0,1.5
44,72,0.0,1.0
44,73,0.0,1.5
44,74,0.0,1.5
44,75,0.0,1.0
44,76,0.0,1.5
44,77,0.0,1.5
44,78,0.0,1.0
44,79,0.0,1.0
44,80,0.0,1.0
44,81,0.0,1.0
44,82,0.0,1.5
44,83,0.0,1.5
44,84,0.0,1.0
44,85,0.0,1.5
44,86,0.0,1.0
44,87,0.0,1.0
44,88,0.0,1.5
44,89,0.0,1.5
44,90,0.0,1.5
44,91,0.0,1.5
44,92,0.0,1.0
44,93,0.0,1.5
44,94,0.0,1.0
44,95,0.0,1.0
44,96,0.0,1.0
44,97,0.0,1.5
44,98,0.0,1.0
44,99,0.0,1.5
44,100,0.0,1.0
45,1,0.13,0.0
45,2,0.11,1.3027
45,3,0.2,0.7039
45,4,0.22,0.7371
45,5,0.22,1.275
45,6,0.22,1.3081
45,7,0.2,1.0
45,8,0.14,1.5071
45,9,0.14,1.4605
45,10,0.11,1.0
45,11,0.08,1.5058
45,12,0.06,1.5027
45,13,0.04,1.0
45,14,0.02,1.0
45,15,0.01,1.506
45,16,0.01,1.0
45,17,0.0,1.5095
45,18,0.0,1.5
45,19,0.0,1.5
45,20,0.0,1.5
45,21,0.0,1.0
45,22,0.0,1.5
45,23,0.0,1.5
45,24,0.0,1.0
45,25,0.0,1.0
45,26,0.0,1.5
45,27,0.0,1.0
45,28,0.0,1.0
45,29,0.0,1.0
45,30,0.0,1.5
45,31,0.0,1.0
45,32,0.0,1.5
45,33,0.0,1.5
45,34,0.0,1.5
45,35,0.0,1.0
45,36,0.0,1.5
45,37,0.0,1.0
45,38,0.0,1.0
45,39,0.0,1.0
45,40,0.0,1.5
45,41,0.0,1.5
45,42,0.0,1.0
45,43,0.0,1.0
45,44,0.0,1.5
45,45,0.0,1.0
45,46,0.0,1.0
45,47,0.0,1.0
45,48,0.0,1.5
45,49,0.0,1.5
45,50,0.0,1.5
45,51,0.0,1.5
45,52,0.0,1.5
45,53,0.0,1.0
45,54,0.0,1.5
45,55,0.0,1.0
45,56,0.0,1.5
45,57,0.0,1.5
45,58,0.0,1.0
45,59,0.0,1.0
45,60,0.0,1.5
45,61,0.0,1.5
45,62,0.0,1.0
45,63,0.0,1.0
45,64,0.0,1.5
45,65,0.0,1.0
45,66,0.0,1.5
45,67,0.0,1.5
45,68,0.0,1.0
45,69,0.0,1.0
45,70,0.0,1.0
45,71,0.0,1.0
45,72,0.0,1.0
45,73,0.0,1.5
45,74,0.0,1.0
45,75,0.0,1.5
45,76,0.0,1.5
45,77,0.0,1.0
45,78,0.0,1.5
45,79,0.0,1.5
45,80,0.0,1.0
45,81,0.0,1.0
45,82,0.0,1.5
45,83,0.0,1.0
45,84,0.0,1.5
45,85,0.0,1.0
45,86,0.0,1.0
45,87,0.0,1.0
45,88,0.0,1.0
45,89,0.0,1.0
45,90,0.0,1.0
45,91,0.0,1.5
45,92,0.0,1.5
45,93,0.0,1.5
45,94,0.0,1.0
45,95,0.0,1.5
45,96,0.0,1.5
45,97,0.0,1.0
45,98,0.0,1.5
45,99,0.0,1.5
45,100,0.0,1.0
46,1,0.15,0.0
46,2,0.15,1.2159
46,3,0.3,0.6855
46,4,0.3,1.2103
46,5,0.31,0.7449
46,6,0.3,1.2819
46,7,0.25,1.3464
46,8,0.23,1.0
46,9,0.2,1.41
46,10,0.18,1.0
46,11,0.17,1.0
46,12,0.13,1.0
46,13,0.09,1.5135
46,14,0.05,1.0
46,15,0.04,1.498
46,16,0.03,1.5015
46,17,0.03,1.0
46,18,0.01,1.516
46,19,0.01,1.0
46,20,0.0,1.509
46,21,0.0,1.0
46,22,0.0,1.0
46,23,0.0,1.0
46,24,0.0,1.0
46,25,0.0,1.5
46,26,0.0,1.5
46,27,0.0,1.0
46,28,0.0,1.0
46,29,0.0,1.5
46,30,0.0,1.0
46,31,0.0,1.0
46,32,0.0,1.0
46,33,0.0,1.0
46,34,0.0,1.0
46,35,0.0,1.0
46,36,0.0,1.0
46,37,0.0,1.0
46,38,0.0,1.5
46,39,0.0,1.0
46,40,0.0,1.5
46,41,0.0,1.5
46,42,0.0,1.5
46,43,0.0,1.0
46,44,0.0,1.5
46,45,0.0,1.0
46,46,0.0,1.5
46,47,0.0,1.5
46,48,0.0,1.5
46,49,0.0,1.5
46,50,0.0,1.5
46,51,0.0,1.5
46,52,0.0,1.0
46,53,0.0,1.0
46,54,0.0,1.5
46,55,0.0,1.5
46,56,0.0,1.0
46,57,0.0,1.0
46,58,0.0,1.0
46,59,0.0,1.0
46,60,0.0,1.0
46,61,0.0,1.5
46,62,0.0,1.5
46,63,0.0,1.5
46,64,0.0,1.0
46,65,0.0,1.5
46,66,0.0,1.5
46,67,0.0,1.0
46,68,0.0,1.5
46,69,0.0,1.0
46,70,0.0,1.5
46,71,0.0,1.5
46,72,0.0,1.0
46,73,0.0,1.0
46,74,0.0,1.5
46,75,0.0,1.0
46,76,0.0,1.5
46,77,0.0,1.5
46,78,0.0,1.5
46,79,0.0,1.5
46,80,0.0,1.0
46,81,0.0,1.0
46,82,0.0,1.0
46,83,0.0,1.0
46,84,0.0,1.0
46,85,0.0,1.5
46,86,0.0,1.0
46,87,0.0,1.0
46,88,0.0,1.0
46,89,0.0,1.5
46,90,0.0,1.5
46,91,0.0,1.5
46,92,0.0,1.5
46,93,0.0,1.5
46,94,0.0,1.5
46,95,0.0,1.5
46,96,0.0,1.5
46,97,0.0,1.5
46,98,0.0,1.0
46,99,0.0,1.0
46,100,0.0,1.5
47,1,0.13,0.0
47,2,0.13,1.078
47,3,0.36,0.0
47,4,0.36,1.0
47,5,0.73,0.2737
47,6,0.73,0.7505
47,7,0.84,0.0
47,8,0.86,0.0
47,9,0.9,0.0
47,10,0.9,1.0
47,11,0.87,0.8285
47,12,0.91,0.0
47,13,0.91,0.0
47,14,0.94,0.0
47,15,0.94,0.0
47,16,0.94,1.0
47,17,0.94,0.0
47,18,0.94,0.783
47,19,0.95,0.2805
47,20,0.95,0.0
47,21,0.95,0.783
47,22,0.95,0.0
47,23,0.95,0.0
47,24,0.95,1.0
47,25,0.95,0.0
47,26,0.95,1.0
47,27,0.95,0.0
47,28,0.95,1.0
47,29,0.95,0.7805
47,30,0.95,0.7835
47,31,0.95,0.0
47,32,0.95,1.0
47,33,0.95,1.0
47,34,0.95,0.0
47,35,0.95,1.0
47,36,0.95,0.0
47,37,0.95,1.0
47,38,0.95,1.0
47,39,0.95,1.0
47,40,0.95,1.0
47,41,0.95,0.0
47,42,0.95,1.0
47,43,0.95,0.0
47,44,0.95,1.0
47,45,0.95,1.0
47,46,0.95,1.0
47,47,0.95,1.0
47,48,0.95,0.0
47,49,0.95,0.782
47,50,0.95,0.7795
47,51,0.95,1.0
47,52,0.95,1.0
47,53,0.95,0.7795
47,54,0.95,0.781
47,55,0.95,1.0
47,56,0.95,1.0
47,57,0.95,0.0
47,58,0.95,1.0
47,59,0.95,0.0
47,60,0.95,1.0
47,61,0.95,1.0
47,62,0.95,1.0
47,63,0.95,1.0
47,64,0.95,0.0
47,65,0.95,0.0
47,66,0.95,0.0
47,67,0.95,1.0
47,68,0.95,0.78
47,69,0.95,1.0
47,70,0.95,1.0
47,71,0.95,1.0
47,72,0.95,0.0
47,73,0.95,1.0
47,74,0.95,0.781
47,75,0.95,1.0
47,76,0.95,0.0
47,77,0.95,0.0
47,78,0.95,1.0
47,79,0.95,1.0
47,80,0.95,1.0
47,81,0.95,1.0
47,82,0.95,0.78
47,83,0.95,1.0
47,84,0.95,1.0
47,85,0.95,0.78
47,86,0.95,0.7795
47,87,0.95,0.0
47,88,0.95,1.0
47,89,0.95,0.0
47,90,0.95,1.0
47,91,0.95,1.0
47,92,0.95,1.0
47,93,0.95,1.0
47,94,0.95,0.0
47,95,0.95,0.0
47,96,0.95,0.7805
47,97,0.95,0.0
47,98,0.95,0.7805
47,99,0.95,1.0
47,100,0.95,1.0
48,1,0.15,0.0
48,2,0.15,1.1379
48,3,0.42,0.5233
48,4,0.4,1.1591
48,5,0.5,0.6387
48,6,0.52,0.0
48,7,0.52,1.1361
48,8,0.52,1.1366
48,9,0.52,1.1423
48,10,0.52,1.1428
48,11,0.51,1.154
48,12,0.51,1.148
48,13,0.51,0.0
48,14,0.52,0.647
48,15,0.52,1.1425
48,16,0.52,0.0
48,17,0.52,1.0
48,18,0.51,1.0
48,19,0.51,0.0
48,20,0.51,1.145
48,21,0.52,0.646
48,22,0.52,1.0
48,23,0.52,1.1435
48,24,0.52,1.0
48,25,0.52,1.143
48,26,0.52,1.1415
48,27,0.52,0.0
48,28,0.53,0.639
48,29,0.53,1.0
48,30,0.53,0.0
48,31,0.53,1.0
48,32,0.53,1.0
48,33,0.53,1.1385
48,34,0.53,0.0
48,35,0.53,1.14
48,36,0.53,0.0
48,37,0.53,1.1385
48,38,0.53,1.138
48,39,0.53,1.141
48,40,0.52,1.1525
48,41,0.52,1.141
48,42,0.52,1.0
48,43,0.52,1.1415
48,44,0.52,1.1405
48,45,0.52,0.0
48,46,0.52,1.143
48,47,0.52,0.0
48,48,0.52,0.0
48,49,0.52,0.0
48,50,0.52,0.0
48,51,0.52,1.143
48,52,0.52,0.0
48,53,0.52,1.1435
48,54,0.52,0.0
48,55,0.52,1.0
48,56,0.52,0.0
48,57,0.52,1.0
48,58,0.52,0.0
48,59,0.52,0.0
48,60,0.52,0.0
48,61,0.52,1.1435
48,62,0.52,0.0
48,63,0.52,1.144
48,64,0.52,0.0
48,65,0.52,1.1445
48,66,0.52,1.1425
48,67,0.52,1.143
48,68,0.52,1.0
48,69,0.52,0.0
48,70,0.52,1.1445
48,71,0.51,1.0
48,72,0.51,1.1455
48,73,0.51,0.0
48,74,0.51,1.1485
48,75,0.51,1.148
48,76,0.51,0.0
48,77,0.51,1.0
48,78,0.5,1.0
48,79,0.5,1.0
48,80,0.5,1.1535
48,81,0.5,1.0
48,82,0.5,1.152
48,83,0.5,1.0
48,84,0.5,1.0
48,85,0.5,1.1535
48,86,0.5,1.151
48,87,0.5,1.0
48,88,0.5,1.0
48,89,0.5,1.1515
48,90,0.5,1.152
48,91,0.5,1.0
48,92,0.5,1.1515
48,93,0.5,1.152
48,94,0.5,1.1525
48,95,0.5,1.1535
48,96,0.5,1.151
48,97,0.5,1.154
48,98,0.5,1.151
48,99,0.5,1.0
48,100,0.5,1.154
49,1,0.16,0.0
49,2,0.16,1.1871
49,3,0.43,0.6135
49,4,0.43,1.088
49,5,0.61,0.4577
49,6,0.62,0.4372
49,7,0.74,0.0
49,8,0.74,0.7943
49,9,0.8,0.0
49,10,0.81,0.0
49,11,0.84,0.0
49,12,0.85,0.1365
49,13,0.88,0.0
49,14,0.98,0.0
49,15,0.93,0.8405
49,16,0.95,0.0
49,17,0.95,1.0
49,18,0.95,1.0
49,19,0.95,0.0
49,20,0.95,0.7835
49,21,0.95,1.0
49,22,0.95,1.0
49,23,0.95,0.7785
49,24,0.95,1.0
49,25,0.95,1.0
49,26,0.95,1.0
49,27,0.95,1.0
49,28,0.95,0.0
49,29,0.95,1.0
49,30,0.95,1.0
49,31,0.95,0.0
49,32,0.95,0.0
49,33,0.95,1.0
49,34,0.95,1.0
49,35,0.95,1.0
49,36,0.95,0.781
49,37,0.95,0.0
49,38,0.95,0.0
49,39,0.95,0.7805
49,40,0.95,1.0
49,41,0.95,0.0
49,42,0.95,0.0
49,43,0.95,0.7805
49,44,0.95,0.78
49,45,0.95,1.0
49,46,0.95,1.0
49,47,0.95,1.0
49,48,0.95,1.0
49,49,0.95,1.0
49,50,0.95,1.0
49,51,0.95,0.0
49,52,0.95,0.0
49,53,0.95,0.0
49,54,0.95,1.0
49,55,0.95,1.0
49,56,0.95,0.0
49,57,0.95,1.0
49,58,0.95,1.0
49,59,0.95,1.0
49,60,0.95,1.0
49,61,0.95,1.0
49,62,0.95,1.0
49,63,0.95,1.0
49,64,0.95,1.0
49,65,0.95,1.0
49,66,0.95,1.0
49,67,0.95,1.0
49,68,0.95,0.0
49,69,0.95,0.0
49,70,0.95,1.0
49,71,0.95,1.0
49,72,0.95,1.0
49,73,0.95,1.0
49,74,0.95,0.0
49,75,0.95,1.0
49,76,0.95,0.0
49,77,0.95,1.0
49,78,0.95,1.0
49,79,0.95,0.0
49,80,0.95,1.0
49,81,0.95,0.0
49,82,0.95,1.0
49,83,0.95,1.0
49,84,0.95,0.78
49,85,0.95,0.7795
49,86,0.95,1.0
49,87,0.95,1.0
49,88,0.95,1.0
49,89,0.95,1.0
49,90,0.95,1.0
49,91,0.95,0.0
49,92,0.95,1.0
49,93,0.95,1.0
49,94,0.95,0.0
49,95,0.95,1.0
49,96,0.95,1.0
49,97,0.95,0.7805
49,98,0.95,1.0
49,99,0.95,0.0
49,100,0.95,0.0
50,1,0.22,0.0
50,2,0.22,1.0848
50,3,0.61,0.4015
50,4,0.62,0.3216
50,5,0.71,0.0
50,6,0.78,0.0
50,7,0.87,0.0
50,8,0.9,0.0
50,9,0.94,0.0
50,10,0.96,0.0
50,11,0.97,0.0
50,12,0.97,1.0
50,13,0.98,0.0094
50,14,1.0,0.0
50,15,1.0,1.0
50,16,1.0,1.0
50,17,1.0,1.0
50,18,1.0,1.0
50,19,1.0,0.0
50,20,1.0,0.0
50,21,1.0,0.505
50,22,1.0,1.0
50,23,1.0,0.0
50,24,1.0,1.0
50,25,0.95,0.8315
50,26,0.95,1.0
50,27,0.95,1.0
50,28,0.95,1.0
50,29,0.95,1.0
50,30,0.95,1.0
50,31,0.95,1.0
50,32,0.95,0.0
50,33,0.95,1.0
50,34,0.95,0.0
50,35,0.95,1.0
50,36,0.95,0.0
50,37,0.95,1.0
50,38,0.95,1.0
50,39,0.95,1.0
50,40,0.95,1.0
50,41,0.95,1.0
50,42,0.95,0.7835
50,43,0.95,0.0
50,44,0.95,1.0
50,45,0.95,1.0
50,46,0.95,1.0
50,47,0.95,0.0
50,48,0.95,0.0
50,49,0.95,1.0
50,50,0.95,1.0
50,51,0.95,0.779
50,52,0.95,1.0
50,53,0.95,0.781
50,54,0.95,0.0
50,55,0.95,1.0
50,56,0.95,0.0
50,57,0.95,0.0
50,58,0.95,0.0
50,59,0.95,0.0
50,60,0.95,1.0
50,61,0.95,1.0
50,62,0.95,1.0
50,63,0.95,1.0
50,64,0.95,0.0
50,65,0.95,0.782
50,66,0.95,0.0
50,67,0.95,1.0
50,68,0.95,1.0
50,69,0.95,1.0
50,70,0.95,0.0
50,71,0.95,0.0
50,72,0.95,1.0
50,73,0.95,1.0
50,74,0.95,1.0
50,75,0.95,1.0
50,76,0.95,1.0
50,77,0.95,0.0
50,78,0.95,1.0
50,79,0.95,1.0
50,80,0.95,0.7795
50,81,0.95,0.7775
50,82,0.95,1.0
50,83,0.95,0.0
50,84,0.95,0.0
50,85,0.95,1.0
50,86,0.95,0.78
50,87,0.95,1.0
50,88,0.95,0.7825
50,89,0.95,0.783
50,90,0.95,0.0
50,91,0.95,1.0
50,92,0.95,0.779
50,93,0.95,1.0
50,94,0.95,1.0
50,95,0.95,1.0
50,96,0.95,1.0
50,97,0.95,1.0
50,98,0.95,0.0
50,99,0.95,1.0
50,100,0.95,0.781
51,1,0.2,0.0
51,2,0.18,1.2444
51,3,0.28,0.7439
51,4,0.31,0.6599
51,5,0.3,1.202
51,6,0.3,1.0
51,7,0.27,1.3202
51,8,0.26,1.3168
51,9,0.25,1.3321
51,10,0.2,1.4381
51,11,0.16,1.4401
51,12,0.11,1.4626
51,13,0.1,1.0
51,14,0.06,1.0
51,15,0.04,1.457
51,16,0.03,1.4525
51,17,0.02,1.0
51,18,0.0,1.0
51,19,0.0,1.499
51,20,0.0,1.5
51,21,0.0,1.5
51,22,0.0,1.5
51,23,0.0,1.0
51,24,0.0,1.0
51,25,0.0,1.5
51,26,0.0,1.0
51,27,0.0,1.5
51,28,0.0,1.0
51,29,0.0,1.0
51,30,0.0,1.0
51,31,0.0,1.0
51,32,0.0,1.0
51,33,0.0,1.5
51,34,0.0,1.5
51,35,0.0,1.5
51,36,0.0,1.0
51,37,0.0,1.0
51,38,0.0,1.5
51,39,0.0,1.5
51,40,0.0,1.0
51,41,0.0,1.5
51,42,0.0,1.5
51,43,0.0,1.0
51,44,0.0,1.5
51,45,0.0,1.0
51,46,0.0,1.5
51,47,0.0,1.0
51,48,0.0,1.5
51,49,0.0,1.5
51,50,0.0,1.0
51,51,0.0,1.0
51,52,0.0,1.5
51,53,0.0,1.5
51,54,0.0,1.5
51,55,0.0,1.5
51,56,0.0,1.0
51,57,0.0,1.5
51,58,0.0,1.0
51,59,0.0,1.5
51,60,0.0,1.5
51,61,0.0,1.0
51,62,0.0,1.5
51,63,0.0,1.5
51,64,0.0,1.0
51,65,0.0,1.0
51,66,0.0,1.0
51,67,0.0,1.5
51,68,0.0,1.0
51,69,0.0,1.0
51,70,0.0,1.5
51,71,0.0,1.5
51,72,0.0,1.0
51,73,0.0,1.0
51,74,0.0,1.5
51,75,0.0,1.5
51,76,0.0,1.5
51,77,0.0,1.0
51,78,0.0,1.5
51,79,0.0,1.0
51,80,0.0,1.0
51,81,0.0,1.5
51,82,0.0,1.5
51,83,0.0,1.5
51,84,0.0,1.5
51,85,0.0,1.0
51,86,0.0,1.5
51,87,0.0,1.0
51,88,0.0,1.5
51,89,0.0,1.0
51,90,0.0,1.5
51,91,0.0,1.0
51,92,0.0,1.0
51,93,0.0,1.5
51,94,0.0,1.0
51,95,0.0,1.0
51,96,0.0,1.5
51,97,0.0,1.0
51,98,0.0,1.5
51,99,0.0,1.0
51,100,0.0,1.5
52,1,0.14,0.0
52,2,0.14,1.1905
52,3,0.37,0.646
52,4,0.38,0.6523
52,5,0.43,1.0
52,6,0.43,1.0
52,7,0.44,1.0
52,8,0.43,1.1998
52,9,0.43,1.0
52,10,0.42,1.0
52,11,0.41,1.0
52,12,0.41,1.325
52,13,0.4,1.343
52,14,0.39,1.349
52,15,0.35,1.3915
52,16,0.31,1.4075
52,17,0.29,1.0
52,18,0.28,1.408
52,19,0.27,1.0
52,20,0.25,1.0
52,21,0.22,1.0
52,22,0.17,1.0
52,23,0.09,1.0
52,24,0.09,1.0
52,25,0.07,1.0
52,26,0.07,1.4865
52,27,0.04,1.0
52,28,0.0,1.5345
52,29,0.0,1.498
52,30,0.0,1.5
52,31,0.0,1.0
52,32,0.0,1.0
52,33,0.0,1.0
52,34,0.0,1.0
52,35,0.0,1.5
52,36,0.0,1.0
52,37,0.0,1.5
52,38,0.0,1.0
52,39,0.0,1.5
52,40,0.0,1.5
52,41,0.0,1.5
52,42,0.0,1.5
52,43,0.0,1.0
52,44,0.0,1.0
52,45,0.0,1.0
52,46,0.0,1.5
52,47,0.0,1.5
52,48,0.0,1.0
52,49,0.0,1.0
52,50,0.0,1.0
52,51,0.0,1.0
52,52,0.0,1.0
52,53,0.0,1.0
52,54,0.0,1.0
52,55,0.0,1.0
52,56,0.0,1.5
52,57,0.0,1.0
52,58,0.0,1.0
52,59,0.0,1.5
52,60,0.0,1.0
52,61,0.0,1.0
52,62,0.0,1.5
52,63,0.0,1.0
52,64,0.0,1.0
52,65,0.0,1.5
52,66,0.0,1.5
52,67,0.0,1.5
52,68,0.0,1.5
52,69,0.0,1.5
52,70,0.0,1.0
52,71,0.0,1.5
52,72,0.0,1.0
52,73,0.0,1.0
52,74,0.0,1.5
52,75,0.0,1.0
52,76,0.0,1.5
52,77,0.0,1.0
52,78,0.0,1.5
52,79,0.0,1.5
52,80,0.0,1.5
52,81,0.0,1.5
52,82,0.0,1.5
52,83,0.0,1.5
52,84,0.0,1.0
52,85,0.0,1.0
52,86,0.0,1.0
52,87,0.0,1.5
52,88,0.0,1.5
52,89,0.0,1.5
52,90,0.0,1.5
52,91,0.0,1.0
52,92,0.0,1.5
52,93,0.0,1.0
52,94,0.0,1.5
52,95,0.0,1.5
52,96,0.0,1.5
52,97,0.0,1.5
52,98,0.0,1.0
52,99,0.0,1.0
52,100,0.0,1.5
53,1,0.13,0.0
53,2,0.13,1.1393
53,3,0.34,0.5204
53,4,0.36,1.0
53,5,0.47,0.4394
53,6,0.58,0.0
53,7,0.61,0.3984
53,8,0.68,0.0
53,9,0.73,0.0
53,10,0.76,0.0
53,11,0.77,0.0
53,12,0.78,0.0
53,13,0.83,0.321
53,14,0.84,0.0
53,15,0.86,0.0
53,16,0.89,0.0
53,17,0.9,0.0
53,18,0.92,0.0
53,19,0.92,1.0
53,20,0.94,0.0
53,21,0.94,1.0
53,22,0.95,0.0
53,23,0.95,0.0
53,24,0.95,1.0
53,25,0.95,0.0
53,26,0.95,1.0
53,27,0.95,0.0
53,28,0.95,0.0
53,29,0.95,1.0
53,30,0.95,0.0
53,31,0.95,0.0
53,32,0.95,1.0
53,33,0.95,1.0
53,34,0.95,1.0
53,35,0.95,0.0
53,36,0.95,1.0
53,37,0.95,0.7305
53,38,0.95,0.0
53,39,0.95,1.0
53,40,0.95,1.0
53,41,0.95,1.0
53,42,0.95,0.0
53,43,0.95,1.0
53,44,0.95,1.0
53,45,0.95,0.0
53,46,0.95,0.0
53,47,0.95,1.0
53,48,0.95,0.0
53,49,0.95,0.0
53,50,0.95,0.781
53,51,0.95,0.778
53,52,0.95,1.0
53,53,0.95,1.0
53,54,0.95,1.0
53,55,0.95,1.0
53,56,0.95,0.0
53,57,0.95,1.0
53,58,0.95,0.0
53,59,0.95,0.0
53,60,0.95,1.0
53,61,0.95,1.0
53,62,0.95,1.0
53,63,0.95,1.0
53,64,0.95,1.0
53,65,0.95,0.728
53,66,0.95,0.732
53,67,0.95,0.0
53,68,0.95,1.0
53,69,0.95,0.7295
53,70,0.95,0.0
53,71,0.95,1.0
53,72,0.95,0.7295
53,73,0.95,1.0
53,74,0.95,0.0
53,75,0.95,0.0
53,76,0.95,0.0
53,77,0.95,0.7285
53,78,0.95,1.0
53,79,0.95,0.0
53,80,0.95,1.0
53,81,0.95,0.731
53,82,0.95,0.7285
53,83,0.95,0.0
53,84,0.95,1.0
53,85,0.95,0.0
53,86,0.95,0.777
53,87,0.95,1.0
53,88,0.95,1.0
53,89,0.95,1.0
53,90,0.95,1.0
53,91,0.95,1.0
53,92,0.95,0.0
53,93,0.95,0.732
53,94,0.95,1.0
53,95,0.95,0.0
53,96,0.95,0.0
53,97,0.95,1.0
53,98,0.95,1.0
53,99,0.95,1.0
53,100,0.95,1.0
54,1,0.19,0.0
54,2,0.19,1.1776
54,3,0.41,0.5661
54,4,0.48,0.4493
54,5,0.52,0.0
54,6,0.58,0.0
54,7,0.62,0.0
54,8,0.66,0.4018
54,9,0.69,0.0
54,10,0.71,0.0
54,11,0.75,0.0
54,12,0.75,1.0
54,13,0.75,1.0
54,14,0.77,0.0
54,15,0.78,0.0
54,16,0.82,0.0
54,17,0.82,1.0
54,18,0.88,0.0
54,19,0.88,1.0
54,20,0.89,0.0
54,21,0.9,0.0
54,22,0.91,0.0
54,23,0.94,0.2405
54,24,0.94,0.0
54,25,0.95,0.0
54,26,0.95,0.0
54,27,0.95,1.0
54,28,0.95,1.0
54,29,0.95,1.0
54,30,0.95,1.0
54,31,0.95,1.0
54,32,0.95,1.0
54,33,0.95,1.0
54,34,0.95,0.0
54,35,0.95,1.0
54,36,0.95,1.0
54,37,0.95,1.0
54,38,0.95,0.779
54,39,0.95,0.0
54,40,0.95,0.7825
54,41,0.95,0.0
54,42,0.95,0.7825
54,43,0.95,0.0
54,44,0.95,0.0
54,45,0.95,1.0
54,46,0.95,0.0
54,47,0.95,1.0
54,48,0.95,0.7275
54,49,0.95,0.73
54,50,0.95,0.0
54,51,0.95,1.0
54,52,0.95,1.0
54,53,0.95,0.0
54,54,0.95,1.0
54,55,0.95,1.0
54,56,0.95,1.0
54,57,0.95,1.0
54,58,0.95,1.0
54,59,0.95,0.78
54,60,0.95,0.0
54,61,0.95,1.0
54,62,0.95,1.0
54,63,0.95,0.0
54,64,0.95,1.0
54,65,0.95,1.0
54,66,0.95,0.0
54,67,0.95,1.0
54,68,0.95,0.0
54,69,0.95,0.0
54,70,0.95,1.0
54,71,0.95,0.0
54,72,0.95,1.0
54,73,0.95,1.0
54,74,0.95,0.0
54,75,0.95,1.0
54,76,0.95,1.0
54,77,0.95,1.0
54,78,0.95,1.0
54,79,0.95,1.0
54,80,0.95,0.0
54,81,0.95,1.0
54,82,0.95,1.0
54,83,0.95,0.0
54,84,0.95,1.0
54,85,0.95,0.0
54,86,0.95,0.0
54,87,0.95,1.0
54,88,0.95,1.0
54,89,0.95,1.0
54,90,0.95,1.0
54,91,0.95,1.0
54,92,0.95,1.0
54,93,0.95,1.0
54,94,0.95,0.7775
54,95,0.95,0.0
54,96,0.95,0.0
54,97,0.95,0.679
54,98,0.95,1.0
54,99,0.95,1.0
54,100,0.95,1.0
55,1,0.15,0.0
55,2,0.15,1.2839
55,3,0.27,1.0
55,4,0.3,1.0
55,5,0.29,1.34
55,6,0.26,1.0
55,7,0.22,1.0
55,8,0.18,1.4807
55,9,0.16,1.4752
55,10,0.11,1.0
55,11,0.07,1.0
55,12,0.07,1.0
55,13,0.04,1.0
55,14,0.01,1.0
55,15,0.01,1.497
55,16,0.01,1.0
55,17,0.0,1.509
55,18,0.0,1.4995
55,19,0.0,1.5
55,20,0.0,1.5
55,21,0.0,1.5
55,22,0.0,1.5
55,23,0.0,1.0
55,24,0.0,1.0
55,25,0.0,1.5
55,26,0.0,1.0
55,27,0.0,1.5
55,28,0.0,1.5
55,29,0.0,1.5
55,30,0.0,1.5
55,31,0.0,1.0
55,32,0.0,1.5
55,33,0.0,1.0
55,34,0.0,1.5
55,35,0.0,1.0
55,36,0.0,1.5
55,37,0.0,1.5
55,38,0.0,1.5
55,39,0.0,1.0
55,40,0.0,1.5
55,41,0.0,1.5
55,42,0.0,1.0
55,43,0.0,1.5
55,44,0.0,1.5
55,45,0.0,1.0
55,46,0.0,1.0
55,47,0.0,1.5
55,48,0.0,1.0
55,49,0.0,1.5
55,50,0.0,1.5
55,51,0.0,1.0
55,52,0.0,1.5
55,53,0.0,1.0
55,54,0.0,1.5
55,55,0.0,1.5
55,56,0.0,1.5
55,57,0.0,1.5
55,58,0.0,1.0
55,59,0.0,1.0
55,60,0.0,1.0
55,61,0.0,1.5
55,62,0.0,1.5
55,63,0.0,1.0
55,64,0.0,1.5
55,65,0.0,1.0
55,66,0.0,1.5
55,67,0.0,1.0
55,68,0.0,1.0
55,69,0.0,1.0
55,70,0.0,1.5
55,71,0.0,1.0
55,72,0.0,1.0
55,73,0.0,1.5
55,74,0.0,1.5
55,75,0.0,1.5
55,76,0.0,1.0
55,77,0.0,1.5
55,78,0.0,1.0
55,79,0.0,1.5
55,80,0.0,1.0
55,81,0.0,1.0
55,82,0.0,1.5
55,83,0.0,1.5
55,84,0.0,1.0
55,85,0.0,1.5
55,86,0.0,1.5
55,87,0.0,1.5
55,88,0.0,1.5
55,89,0.0,1.5
55,90,0.0,1.5
55,91,0.0,1.0
55,92,0.0,1.5
55,93,0.0,1.5
55,94,0.0,1.0
55,95,0.0,1.0
55,96,0.0,1.5
55,97,0.0,1.5
55,98,0.0,1.0
55,99,0.0,1.0
55,100,0.0,1.0
56,1,0.16,0.0
56,2,0.16,1.0852
56,3,0.36,0.5968
56,4,0.36,1.0
56,5,0.5,0.6061
56,6,0.5,1.1137
56,7,0.49,1.0
56,8,0.48,1.1408
56,9,0.46,1.1558
56,10,0.45,1.1528
56,11,0.44,1.1627
56,12,0.44,1.1571
56,13,0.41,1.0
56,14,0.39,1.0
56,15,0.37,1.0
56,16,0.37,1.2372
56,17,0.35,1.263
56,18,0.35,1.2505
56,19,0.33,1.2765
56,20,0.29,1.0
56,21,0.29,1.0
56,22,0.28,1.0
56,23,0.27,1.0
56,24,0.27,1.308
56,25,0.23,1.0
56,26,0.18,1.0
56,27,0.14,1.0
56,28,0.13,1.4695
56,29,0.13,1.468
56,30,0.11,1.495
56,31,0.08,1.512
56,32,0.04,1.5285
56,33,0.0,1.0
56,34,0.0,1.0
56,35,0.0,1.5
56,36,0.0,1.5
56,37,0.0,1.5
56,38,0.0,1.5
56,39,0.0,1.5
56,40,0.0,1.0
56,41,0.0,1.0
56,42,0.0,1.5
56,43,0.0,1.5
56,44,0.0,1.0
56,45,0.0,1.5
56,46,0.0,1.0
56,47,0.0,1.0
56,48,0.0,1.5
56,49,0.0,1.5
56,50,0.0,1.5
56,51,0.0,1.0
56,52,0.0,1.5
56,53,0.0,1.5
56,54,0.0,1.5
56,55,0.0,1.5
56,56,0.0,1.5
56,57,0.0,1.5
56,58,0.0,1.0
56,59,0.0,1.0
56,60,0.0,1.5
56,61,0.0,1.0
56,62,0.0,1.5
56,63,0.0,1.5
56,64,0.0,1.5
56,65,0.0,1.5
56,66,0.0,1.5
56,67,0.0,1.5
56,68,0.0,1.5
56,69,0.0,1.5
56,70,0.0,1.0
56,71,0.0,1.0
56,72,0.0,1.5
56,73,0.0,1.0
56,74,0.0,1.5
56,75,0.0,1.5
56,76,0.0,1.5
56,77,0.0,1.5
56,78,0.0,1.0
56,79,0.0,1.0
56,80,0.0,1.5
56,81,0.0,1.0
56,82,0.0,1.5
56,83,0.0,1.0
56,84,0.0,1.0
56,85,0.0,1.0
56,86,0.0,1.5
56,87,0.0,1.5
56,88,0.0,1.5
56,89,0.0,1.0
56,90,0.0,1.5
56,91,0.0,1.5
56,92,0.0,1.0
56,93,0.0,1.5
56,94,0.0,1.0
56,95,0.0,1.0
56,96,0.0,1.5
56,97,0.0,1.5
56,98,0.0,1.0
56,99,0.0,1.5
56,100,0.0,1.5
57,1,0.1,0.0
57,2,0.1,1.0
57,3,0.11,0.0
57,4,0.12,0.7948
57,5,0.11,1.3434
57,6,0.09,1.4826
57,7,0.08,1.4851
57,8,0.07,1.4901
57,9,0.06,1.0
57,10,0.04,1.0
57,11,0.02,1.5116
57,12,0.01,1.0
57,13,0.01,1.0
57,14,0.01,1.0
57,15,0.01,1.0
57,16,0.01,1.4985
57,17,0.0,1.0
57,18,0.0,1.0
57,19,0.0,1.5
57,20,0.0,1.0
57,21,0.0,1.5
57,22,0.0,1.0
57,23,0.0,1.5
57,24,0.0,1.0
57,25,0.0,1.0
57,26,0.0,1.0
57,27,0.0,1.0
57,28,0.0,1.0
57,29,0.0,1.5
57,30,0.0,1.0
57,31,0.0,1.5
57,32,0.0,1.0
57,33,0.0,1.5
57,34,0.0,1.5
57,35,0.0,1.5
57,36,0.0,1.5
57,37,0.0,1.5
57,38,0.0,1.0
57,39,0.0,1.0
57,40,0.0,1.5
57,41,0.0,1.0
57,42,0.0,1.0
57,43,0.0,1.5
57,44,0.0,1.0
57,45,0.0,1.5
57,46,0.0,1.0
57,47,0.0,1.5
57,48,0.0,1.5
57,49,0.0,1.0
57,50,0.0,1.5
57,51,0.0,1.5
57,52,0.0,1.0
57,53,0.0,1.0
57,54,0.0,1.5
57,55,0.0,1.5
57,56,0.0,1.5
57,57,0.0,1.5
57,58,0.0,1.5
57,59,0.0,1.5
57,60,0.0,1.0
57,61,0.0,1.5
57,62,0.0,1.5
57,63,0.0,1.5
57,64,0.0,1.5
57,65,0.0,1.5
57,66,0.0,1.0
57,67,0.0,1.5
57,68,0.0,1.0
57,69,0.0,1.0
57,70,0.0,1.0
57,71,0.0,1.0
57,72,0.0,1.0
57,73,0.0,1.5
57,74,0.0,1.5
57,75,0.0,1.5
57,76,0.0,1.0
57,77,0.0,1.5
57,78,0.0,1.0
57,79,0.0,1.0
57,80,0.0,1.0
57,81,0.0,1.5
57,82,0.0,1.5
57,83,0.0,1.5
57,84,0.0,1.5
57,85,0.0,1.0
57,86,0.0,1.0
57,87,0.0,1.5
57,88,0.0,1.0
57,89,0.0,1.5
57,90,0.0,1.5
57,91,0.0,1.5
57,92,0.0,1.0
57,93,0.0,1.0
57,94,0.0,1.5
57,95,0.0,1.0
57,96,0.0,1.5
57,97,0.0,1.0
57,98,0.0,1.5
57,99,0.0,1.0
57,100,0.0,1.5
58,1,0.13,0.0
58,2,0.13,1.2523
58,3,0.25,0.7314
58,4,0.25,1.0
58,5,0.24,1.3035
58,6,0.23,1.3244
58,7,0.17,1.0
58,8,0.15,1.4198
58,9,0.11,1.4528
58,10,0.11,1.0
58,11,0.08,1.5091
58,12,0.05,1.5156
58,13,0.02,1.5211
58,14,0.01,1.505
58,15,0.01,1.0
58,16,0.01,1.0
58,17,0.01,1.4985
58,18,0.0,1.509
58,19,0.0,1.4995
58,20,0.0,1.5
58,21,0.0,1.5
58,22,0.0,1.0
58,23,0.0,1.5
58,24,0.0,1.5
58,25,0.0,1.5
58,26,0.0,1.0
58,27,0.0,1.5
58,28,0.0,1.5
58,29,0.0,1.5
58,30,0.0,1.5
58,31,0.0,1.0
58,32,0.0,1.0
58,33,0.0,1.5
58,34,0.0,1.0
58,35,0.0,1.5
58,36,0.0,1.5
58,37,0.0,1.5
58,38,0.0,1.0
58,39,0.0,1.0
58,40,0.0,1.5
58,41,0.0,1.5
58,42,0.0,1.5
58,43,0.0,1.0
58,44,0.0,1.0
58,45,0.0,1.0
58,46,0.0,1.0
58,47,0.0,1.0
58,48,0.0,1.5
58,49,0.0,1.0
58,50,0.0,1.5
58,51,0.0,1.0
58,52,0.0,1.5
58,53,0.0,1.5
58,54,0.0,1.5
58,55,0.0,1.0
58,56,0.0,1.5
58,57,0.0,1.5
58,58,0.0,1.5
58,59,0.0,1.5
58,60,0.0,1.5
58,61,0.0,1.5
58,62,0.0,1.0
58,63,0.0,1.5
58,64,0.0,1.0
58,65,0.0,1.5
58,66,0.0,1.5
58,67,0.0,1.5
58,68,0.0,1.0
58,69,0.0,1.0
58,70,0.0,1.0
58,71,0.0,1.0
58,72,0.0,1.5
58,73,0.0,1.0
58,74,0.0,1.5
58,75,0.0,1.5
58,76,0.0,1.0
58,77,0.0,1.5
58,78,0.0,1.0
58,79,0.0,1.0
58,80,0.0,1.5
58,81,0.0,1.5
58,82,0.0,1.5
58,83,0.0,1.0
58,84,0.0,1.5
58,85,0.0,1.0
58,86,0.0,1.0
58,87,0.0,1.0
58,88,0.0,1.0
58,89,0.0,1.5
58,90,0.0,1.5
58,91,0.0,1.5
58,92,0.0,1.5
58,93,0.0,1.5
58,94,0.0,1.5
58,95,0.0,1.5
58,96,0.0,1.5
58,97,0.0,1.5
58,98,0.0,1.5
58,99,0.0,1.0
58,100,0.0,1.5
59,1,0.16,0.0
59,2,0.16,1.1112
59,3,0.43,1.0
59,4,0.54,0.3962
59,5,0.63,0.0
59,6,0.73,0.0
59,7,0.83,0.0
59,8,0.89,0.0
59,9,0.89,0.8097
59,10,0.91,0.0
59,11,0.91,0.0
59,12,0.91,0.0
59,13,0.93,0.0
59,14,0.93,1.0
59,15,0.94,0.0
59,16,0.94,1.0
59,17,0.95,0.0
59,18,0.95,0.782
59,19,0.95,1.0
59,20,0.95,0.7785
59,21,0.95,1.0
59,22,0.95,0.0
59,23,0.95,0.0
59,24,0.95,1.0
59,25,0.95,1.0
59,26,0.95,1.0
59,27,0.95,1.0
59,28,0.95,0.7795
59,29,0.95,1.0
59,30,0.95,1.0
59,31,0.95,1.0
59,32,0.95,0.0
59,33,0.95,1.0
59,34,0.95,0.0
59,35,0.95,1.0
59,36,0.95,1.0
59,37,0.95,1.0
59,38,0.95,0.0
59,39,0.95,0.0
59,40,0.95,0.777
59,41,0.95,0.7785
59,42,0.95,0.779
59,43,0.95,1.0
59,44,0.95,1.0
59,45,0.95,1.0
59,46,0.95,0.78
59,47,0.95,1.0
59,48,0.95,1.0
59,49,0.95,1.0
59,50,0.95,1.0
59,51,0.95,1.0
59,52,0.95,1.0
59,53,0.95,1.0
59,54,0.95,0.0
59,55,0.95,0.0
59,56,0.95,0.0
59,57,0.95,1.0
59,58,0.95,0.0
59,59,0.95,1.0
59,60,0.95,1.0
59,61,0.95,1.0
59,62,0.95,0.0
59,63,0.95,0.0
59,64,0.95,1.0
59,65,0.95,1.0
59,66,0.95,1.0
59,67,0.95,0.0
59,68,0.95,1.0
59,69,0.95,1.0
59,70,0.95,0.7795
59,71,0.95,0.7795
59,72,0.95,0.7805
59,73,0.95,0.0
59,74,0.95,1.0
59,75,0.95,1.0
59,76,0.95,1.0
59,77,0.95,0.0
59,78,0.95,0.0
59,79,0.95,1.0
59,80,0.95,1.0
59,81,0.95,1.0
59,82,0.95,1.0
59,83,0.95,0.782
59,84,0.95,1.0
59,85,0.95,1.0
59,86,0.95,1.0
59,87,0.95,1.0
59,88,0.95,1.0
59,89,0.95,0.779
59,90,0.95,0.784
59,91,0.95,0.0
59,92,0.95,1.0
59,93,0.95,1.0
59,94,0.95,1.0
59,95,0.95,1.0
59,96,0.95,1.0
59,97,0.95,1.0
59,98,0.95,1.0
59,99,0.95,1.0
59,100,0.95,0.7805
60,1,0.11,0.0
60,2,0.11,1.2543
60,3,0.21,1.0
60,4,0.23,0.7229
60,5,0.29,1.0
60,6,0.31,0.7218
60,7,0.33,1.0
60,8,0.32,1.0
60,9,0.3,1.3093
60,10,0.26,1.3961
60,11,0.24,1.0
60,12,0.19,1.4891
60,13,0.18,1.4613
60,14,0.12,1.522
60,15,0.1,1.0
60,16,0.05,1.531
60,17,0.05,1.487
60,18,0.02,1.0
60,19,0.01,1.505
60,20,0.01,1.4975
60,21,0.01,1.498
60,22,0.01,1.0
60,23,0.0,1.509
60,24,0.0,1.4995
60,25,0.0,1.5
60,26,0.0,1.5
60,27,0.0,1.5
60,28,0.0,1.5
60,29,0.0,1.5
60,30,0.0,1.5
60,31,0.0,1.0
60,32,0.0,1.5
60,33,0.0,1.5
60,34,0.0,1.5
60,35,0.0,1.5
60,36,0.0,1.0
60,37,0.0,1.5
60,38,0.0,1.0
60,39,0.0,1.5
60,40,0.0,1.5
60,41,0.0,1.0
60,42,0.0,1.5
60,43,0.0,1.5
60,44,0.0,1.5
60,45,0.0,1.5
60,46,0.0,1.5
60,47,0.0,1.0
60,48,0.0,1.0
60,49,0.0,1.0
60,50,0.0,1.5
60,51,0.0,1.5
60,52,0.0,1.5
60,53,0.0,1.5
60,54,0.0,1.0
60,55,0.0,1.0
60,56,0.0,1.5
60,57,0.0,1.5
60,58,0.0,1.5
60,59,0.0,1.5
60,60,0.0,1.5
60,61,0.0,1.5
60,62,0.0,1.0
60,63,0.0,1.0
60,64,0.0,1.5
60,65,0.0,1.5
60,66,0.0,1.5
60,67,0.0,1.0
60,68,0.0,1.5
60,69,0.0,1.5
60,70,0.0,1.5
60,71,0.0,1.5
60,72,0.0,1.5
60,73,0.0,1.0
60,74,0.0,1.5
60,75,0.0,1.0
60,76,0.0,1.0
60,77,0.0,1.5
60,78,0.0,1.0
60,79,0.0,1.0
60,80,0.0,1.5
60,81,0.0,1.5
60,82,0.0,1.5
60,83,0.0,1.5
60,84,0.0,1.0
60,85,0.0,1.0
60,86,0.0,1.5
60,87,0.0,1.5
60,88,0.0,1.5
60,89,0.0,1.5
60,90,0.0,1.5
60,91,0.0,1.5
60,92,0.0,1.0
60,93,0.0,1.0
60,94,0.0,1.5
60,95,0.0,1.5
60,96,0.0,1.5
60,97,0.0,1.0
60,98,0.0,1.5
60,99,0.0,1.0
60,100,0.0,1.5
61,1,0.18,0.0
61,2,0.18,1.0
61,3,0.38,1.0
61,4,0.49,0.3933
61,5,0.56,0.0
61,6,0.62,0.0
61,7,0.69,0.0
61,8,0.74,0.0
61,9,0.76,0.0
61,10,0.79,0.0
61,11,0.8,0.0
61,12,0.77,0.8642
61,13,0.8,0.0
61,14,0.82,0.0
61,15,0.86,0.0
61,16,0.89,0.0
61,17,0.9,0.0
61,18,0.9,1.0
61,19,0.9,1.0
61,20,0.94,0.0
61,21,0.94,1.0
61,22,0.95,0.0
61,23,0.95,1.0
61,24,0.95,1.0
61,25,0.95,1.0
61,26,0.95,1.0
61,27,0.95,0.0
61,28,0.95,1.0
61,29,0.95,1.0
61,30,0.95,1.0
61,31,0.95,0.7805
61,32,0.95,0.0
61,33,0.95,0.0
61,34,0.95,0.0
61,35,0.95,0.0
61,36,0.95,0.7825
61,37,0.95,0.0
61,38,0.95,1.0
61,39,0.95,0.783
61,40,0.95,0.0
61,41,0.95,1.0
61,42,0.95,1.0
61,43,0.95,1.0
61,44,0.95,1.0
61,45,0.95,0.0
61,46,0.95,0.779
61,47,0.95,1.0
61,48,0.95,1.0
61,49,0.95,1.0
61,50,0.95,0.0
61,51,0.95,1.0
61,52,0.95,1.0
61,53,0.95,1.0
61,54,0.95,1.0
61,55,0.95,1.0
61,56,0.95,1.0
61,57,0.95,1.0
61,58,0.95,1.0
61,59,0.95,0.779
61,60,0.95,1.0
61,61,0.95,0.0
61,62,0.95,1.0
61,63,0.95,1.0
61,64,0.95,0.7795
61,65,0.95,1.0
61,66,0.95,0.0
61,67,0.95,0.0
61,68,0.95,0.0
61,69,0.95,0.7825
61,70,0.95,0.0
61,71,0.95,0.0
61,72,0.95,1.0
61,73,0.95,0.7825
61,74,0.95,1.0
61,75,0.95,0.0
61,76,0.95,0.0
61,77,0.95,0.0
61,78,0.95,0.0
61,79,0.95,1.0
61,80,0.95,1.0
61,81,0.95,1.0
61,82,0.95,1.0
61,83,0.95,1.0
61,84,0.95,1.0
61,85,0.95,0.0
61,86,0.95,1.0
61,87,0.95,1.0
61,88,0.95,1.0
61,89,0.95,0.0
61,90,0.95,1.0
61,91,0.95,1.0
61,92,0.95,1.0
61,93,0.95,1.0
61,94,0.95,1.0
61,95,0.95,0.0
61,96,0.95,0.0
61,97,0.95,1.0
61,98,0.95,1.0
61,99,0.95,1.0
61,100,0.95,1.0
62,1,0.17,0.0
62,2,0.15,1.2202
62,3,0.29,0.7606
62,4,0.32,0.0
62,5,0.34,0.0
62,6,0.35,0.0
62,7,0.33,1.3409
62,8,0.32,1.3551
62,9,0.24,1.0
62,10,0.19,1.0
62,11,0.15,1.4898
62,12,0.13,1.4312
62,13,0.12,1.4306
62,14,0.08,1.519
62,15,0.07,1.0
62,16,0.03,1.0
62,17,0.0,1.0
62,18,0.0,1.4985
62,19,0.0,1.5
62,20,0.0,1.5
62,21,0.0,1.0
62,22,0.0,1.5
62,23,0.0,1.5
62,24,0.0,1.5
62,25,0.0,1.5
62,26,0.0,1.5
62,27,0.0,1.0
62,28,0.0,1.0
62,29,0.0,1.0
62,30,0.0,1.5
62,31,0.0,1.5
62,32,0.0,1.0
62,33,0.0,1.5
62,34,0.0,1.5
62,35,0.0,1.5
62,36,0.0,1.5
62,37,0.0,1.5
62,38,0.0,1.5
62,39,0.0,1.0
62,40,0.0,1.0
62,41,0.0,1.5
62,42,0.0,1.5
62,43,0.0,1.0
62,44,0.0,1.5
62,45,0.0,1.0
62,46,0.0,1.0
62,47,0.0,1.0
62,48,0.0,1.0
62,49,0.0,1.5
62,50,0.0,1.5
62,51,0.0,1.5
62,52,0.0,1.5
62,53,0.0,1.5
62,54,0.0,1.0
62,55,0.0,1.5
62,56,0.0,1.5
62,57,0.0,1.0
62,58,0.0,1.5
62,59,0.0,1.0
62,60,0.0,1.5
62,61,0.0,1.0
62,62,0.0,1.5
62,63,0.0,1.0
62,64,0.0,1.5
62,65,0.0,1.0
62,66,0.0,1.5
62,67,0.0,1.5
62,68,0.0,1.5
62,69,0.0,1.0
62,70,0.0,1.0
62,71,0.0,1.5
62,72,0.0,1.5
62,73,0.0,1.5
62,74,0.0,1.5
62,75,0.0,1.5
62,76,0.0,1.5
62,77,0.0,1.5
62,78,0.0,1.0
62,79,0.0,1.5
62,80,0.0,1.0
62,81,0.0,1.0
62,82,0.0,1.5
62,83,0.0,1.5
62,84,0.0,1.5
62,85,0.0,1.0
62,86,0.0,1.0
62,87,0.0,1.5
62,88,0.0,1.5
62,89,0.0,1.5
62,90,0.0,1.5
62,91,0.0,1.5
62,92,0.0,1.0
62,93,0.0,1.0
62,94,0.0,1.0
62,95,0.0,1.5
62,96,0.0,1.0
62,97,0.0,1.0
62,98,0.0,1.0
62,99,0.0,1.0
62,100,0.0,1.0
63,1,0.1,0.0
63,2,0.1,1.0
63,3,0.15,0.0
63,4,0.17,0.8227
63,5,0.16,1.0
63,6,0.15,1.4017
63,7,0.15,1.4093
63,8,0.09,1.4793
63,9,0.06,1.0
63,10,0.05,1.0
63,11,0.04,1.499
63,12,0.03,1.502
63,13,0.02,1.5045
63,14,0.02,1.4965
63,15,0.0,1.518
63,16,0.0,1.499
63,17,0.0,1.5
63,18,0.0,1.0
63,19,0.0,1.5
63,20,0.0,1.0
63,21,0.0,1.5
63,22,0.0,1.0
63,23,0.0,1.0
63,24,0.0,1.5
63,25,0.0,1.0
63,26,0.0,1.5
63,27,0.0,1.0
63,28,0.0,1.5
63,29,0.0,1.0
63,30,0.0,1.5
63,31,0.0,1.0
63,32,0.0,1.5
63,33,0.0,1.5
63,34,0.0,1.5
63,35,0.0,1.0
63,36,0.0,1.5
63,37,0.0,1.5
63,38,0.0,1.0
63,39,0.0,1.5
63,40,0.0,1.0
63,41,0.0,1.0
63,42,0.0,1.0
63,43,0.0,1.5
63,44,0.0,1.0
63,45,0.0,1.0
63,46,0.0,1.5
63,47,0.0,1.5
63,48,0.0,1.0
63,49,0.0,1.5
63,50,0.0,1.5
63,51,0.0,1.5
63,52,0.0,1.5
63,53,0.0,1.5
63,54,0.0,1.0
63,55,0.0,1.0
63,56,0.0,1.5
63,57,0.0,1.5
63,58,0.0,1.5
63,59,0.0,1.5
63,60,0.0,1.5
63,61,0.0,1.0
63,62,0.0,1.5
63,63,0.0,1.5
63,64,0.0,1.0
63,65,0.0,1.5
63,66,0.0,1.5
63,67,0.0,1.5
63,68,0.0,1.0
63,69,0.0,1.5
63,70,0.0,1.5
63,71,0.0,1.5
63,72,0.0,1.0
63,73,0.0,1.0
63,74,0.0,1.0
63,75,0.0,1.5
63,76,0.0,1.5
63,77,0.0,1.5
63,78,0.0,1.5
63,79,0.0,1.0
63,80,0.0,1.5
63,81,0.0,1.0
63,82,0.0,1.5
63,83,0.0,1.0
63,84,0.0,1.5
63,85,0.0,1.5
63,86,0.0,1.0
63,87,0.0,1.0
63,88,0.0,1.0
63,89,0.0,1.5
63,90,0.0,1.5
63,91,0.0,1.0
63,92,0.0,1.0
63,93,0.0,1.5
63,94,0.0,1.5
63,95,0.0,1.5
63,96,0.0,1.5
63,97,0.0,1.5
63,98,0.0,1.0
63,99,0.0,1.0
63,100,0.0,1.5
64,1,0.18,0.0
64,2,0.18,1.0239
64,3,0.64,0.3308
64,4,0.62,0.9297
64,5,0.88,0.371
64,6,0.9,0.0
64,7,0.92,0.0
64,8,0.92,0.0
64,9,0.92,0.7875
64,10,0.94,0.2835
64,11,0.94,1.0
64,12,0.94,1.0
64,13,0.95,0.2805
64,14,0.95,1.0
64,15,0.95,1.0
64,16,0.95,1.0
64,17,0.95,1.0
64,18,0.95,1.0
64,19,0.95,1.0
64,20,0.95,1.0
64,21,0.95,0.0
64,22,0.95,1.0
64,23,0.95,1.0
64,24,0.95,1.0
64,25,0.95,1.0
64,26,0.95,0.0
64,27,0.95,1.0
64,28,0.95,0.0
64,29,0.95,0.0
64,30,0.95,1.0
64,31,0.95,0.0
64,32,0.95,0.0
64,33,0.95,1.0
64,34,0.95,1.0
64,35,0.95,1.0
64,36,0.95,0.0
64,37,0.95,1.0
64,38,0.95,1.0
64,39,0.95,1.0
64,40,0.95,0.7785
64,41,0.95,1.0
64,42,0.95,1.0
64,43,0.95,1.0
64,44,0.95,1.0
64,45,0.95,1.0
64,46,0.95,0.0
64,47,0.95,0.0
64,48,0.95,1.0
64,49,0.95,1.0
64,50,0.95,1.0
64,51,0.95,1.0
64,52,0.95,0.0
64,53,0.95,1.0
64,54,0.95,1.0
64,55,0.95,1.0
64,56,0.95,0.0
64,57,0.95,0.0
64,58,0.95,0.0
64,59,0.95,0.0
64,60,0.95,0.7795
64,61,0.95,1.0
64,62,0.95,0.0
64,63,0.95,1.0
64,64,0.95,1.0
64,65,0.95,1.0
64,66,0.95,1.0
64,67,0.95,1.0
64,68,0.95,1.0
64,69,0.95,1.0
64,70,0.95,1.0
64,71,0.95,1.0
64,72,0.95,0.0
64,73,0.95,1.0
64,74,0.95,0.779
64,75,0.95,1.0
64,76,0.95,1.0
64,77,0.95,1.0
64,78,0.95,1.0
64,79,0.95,1.0
64,80,0.95,0.0
64,81,0.95,1.0
64,82,0.95,1.0
64,83,0.95,1.0
64,84,0.95,1.0
64,85,0.95,0.0
64,86,0.95,1.0
64,87,0.95,1.0
64,88,0.95,1.0
64,89,0.95,1.0
64,90,0.95,1.0
64,91,0.95,1.0
64,92,0.95,1.0
64,93,0.95,1.0
64,94,0.95,0.7805
64,95,0.95,0.0
64,96,0.95,0.0
64,97,0.95,0.7805
64,98,0.95,1.0
64,99,0.95,0.0
64,100,0.95,1.0
65,1,0.16,0.0
65,2,0.16,1.0291
65,3,0.35,0.5124
65,4,0.4,0.3945
65,5,0.5,0.3775
65,6,0.56,0.0
65,7,0.63,0.0
65,8,0.65,0.442
65,9,0.69,0.0
65,10,0.71,0.0
65,11,0.72,0.0
65,12,0.76,0.0
65,13,0.81,0.0
65,14,0.86,0.3176
65,15,0.86,0.8081
65,16,0.87,0.0
65,17,0.88,0.0
65,18,0.88,1.0
65,19,0.9,0.0
65,20,0.94,0.0
65,21,0.95,0.282
65,22,0.95,1.0
65,23,0.95,1.0
65,24,0.95,0.0
65,25,0.95,0.0
65,26,0.95,1.0
65,27,0.95,0.0
65,28,0.95,1.0
65,29,0.95,0.0
65,30,0.95,1.0
65,31,0.95,1.0
65,32,0.95,1.0
65,33,0.95,1.0
65,34,0.95,0.0
65,35,0.95,1.0
65,36,0.95,1.0
65,37,0.95,0.0
65,38,0.95,1.0
65,39,0.95,1.0
65,40,0.95,0.0
65,41,0.95,1.0
65,42,0.95,1.0
65,43,0.95,0.0
65,44,0.95,0.0
65,45,0.95,1.0
65,46,0.95,0.7785
65,47,0.95,1.0
65,48,0.95,1.0
65,49,0.95,0.0
65,50,0.95,0.0
65,51,0.95,1.0
65,52,0.95,0.0
65,53,0.95,1.0
65,54,0.95,0.0
65,55,0.95,1.0
65,56,0.95,0.0
65,57,0.95,0.7815
65,58,0.95,1.0
65,59,0.95,0.0
65,60,0.95,1.0
65,61,0.95,1.0
65,62,0.95,0.0
65,63,0.95,1.0
65,64,0.95,1.0
65,65,0.95,1.0
65,66,0.95,1.0
65,67,0.95,0.0
65,68,0.95,0.7805
65,69,0.95,1.0
65,70,0.95,1.0
65,71,0.95,0.779
65,72,0.95,1.0
65,73,0.95,1.0
65,74,0.95,0.0
65,75,0.95,0.0
65,76,0.95,1.0
65,77,0.95,0.0
65,78,0.95,0.7795
65,79,0.95,1.0
65,80,0.95,1.0
65,81,0.95,1.0
65,82,0.95,0.7805
65,83,0.95,1.0
65,84,0.95,0.0
65,85,0.95,1.0
65,86,0.95,1.0
65,87,0.95,1.0
65,88,0.95,0.0
65,89,0.95,1.0
65,90,0.95,1.0
65,91,0.95,0.0
65,92,0.95,0.0
65,93,0.95,0.7785
65,94,0.95,0.783
65,95,0.95,0.0
65,96,0.95,1.0
65,97,0.95,1.0
65,98,0.95,1.0
65,99,0.95,0.0
65,100,0.95,0.0
66,1,0.16,0.0
66,2,0.16,1.0434
66,3,0.34,0.4927
66,4,0.37,0.5769
66,5,0.42,0.6421
66,6,0.44,0.6524
66,7,0.43,1.2719
66,8,0.42,1.0
66,9,0.35,1.3596
66,10,0.35,1.0
66,11,0.32,1.0
66,12,0.3,1.0
66,13,0.28,1.4187
66,14,0.26,1.4315
66,15,0.22,1.4661
66,16,0.18,1.0
66,17,0.17,1.463
66,18,0.11,1.524
66,19,0.09,1.493
66,20,0.07,1.502
66,21,0.04,1.518
66,22,0.02,1.0
66,23,0.02,1.0
66,24,0.0,1.5185
66,25,0.0,1.4995
66,26,0.0,1.0
66,27,0.0,1.5
66,28,0.0,1.5
66,29,0.0,1.5
66,30,0.0,1.5
66,31,0.0,1.5
66,32,0.0,1.0
66,33,0.0,1.5
66,34,0.0,1.5
66,35,0.0,1.5
66,36,0.0,1.0
66,37,0.0,1.0
66,38,0.0,1.0
66,39,0.0,1.0
66,40,0.0,1.5
66,41,0.0,1.0
66,42,0.0,1.5
66,43,0.0,1.0
66,44,0.0,1.0
66,45,0.0,1.0
66,46,0.0,1.5
66,47,0.0,1.5
66,48,0.0,1.5
66,49,0.0,1.5
66,50,0.0,1.5
66,51,0.0,1.5
66,52,0.0,1.0
66,53,0.0,1.5
66,54,0.0,1.0
66,55,0.0,1.0
66,56,0.0,1.0
66,57,0.0,1.5
66,58,0.0,1.0
66,59,0.0,1.0
66,60,0.0,1.5
66,61,0.0,1.0
66,62,0.0,1.5
66,63,0.0,1.0
66,64,0.0,1.0
66,65,0.0,1.5
66,66,0.0,1.5
66,67,0.0,1.0
66,68,0.0,1.0
66,69,0.0,1.0
66,70,0.0,1.5
66,71,0.0,1.5
66,72,0.0,1.5
66,73,0.0,1.5
66,74,0.0,1.0
66,75,0.0,1.5
66,76,0.0,1.5
66,77,0.0,1.0
66,78,0.0,1.0
66,79,0.0,1.5
66,80,0.0,1.0
66,81,0.0,1.5
66,82,0.0,1.5
66,83,0.0,1.0
66,84,0.0,1.0
66,85,0.0,1.5
66,86,0.0,1.0
66,87,0.0,1.5
66,88,0.0,1.0
66,89,0.0,1.0
66,90,0.0,1.0
66,91,0.0,1.5
66,92,0.0,1.5
66,93,0.0,1.0
66,94,0.0,1.5
66,95,0.0,1.5
66,96,0.0,1.5
66,97,0.0,1.5
66,98,0.0,1.0
66,99,0.0,1.0
66,100,0.0,1.0
67,1,0.21,0.0
67,2,0.21,1.0
67,3,0.56,0.4771
67,4,0.57,0.406
67,5,0.7,0.0
67,6,0.72,0.0
67,7,0.82,0.0
67,8,0.82,1.0
67,9,0.84,0.0
67,10,0.84,0.0
67,11,0.86,0.0
67,12,0.88,0.0
67,13,0.88,0.0
67,14,0.92,0.0
67,15,0.92,1.0
67,16,0.92,0.0
67,17,0.93,0.0
67,18,0.94,0.0
67,19,0.95,0.0
67,20,0.95,1.0
67,21,0.95,0.777
67,22,0.95,1.0
67,23,0.95,1.0
67,24,0.95,1.0
67,25,0.95,0.0
67,26,0.95,1.0
67,27,0.95,0.0
67,28,0.95,0.0
67,29,0.95,0.779
67,30,0.95,1.0
67,31,0.95,1.0
67,32,0.95,0.0
67,33,0.95,1.0
67,34,0.95,1.0
67,35,0.95,0.0
67,36,0.95,0.779
67,37,0.95,1.0
67,38,0.95,1.0
67,39,0.95,0.0
67,40,0.95,1.0
67,41,0.95,1.0
67,42,0.95,1.0
67,43,0.95,0.0
67,44,0.95,0.0
67,45,0.95,1.0
67,46,0.95,1.0
67,47,0.95,0.782
67,48,0.95,1.0
67,49,0.95,0.0
67,50,0.95,0.7805
67,51,0.95,0.781
67,52,0.95,1.0
67,53,0.95,0.0
67,54,0.95,0.0
67,55,0.95,1.0
67,56,0.95,0.781
67,57,0.95,0.7805
67,58,0.95,0.0
67,59,0.95,1.0
67,60,0.95,1.0
67,61,0.95,0.0
67,62,0.95,0.7795
67,63,0.95,1.0
67,64,0.95,0.0
67,65,0.95,0.0
67,66,0.95,1.0
67,67,0.95,1.0
67,68,0.95,1.0
67,69,0.95,0.0
67,70,0.95,1.0
67,71,0.95,0.0
67,72,0.95,1.0
67,73,0.95,0.781
67,74,0.95,1.0
67,75,0.95,1.0
67,76,0.95,0.0
67,77,0.95,0.78
67,78,0.95,1.0
67,79,0.95,1.0
67,80,0.95,1.0
67,81,0.95,0.0
67,82,0.95,1.0
67,83,0.95,1.0
67,84,0.95,0.7795
67,85,0.95,1.0
67,86,0.95,0.0
67,87,0.95,0.0
67,88,0.95,1.0
67,89,0.95,0.0
67,90,0.95,1.0
67,91,0.95,1.0
67,92,0.95,1.0
67,93,0.95,1.0
67,94,0.95,1.0
67,95,0.95,0.78
67,96,0.95,1.0
67,97,0.95,0.0
67,98,0.95,1.0
67,99,0.95,0.0
67,100,0.95,1.0
68,1,0.15,0.0
68,2,0.15,1.1441
68,3,0.36,0.5861
68,4,0.36,1.0793
68,5,0.54,0.5178
68,6,0.53,1.0196
68,7,0.56,0.5016
68,8,0.56,0.9973
68,9,0.62,0.4883
68,10,0.63,0.4298
68,11,0.63,1.0
68,12,0.63,0.9158
68,13,0.63,0.9108
68,14,0.65,0.0
68,15,0.66,0.3983
68,16,0.72,0.0
68,17,0.72,0.8775
68,18,0.72,1.0
68,19,0.72,1.0
68,20,0.72,1.0
68,21,0.74,0.0
68,22,0.77,0.0
68,23,0.84,0.0
68,24,0.84,0.0
68,25,0.84,1.0
68,26,0.84,1.0
68,27,0.84,0.8055
68,28,0.85,0.0
68,29,0.87,0.0
68,30,0.93,0.0
68,31,0.93,0.7925
68,32,0.93,1.0
68,33,0.93,0.0
68,34,0.93,0.0
68,35,0.93,1.0
68,36,0.94,0.0
68,37,0.95,0.0
68,38,0.95,1.0
68,39,0.95,0.0
68,40,0.95,1.0
68,41,0.95,1.0
68,42,0.95,1.0
68,43,0.95,1.0
68,44,0.95,1.0
68,45,0.95,0.0
68,46,0.95,1.0
68,47,0.95,1.0
68,48,0.95,1.0
68,49,0.95,0.7795
68,50,0.95,0.0
68,51,0.95,1.0
68,52,0.95,0.0
68,53,0.95,0.778
68,54,0.95,0.0
68,55,0.95,1.0
68,56,0.95,1.0
68,57,0.95,1.0
68,58,0.95,0.0
68,59,0.95,1.0
68,60,0.95,1.0
68,61,0.95,1.0
68,62,0.95,1.0
68,63,0.95,1.0
68,64,0.95,1.0
68,65,0.95,1.0
68,66,0.95,1.0
68,67,0.95,1.0
68,68,0.95,0.0
68,69,0.95,0.779
68,70,0.95,1.0
68,71,0.95,1.0
68,72,0.95,0.7805
68,73,0.95,0.7795
68,74,0.95,1.0
68,75,0.95,0.0
68,76,0.95,1.0
68,77,0.95,0.78
68,78,0.95,1.0
68,79,0.95,1.0
68,80,0.95,1.0
68,81,0.95,0.0
68,82,0.95,0.78
68,83,0.95,0.0
68,84,0.95,1.0
68,85,0.95,1.0
68,86,0.95,0.0
68,87,0.95,0.0
68,88,0.95,0.0
68,89,0.95,1.0
68,90,0.95,0.0
68,91,0.95,1.0
68,92,0.95,0.0
68,93,0.95,0.0
68,94,0.95,0.7795
68,95,0.95,0.0
68,96,0.95,1.0
68,97,0.95,1.0
68,98,0.95,0.0
68,99,0.95,0.0
68,100,0.95,0.0
69,1,0.15,0.0
69,2,0.15,1.1631
69,3,0.35,0.5264
69,4,0.35,1.039
69,5,0.38,0.5592
69,6,0.38,1.0707
69,7,0.37,1.0959
69,8,0.36,1.1059
69,9,0.34,1.1799
69,10,0.33,1.1802
69,11,0.29,1.2782
69,12,0.26,1.333
69,13,0.23,1.35
69,14,0.2,1.0
69,15,0.19,1.3595
69,16,0.13,1.472
69,17,0.09,1.512
69,18,0.06,1.5105
69,19,0.04,1.507
69,20,0.03,1.5015
69,21,0.03,1.4945
69,22,0.01,1.0
69,23,0.0,1.0
69,24,0.0,1.4995
69,25,0.0,1.5
69,26,0.0,1.5
69,27,0.0,1.5
69,28,0.0,1.5
69,29,0.0,1.0
69,30,0.0,1.5
69,31,0.0,1.5
69,32,0.0,1.5
69,33,0.0,1.5
69,34,0.0,1.5
69,35,0.0,1.0
69,36,0.0,1.0
69,37,0.0,1.5
69,38,0.0,1.0
69,39,0.0,1.0
69,40,0.0,1.0
69,41,0.0,1.0
69,42,0.0,1.5
69,43,0.0,1.0
69,44,0.0,1.0
69,45,0.0,1.0
69,46,0.0,1.0
69,47,0.0,1.5
69,48,0.0,1.5
69,49,0.0,1.5
69,50,0.0,1.0
69,51,0.0,1.5
69,52,0.0,1.5
69,53,0.0,1.5
69,54,0.0,1.0
69,55,0.0,1.5
69,56,0.0,1.5
69,57,0.0,1.5
69,58,0.0,1.5
69,59,0.0,1.5
69,60,0.0,1.0
69,61,0.0,1.5
69,62,0.0,1.5
69,63,0.0,1.0
69,64,0.0,1.5
69,65,0.0,1.0
69,66,0.0,1.5
69,67,0.0,1.5
69,68,0.0,1.0
69,69,0.0,1.5
69,70,0.0,1.0
69,71,0.0,1.5
69,72,0.0,1.0
69,73,0.0,1.5
69,74,0.0,1.5
69,75,0.0,1.0
69,76,0.0,1.5
69,77,0.0,1.0
69,78,0.0,1.0
69,79,0.0,1.0
69,80,0.0,1.5
69,81,0.0,1.0
69,82,0.0,1.5
69,83,0.0,1.5
69,84,0.0,1.0
69,85,0.0,1.5
69,86,0.0,1.5
69,87,0.0,1.5
69,88,0.0,1.0
69,89,0.0,1.0
69,90,0.0,1.5
69,91,0.0,1.0
69,92,0.0,1.5
69,93,0.0,1.5
69,94,0.0,1.5
69,95,0.0,1.5
69,96,0.0,1.5
69,97,0.0,1.0
69,98,0.0,1.5
69,99,0.0,1.0
69,100,0.0,1.5
70,1,0.11,0.0
70,2,0.11,1.0
70,3,0.14,0.6501
70,4,0.19,0.7447
70,5,0.2,1.0
70,6,0.2,1.2716
70,7,0.17,1.0
70,8,0.14,1.4371
70,9,0.12,1.0
70,10,0.07,1.4757
70,11,0.05,1.5025
70,12,0.04,1.498
70,13,0.04,1.491
70,14,0.02,1.5135
70,15,0.01,1.0
70,16,0.01,1.4975
70,17,0.01,1.4985
70,18,0.0,1.509
70,19,0.0,1.4995
70,20,0.0,1.5
70,21,0.0,1.5
70,22,0.0,1.0
70,23,0.0,1.0
70,24,0.0,1.5
70,25,0.0,1.0
70,26,0.0,1.5
70,27,0.0,1.5
70,28,0.0,1.5
70,29,0.0,1.0
70,30,0.0,1.5
70,31,0.0,1.5
70,32,0.0,1.5
70,33,0.0,1.5
70,34,0.0,1.0
70,35,0.0,1.5
70,36,0.0,1.5
70,37,0.0,1.0
70,38,0.0,1.5
70,39,0.0,1.0
70,40,0.0,1.0
70,41,0.0,1.5
70,42,0.0,1.5
70,43,0.0,1.5
70,44,0.0,1.5
70,45,0.0,1.5
70,46,0.0,1.5
70,47,0.0,1.0
70,48,0.0,1.0
70,49,0.0,1.5
70,50,0.0,1.5
70,51,0.0,1.0
70,52,0.0,1.0
70,53,0.0,1.5
70,54,0.0,1.0
70,55,0.0,1.0
70,56,0.0,1.0
70,57,0.0,1.0
70,58,0.0,1.5
70,59,0.0,1.5
70,60,0.0,1.5
70,61,0.0,1.0
70,62,0.0,1.5
70,63,0.0,1.0
70,64,0.0,1.0
70,65,0.0,1.5
70,66,0.0,1.5
70,67,0.0,1.0
70,68,0.0,1.5
70,69,0.0,1.0
70,70,0.0,1.0
70,71,0.0,1.0
70,72,0.0,1.5
70,73,0.0,1.0
70,74,0.0,1.5
70,75,0.0,1.0
70,76,0.0,1.5
70,77,0.0,1.5
70,78,0.0,1.5
70,79,0.0,1.5
70,80,0.0,1.5
70,81,0.0,1.0
70,82,0.0,1.5
70,83,0.0,1.5
70,84,0.0,1.5
70,85,0.0,1.5
70,86,0.0,1.0
70,87,0.0,1.0
70,88,0.0,1.5
70,89,0.0,1.0
70,90,0.0,1.0
70,91,0.0,1.0
70,92,0.0,1.5
70,93,0.0,1.0
70,94,0.0,1.5
70,95,0.0,1.0
70,96,0.0,1.5
70,97,0.0,1.0
70,98,0.0,1.5
70,99,0.0,1.5
70,100,0.0,1.5
71,1,0.15,0.0
71,2,0.15,1.2109
71,3,0.31,0.6754
71,4,0.31,1.2442
71,5,0.34,0.723
71,6,0.33,1.2565
71,7,0.28,1.375
71,8,0.25,1.3747
71,9,0.24,1.3732
71,10,0.2,1.4677
71,11,0.19,1.45
71,12,0.18,1.0
71,13,0.13,1.0
71,14,0.09,1.5093
71,15,0.07,1.0
71,16,0.05,1.505
71,17,0.04,1.5
71,18,0.02,1.0
71,19,0.02,1.496
71,20,0.0,1.0
71,21,0.0,1.0
71,22,0.0,1.5
71,23,0.0,1.5
71,24,0.0,1.5
71,25,0.0,1.5
71,26,0.0,1.5
71,27,0.0,1.5
71,28,0.0,1.5
71,29,0.0,1.0
71,30,0.0,1.0
71,31,0.0,1.0
71,32,0.0,1.5
71,33,0.0,1.5
71,34,0.0,1.5
71,35,0.0,1.5
71,36,0.0,1.5
71,37,0.0,1.0
71,38,0.0,1.0
71,39,0.0,1.5
71,40,0.0,1.0
71,41,0.0,1.5
71,42,0.0,1.5
71,43,0.0,1.5
71,44,0.0,1.0
71,45,0.0,1.5
71,46,0.0,1.0
71,47,0.0,1.5
71,48,0.0,1.5
71,49,0.0,1.5
71,50,0.0,1.5
71,51,0.0,1.0
71,52,0.0,1.0
71,53,0.0,1.5
71,54,0.0,1.5
71,55,0.0,1.5
71,56,0.0,1.5
71,57,0.0,1.5
71,58,0.0,1.5
71,59,0.0,1.5
71,60,0.0,1.0
71,61,0.0,1.0
71,62,0.0,1.5
71,63,0.0,1.5
71,64,0.0,1.0
71,65,0.0,1.5
71,66,0.0,1.0
71,67,0.0,1.0
71,68,0.0,1.0
71,69,0.0,1.5
71,70,0.0,1.0
71,71,0.0,1.5
71,72,0.0,1.5
71,73,0.0,1.0
71,74,0.0,1.5
71,75,0.0,1.0
71,76,0.0,1.5
71,77,0.0,1.0
71,78,0.0,1.5
71,79,0.0,1.0
71,80,0.0,1.5
71,81,0.0,1.0
71,82,0.0,1.5
71,83,0.0,1.0
71,84,0.0,1.0
71,85,0.0,1.5
71,86,0.0,1.0
71,87,0.0,1.5
71,88,0.0,1.5
71,89,0.0,1.5
71,90,0.0,1.5
71,91,0.0,1.5
71,92,0.0,1.5
71,93,0.0,1.0
71,94,0.0,1.0
71,95,0.0,1.5
71,96,0.0,1.0
71,97,0.0,1.5
71,98,0.0,1.5
71,99,0.0,1.0
71,100,0.0,1.0
72,1,0.17,0.0
72,2,0.17,1.0
72,3,0.29,0.4897
72,4,0.39,0.6087
72,5,0.41,0.6629
72,6,0.44,0.6695
72,7,0.45,0.6314
72,8,0.44,1.0
72,9,0.39,1.0
72,10,0.38,1.0
72,11,0.39,0.7341
72,12,0.38,1.2567
72,13,0.35,1.2932
72,14,0.3,1.4317
72,15,0.26,1.0
72,16,0.24,1.0
72,17,0.24,1.3855
72,18,0.23,1.4585
72,19,0.14,1.0
72,20,0.08,1.0
72,21,0.04,1.524
72,22,0.02,1.5105
72,23,0.02,1.4945
72,24,0.02,1.0
72,25,0.01,1.508
72,26,0.0,1.509
72,27,0.0,1.5
72,28,0.0,1.0
72,29,0.0,1.5
72,30,0.0,1.5
72,31,0.0,1.0
72,32,0.0,1.0
72,33,0.0,1.0
72,34,0.0,1.5
72,35,0.0,1.5
72,36,0.0,1.5
72,37,0.0,1.5
72,38,0.0,1.0
72,39,0.0,1.0
72,40,0.0,1.5
72,41,0.0,1.5
72,42,0.0,1.5
72,43,0.0,1.0
72,44,0.0,1.5
72,45,0.0,1.5
72,46,0.0,1.0
72,47,0.0,1.5
72,48,0.0,1.0
72,49,0.0,1.0
72,50,0.0,1.5
72,51,0.0,1.0
72,52,0.0,1.5
72,53,0.0,1.0
72,54,0.0,1.5
72,55,0.0,1.5
72,56,0.0,1.5
72,57,0.0,1.0
72,58,0.0,1.0
72,59,0.0,1.5
72,60,0.0,1.5
72,61,0.0,1.0
72,62,0.0,1.5
72,63,0.0,1.0
72,64,0.0,1.5
72,65,0.0,1.0
72,66,0.0,1.5
72,67,0.0,1.0
72,68,0.0,1.5
72,69,0.0,1.0
72,70,0.0,1.5
72,71,0.0,1.5
72,72,0.0,1.0
72,73,0.0,1.5
72,74,0.0,1.0
72,75,0.0,1.0
72,76,0.0,1.5
72,77,0.0,1.0
72,78,0.0,1.0
72,79,0.0,1.0
72,80,0.0,1.0
72,81,0.0,1.5
72,82,0.0,1.5
72,83,0.0,1.5
72,84,0.0,1.5
72,85,0.0,1.5
72,86,0.0,1.0
72,87,0.0,1.5
72,88,0.0,1.5
72,89,0.0,1.0
72,90,0.0,1.5
72,91,0.0,1.0
72,92,0.0,1.5
72,93,0.0,1.0
72,94,0.0,1.0
72,95,0.0,1.5
72,96,0.0,1.5
72,97,0.0,1.0
72,98,0.0,1.0
72,99,0.0,1.5
72,100,0.0,1.5
73,1,0.16,0.0
73,2,0.16,1.0
73,3,0.54,0.4657
73,4,0.54,1.0
73,5,0.71,0.3908
73,6,0.79,0.0
73,7,0.85,0.3689
73,8,0.89,0.0
73,9,0.9,0.0
73,10,0.91,0.0
73,11,0.93,0.0
73,12,0.94,0.0
73,13,0.94,0.0
73,14,0.94,1.0
73,15,0.95,0.282
73,16,0.95,0.0
73,17,0.95,1.0
73,18,0.95,1.0
73,19,0.95,1.0
73,20,0.95,1.0
73,21,0.95,1.0
73,22,0.95,1.0
73,23,0.95,1.0
73,24,0.95,1.0
73,25,0.95,1.0
73,26,0.95,1.0
73,27,0.95,1.0
73,28,0.95,0.0
73,29,0.95,1.0
73,30,0.95,1.0
73,31,0.95,0.783
73,32,0.95,0.0
73,33,0.95,1.0
73,34,0.95,0.0
73,35,0.95,1.0
73,36,0.95,0.0
73,37,0.95,1.0
73,38,0.95,1.0
73,39,0.95,1.0
73,40,0.95,1.0
73,41,0.95,0.78
73,42,0.95,0.7805
73,43,0.95,0.0
73,44,0.95,1.0
73,45,0.95,0.78
73,46,0.95,0.7815
73,47,0.95,1.0
73,48,0.95,1.0
73,49,0.95,0.0
73,50,0.95,1.0
73,51,0.95,0.7805
73,52,0.95,1.0
73,53,0.95,1.0
73,54,0.95,1.0
73,55,0.95,1.0
73,56,0.95,1.0
73,57,0.95,1.0
73,58,0.95,0.78
73,59,0.95,1.0
73,60,0.95,1.0
73,61,0.95,1.0
73,62,0.95,0.781
73,63,0.95,1.0
73,64,0.95,1.0
73,65,0.95,1.0
73,66,0.95,1.0
73,67,0.95,1.0
73,68,0.95,1.0
73,69,0.95,1.0
73,70,0.95,1.0
73,71,0.95,0.0
73,72,0.95,1.0
73,73,0.95,1.0
73,74,0.95,1.0
73,75,0.95,0.0
73,76,0.95,1.0
73,77,0.95,0.781
73,78,0.95,1.0
73,79,0.95,1.0
73,80,0.95,0.0
73,81,0.95,0.0
73,82,0.95,1.0
73,83,0.95,1.0
73,84,0.95,0.0
73,85,0.95,1.0
73,86,0.95,0.78
73,87,0.95,1.0
73,88,0.95,0.0
73,89,0.95,1.0
73,90,0.95,0.0
73,91,0.95,1.0
73,92,0.95,0.7785
73,93,0.95,0.0
73,94,0.95,1.0
73,95,0.95,0.0
73,96,0.95,0.779
73,97,0.95,0.78
73,98,0.95,1.0
73,99,0.95,1.0
73,100,0.95,1.0
74,1,0.14,0.0
74,2,0.14,1.0978
74,3,0.35,1.0
74,4,0.41,0.4082
74,5,0.48,0.0
74,6,0.53,0.4184
74,7,0.6,0.0
74,8,0.7,0.0
74,9,0.74,0.1536
74,10,0.75,0.0
74,11,0.78,0.0
74,12,0.82,0.0
74,13,0.85,0.1019
74,14,0.81,0.9064
74,15,0.87,0.0
74,16,0.91,0.0
74,17,0.91,0.7925
74,18,0.92,0.0
74,19,0.93,0.0
74,20,0.93,0.7845
74,21,0.93,1.0
74,22,0.95,0.2825
74,23,0.95,1.0
74,24,0.95,0.0
74,25,0.95,1.0
74,26,0.95,0.0
74,27,0.95,1.0
74,28,0.95,0.0
74,29,0.95,1.0
74,30,0.95,0.0
74,31,0.95,1.0
74,32,0.95,0.778
74,33,0.95,1.0
74,34,0.95,0.0
74,35,0.95,1.0
74,36,0.95,1.0
74,37,0.95,1.0
74,38,0.95,1.0
74,39,0.95,1.0
74,40,0.95,1.0
74,41,0.95,0.0
74,42,0.95,0.0
74,43,0.95,0.0
74,44,0.95,1.0
74,45,0.95,0.0
74,46,0.95,1.0
74,47,0.95,0.781
74,48,0.95,0.0
74,49,0.95,1.0
74,50,0.95,0.779
74,51,0.95,1.0
74,52,0.95,1.0
74,53,0.95,0.7785
74,54,0.95,0.7775
74,55,0.95,1.0
74,56,0.95,1.0
74,57,0.95,0.0
74,58,0.95,1.0
74,59,0.95,0.784
74,60,0.95,1.0
74,61,0.95,0.0
74,62,0.95,0.0
74,63,0.95,0.0
74,64,0.95,1.0
74,65,0.95,1.0
74,66,0.95,0.7805
74,67,0.95,1.0
74,68,0.95,1.0
74,69,0.95,0.0
74,70,0.95,0.78
74,71,0.95,1.0
74,72,0.95,1.0
74,73,0.95,0.7825
74,74,0.95,1.0
74,75,0.95,1.0
74,76,0.95,0.0
74,77,0.95,0.0
74,78,0.95,1.0
74,79,0.95,0.0
74,80,0.95,0.7795
74,81,0.95,1.0
74,82,0.95,1.0
74,83,0.95,1.0
74,84,0.95,1.0
74,85,0.95,1.0
74,86,0.95,1.0
74,87,0.95,1.0
74,88,0.95,1.0
74,89,0.95,1.0
74,90,0.95,0.7825
74,91,0.95,1.0
74,92,0.95,0.0
74,93,0.95,1.0
74,94,0.95,1.0
74,95,0.95,1.0
74,96,0.95,1.0
74,97,0.95,1.0
74,98,0.95,0.779
74,99,0.95,0.0
74,100,0.95,0.782
75,1,0.15,0.0
75,2,0.15,1.0
75,3,0.24,1.0
75,4,0.29,0.5974
75,5,0.31,0.6205
75,6,0.32,0.6441
75,7,0.3,1.234
75,8,0.28,1.254
75,9,0.25,1.3865
75,10,0.24,1.4325
75,11,0.24,1.4355
75,12,0.22,1.4685
75,13,0.12,1.561
75,14,0.08,1.5135
75,15,0.05,1.514
75,16,0.02,1.52
75,17,0.02,1.4935
75,18,0.02,1.496
75,19,0.02,1.0
75,20,0.0,1.518
75,21,0.0,1.499
75,22,0.0,1.5
75,23,0.0,1.5
75,24,0.0,1.5
75,25,0.0,1.0
75,26,0.0,1.5
75,27,0.0,1.5
75,28,0.0,1.0
75,29,0.0,1.0
75,30,0.0,1.5
75,31,0.0,1.5
75,32,0.0,1.5
75,33,0.0,1.0
75,34,0.0,1.5
75,35,0.0,1.0
75,36,0.0,1.5
75,37,0.0,1.5
75,38,0.0,1.0
75,39,0.0,1.0
75,40,0.0,1.0
75,41,0.0,1.5
75,42,0.0,1.5
75,43,0.0,1.0
75,44,0.0,1.0
75,45,0.0,1.0
75,46,0.0,1.0
75,47,0.0,1.5
75,48,0.0,1.5
75,49,0.0,1.5
75,50,0.0,1.0
75,51,0.0,1.5
75,52,0.0,1.0
75,53,0.0,1.5
75,54,0.0,1.5
75,55,0.0,1.5
75,56,0.0,1.5
75,57,0.0,1.0
75,58,0.0,1.0
75,59,0.0,1.5
75,60,0.0,1.0
75,61,0.0,1.0
75,62,0.0,1.0
75,63,0.0,1.5
75,64,0.0,1.0
75,65,0.0,1.5
75,66,0.0,1.0
75,67,0.0,1.0
75,68,0.0,1.5
75,69,0.0,1.0
75,70,0.0,1.0
75,71,0.0,1.5
75,72,0.0,1.0
75,73,0.0,1.5
75,74,0.0,1.5
75,75,0.0,1.5
75,76,0.0,1.5
75,77,0.0,1.0
75,78,0.0,1.5
75,79,0.0,1.0
75,80,0.0,1.5
75,81,0.0,1.0
75,82,0.0,1.5
75,83,0.0,1.5
75,84,0.0,1.5
75,85,0.0,1.5
75,86,0.0,1.5
75,87,0.0,1.5
75,88,0.0,1.5
75,89,0.0,1.5
75,90,0.0,1.5
75,91,0.0,1.5
75,92,0.0,1.0
75,93,0.0,1.5
75,94,0.0,1.5
75,95,0.0,1.0
75,96,0.0,1.5
75,97,0.0,1.0
75,98,0.0,1.0
75,99,0.0,1.5
75,100,0.0,1.5
76,1,0.17,0.0
76,2,0.17,1.0
76,3,0.57,0.4007
76,4,0.6,0.0
76,5,0.71,0.0
76,6,0.83,0.0
76,7,0.85,0.3181
76,8,0.89,0.0
76,9,0.92,0.0
76,10,0.93,0.0
76,11,0.93,0.0
76,12,0.94,0.0
76,13,0.94,1.0
76,14,0.95,0.0
76,15,0.95,0.0
76,16,0.95,1.0
76,17,0.95,1.0
76,18,0.95,1.0
76,19,0.95,1.0
76,20,0.95,1.0
76,21,0.95,1.0
76,22,0.95,1.0
76,23,0.95,1.0
76,24,0.95,0.0
76,25,0.95,1.0
76,26,0.95,1.0
76,27,0.95,1.0
76,28,0.95,0.0
76,29,0.95,1.0
76,30,0.95,0.0
76,31,0.95,0.0
76,32,0.95,1.0
76,33,0.95,1.0
76,34,0.95,1.0
76,35,0.95,0.0
76,36,0.95,1.0
76,37,0.95,1.0
76,38,0.95,1.0
76,39,0.95,0.7785
76,40,0.95,1.0
76,41,0.95,0.0
76,42,0.95,0.0
76,43,0.95,1.0
76,44,0.95,0.0
76,45,0.95,1.0
76,46,0.95,0.0
76,47,0.95,1.0
76,48,0.95,1.0
76,49,0.95,1.0
76,50,0.95,1.0
76,51,0.95,0.0
76,52,0.95,0.0
76,53,0.95,1.0
76,54,0.95,1.0
76,55,0.95,1.0
76,56,0.95,1.0
76,57,0.95,1.0
76,58,0.95,0.0
76,59,0.95,1.0
76,60,0.95,1.0
76,61,0.95,1.0
76,62,0.95,0.7805
76,63,0.95,1.0
76,64,0.95,1.0
76,65,0.95,1.0
76,66,0.95,1.0
76,67,0.95,1.0
76,68,0.95,1.0
76,69,0.95,1.0
76,70,0.95,1.0
76,71,0.95,1.0
76,72,0.95,1.0
76,73,0.95,1.0
76,74,0.95,0.0
76,75,0.95,1.0
76,76,0.95,0.0
76,77,0.95,1.0
76,78,0.95,1.0
76,79,0.95,1.0
76,80,0.95,1.0
76,81,0.95,0.7815
76,82,0.95,1.0
76,83,0.95,1.0
76,84,0.95,0.78
76,85,0.95,1.0
76,86,0.95,1.0
76,87,0.95,0.0
76,88,0.95,0.0
76,89,0.95,1.0
76,90,0.95,1.0
76,91,0.95,1.0
76,92,0.95,1.0
76,93,0.95,1.0
76,94,0.95,1.0
76,95,0.95,0.0
76,96,0.95,0.0
76,97,0.95,0.0
76,98,0.95,1.0
76,99,0.95,0.7785
76,100,0.95,1.0
77,1,0.16,0.0
77,2,0.16,1.1866
77,3,0.24,0.6205
77,4,0.26,0.6612
77,5,0.25,1.2051
77,6,0.21,1.0
77,7,0.16,1.343
77,8,0.12,1.3981
77,9,0.09,1.503
77,10,0.09,1.4815
77,11,0.04,1.5385
77,12,0.03,1.0
77,13,0.0,1.527
77,14,0.0,1.4985
77,15,0.0,1.5
77,16,0.0,1.5
77,17,0.0,1.0
77,18,0.0,1.0
77,19,0.0,1.0
77,20,0.0,1.5
77,21,0.0,1.5
77,22,0.0,1.0
77,23,0.0,1.5
77,24,0.0,1.5
77,25,0.0,1.5
77,26,0.0,1.0
77,27,0.0,1.5
77,28,0.0,1.0
77,29,0.0,1.5
77,30,0.0,1.5
77,31,0.0,1.5
77,32,0.0,1.0
77,33,0.0,1.0
77,34,0.0,1.5
77,35,0.0,1.0
77,36,0.0,1.5
77,37,0.0,1.5
77,38,0.0,1.0
77,39,0.0,1.0
77,40,0.0,1.0
77,41,0.0,1.5
77,42,0.0,1.5
77,43,0.0,1.5
77,44,0.0,1.0
77,45,0.0,1.5
77,46,0.0,1.5
77,47,0.0,1.5
77,48,0.0,1.5
77,49,0.0,1.5
77,50,0.0,1.5
77,51,0.0,1.5
77,52,0.0,1.5
77,53,0.0,1.0
77,54,0.0,1.5
77,55,0.0,1.0
77,56,0.0,1.0
77,57,0.0,1.5
77,58,0.0,1.5
77,59,0.0,1.5
77,60,0.0,1.5
77,61,0.0,1.5
77,62,0.0,1.5
77,63,0.0,1.5
77,64,0.0,1.5
77,65,0.0,1.0
77,66,0.0,1.5
77,67,0.0,1.5
77,68,0.0,1.5
77,69,0.0,1.0
77,70,0.0,1.5
77,71,0.0,1.0
77,72,0.0,1.5
77,73,0.0,1.0
77,74,0.0,1.0
77,75,0.0,1.0
77,76,0.0,1.5
77,77,0.0,1.5
77,78,0.0,1.5
77,79,0.0,1.5
77,80,0.0,1.5
77,81,0.0,1.5
77,82,0.0,1.0
77,83,0.0,1.0
77,84,0.0,1.5
77,85,0.0,1.5
77,86,0.0,1.0
77,87,0.0,1.5
77,88,0.0,1.0
77,89,0.0,1.5
77,90,0.0,1.5
77,91,0.0,1.5
77,92,0.0,1.0
77,93,0.0,1.5
77,94,0.0,1.5
77,95,0.0,1.5
77,96,0.0,1.0
77,97,0.0,1.0
77,98,0.0,1.5
77,99,0.0,1.5
77,100,0.0,1.0
78,1,0.17,0.0
78,2,0.17,1.065
78,3,0.4,1.0
78,4,0.46,0.5247
78,5,0.59,0.3938
78,6,0.7,0.0
78,7,0.79,0.0
78,8,0.84,0.0
78,9,0.86,0.0
78,10,0.88,0.0
78,11,0.91,0.0
78,12,0.92,0.0
78,13,0.92,0.0
78,14,0.95,0.0
78,15,0.95,1.0
78,16,0.95,0.0
78,17,0.95,1.0
78,18,0.95,1.0
78,19,0.95,1.0
78,20,0.95,1.0
78,21,0.95,0.0
78,22,0.95,1.0
78,23,0.95,0.0
78,24,0.95,0.0
78,25,0.95,1.0
78,26,0.95,0.0
78,27,0.95,0.0
78,28,0.95,1.0
78,29,0.95,1.0
78,30,0.95,0.0
78,31,0.95,0.0
78,32,0.95,1.0
78,33,0.95,1.0
78,34,0.95,1.0
78,35,0.95,0.0
78,36,0.95,0.0
78,37,0.95,0.0
78,38,0.95,0.0
78,39,0.95,1.0
78,40,0.95,1.0
78,41,0.95,1.0
78,42,0.95,0.0
78,43,0.95,1.0
78,44,0.95,0.0
78,45,0.95,0.0
78,46,0.95,1.0
78,47,0.95,0.0
78,48,0.95,1.0
78,49,0.95,1.0
78,50,0.95,1.0
78,51,0.95,1.0
78,52,0.95,1.0
78,53,0.95,1.0
78,54,0.95,0.781
78,55,0.95,0.0
78,56,0.95,1.0
78,57,0.95,0.0
78,58,0.95,0.779
78,59,0.95,1.0
78,60,0.95,0.778
78,61,0.95,1.0
78,62,0.95,0.0
78,63,0.95,1.0
78,64,0.95,0.0
78,65,0.95,1.0
78,66,0.95,1.0
78,67,0.95,1.0
78,68,0.95,1.0
78,69,0.95,1.0
78,70,0.95,1.0
78,71,0.95,0.0
78,72,0.95,1.0
78,73,0.95,1.0
78,74,0.95,1.0
78,75,0.95,1.0
78,76,0.95,1.0
78,77,0.95,1.0
78,78,0.95,1.0
78,79,0.95,1.0
78,80,0.95,1.0
78,81,0.95,1.0
78,82,0.95,1.0
78,83,0.95,1.0
78,84,0.95,1.0
78,85,0.95,1.0
78,86,0.95,1.0
78,87,0.95,0.78
78,88,0.95,1.0
78,89,0.95,0.0
78,90,0.95,1.0
78,91,0.95,1.0
78,92,0.95,0.0
78,93,0.95,1.0
78,94,0.95,0.0
78,95,0.95,1.0
78,96,0.95,1.0
78,97,0.95,1.0
78,98,0.95,1.0
78,99,0.95,0.0
78,100,0.95,1.0
79,1,0.17,0.0
79,2,0.17,1.0
79,3,0.29,0.8108
79,4,0.29,1.3422
79,5,0.29,1.3783
79,6,0.29,1.397
79,7,0.2,1.51
79,8,0.19,1.445
79,9,0.15,1.49
79,10,0.13,1.4809
79,11,0.12,1.0
79,12,0.09,1.0
79,13,0.05,1.525
79,14,0.01,1.0
79,15,0.01,1.4955
79,16,0.01,1.0
79,17,0.01,1.499
79,18,0.0,1.0
79,19,0.0,1.5
79,20,0.0,1.0
79,21,0.0,1.0
79,22,0.0,1.5
79,23,0.0,1.0
79,24,0.0,1.5
79,25,0.0,1.5
79,26,0.0,1.5
79,27,0.0,1.0
79,28,0.0,1.0
79,29,0.0,1.0
79,30,0.0,1.5
79,31,0.0,1.5
79,32,0.0,1.0
79,33,0.0,1.0
79,34,0.0,1.0
79,35,0.0,1.5
79,36,0.0,1.5
79,37,0.0,1.5
79,38,0.0,1.0
79,39,0.0,1.0
79,40,0.0,1.0
79,41,0.0,1.5
79,42,0.0,1.5
79,43,0.0,1.0
79,44,0.0,1.5
79,45,0.0,1.0
79,46,0.0,1.0
79,47,0.0,1.5
79,48,0.0,1.0
79,49,0.0,1.5
79,50,0.0,1.5
79,51,0.0,1.0
79,52,0.0,1.0
79,53,0.0,1.5
79,54,0.0,1.5
79,55,0.0,1.5
79,56,0.0,1.5
79,57,0.0,1.0
79,58,0.0,1.5
79,59,0.0,1.0
79,60,0.0,1.5
79,61,0.0,1.5
79,62,0.0,1.0
79,63,0.0,1.0
79,64,0.0,1.5
79,65,0.0,1.5
79,66,0.0,1.0
79,67,0.0,1.5
79,68,0.0,1.0
79,69,0.0,1.5
79,70,0.0,1.0
79,71,0.0,1.5
79,72,0.0,1.0
79,73,0.0,1.5
79,74,0.0,1.5
79,75,0.0,1.5
79,76,0.0,1.5
79,77,0.0,1.0
79,78,0.0,1.5
79,79,0.0,1.5
79,80,0.0,1.0
79,81,0.0,1.5
79,82,0.0,1.5
79,83,0.0,1.5
79,84,0.0,1.5
79,85,0.0,1.5
79,86,0.0,1.0
79,87,0.0,1.5
79,88,0.0,1.5
79,89,0.0,1.5
79,90,0.0,1.5
79,91,0.0,1.5
79,92,0.0,1.5
79,93,0.0,1.5
79,94,0.0,1.5
79,95,0.0,1.5
79,96,0.0,1.5
79,97,0.0,1.0
79,98,0.0,1.0
79,99,0.0,1.5
79,100,0.0,1.5
80,1,0.13,0.0
80,2,0.13,1.0
80,3,0.19,1.0
80,4,0.2,0.7608
80,5,0.2,1.296
80,6,0.18,1.3952
80,7,0.16,1.4144
80,8,0.14,1.4764
80,9,0.12,1.0
80,10,0.09,1.5039
80,11,0.06,1.5112
80,12,0.04,1.0
80,13,0.03,1.5026
80,14,0.01,1.5156
80,15,0.01,1.4976
80,16,0.0,1.509
80,17,0.0,1.4995
80,18,0.0,1.5
80,19,0.0,1.0
80,20,0.0,1.5
80,21,0.0,1.0
80,22,0.0,1.5
80,23,0.0,1.5
80,24,0.0,1.5
80,25,0.0,1.5
80,26,0.0,1.5
80,27,0.0,1.0
80,28,0.0,1.5
80,29,0.0,1.5
80,30,0.0,1.5
80,31,0.0,1.0
80,32,0.0,1.0
80,33,0.0,1.0
80,34,0.0,1.5
80,35,0.0,1.5
80,36,0.0,1.5
80,37,0.0,1.0
80,38,0.0,1.5
80,39,0.0,1.0
80,40,0.0,1.0
80,41,0.0,1.5
80,42,0.0,1.5
80,43,0.0,1.5
80,44,0.0,1.0
80,45,0.0,1.5
80,46,0.0,1.5
80,47,0.0,1.5
80,48,0.0,1.0
80,49,0.0,1.5
80,50,0.0,1.0
80,51,0.0,1.0
80,52,0.0,1.5
80,53,0.0,1.5
80,54,0.0,1.0
80,55,0.0,1.0
80,56,0.0,1.5
80,57,0.0,1.5
80,58,0.0,1.0
80,59,0.0,1.5
80,60,0.0,1.0
80,61,0.0,1.0
80,62,0.0,1.5
80,63,0.0,1.5
80,64,0.0,1.0
80,65,0.0,1.5
80,66,0.0,1.5
80,67,0.0,1.0
80,68,0.0,1.5
80,69,0.0,1.5
80,70,0.0,1.0
80,71,0.0,1.5
80,72,0.0,1.5
80,73,0.0,1.0
80,74,0.0,1.5
80,75,0.0,1.5
80,76,0.0,1.5
80,77,0.0,1.0
80,78,0.0,1.5
80,79,0.0,1.5
80,80,0.0,1.5
80,81,0.0,1.5
80,82,0.0,1.0
80,83,0.0,1.5
80,84,0.0,1.5
80,85,0.0,1.5
80,86,0.0,1.0
80,87,0.0,1.5
80,88,0.0,1.0
80,89,0.0,1.5
80,90,0.0,1.5
80,91,0.0,1.5
80,92,0.0,1.5
80,93,0.0,1.0
80,94,0.0,1.0
80,95,0.0,1.0
80,96,0.0,1.5
80,97,0.0,1.5
80,98,0.0,1.5
80,99,0.0,1.5
80,100,0.0,1.5
81,1,0.14,0.0
81,2,0.14,1.0
81,3,0.25,0.6947
81,4,0.28,0.726
81,5,0.28,1.0
81,6,0.26,1.3086
81,7,0.22,1.4026
81,8,0.21,1.3916
81,9,0.17,1.4378
81,10,0.12,1.4598
81,11,0.12,1.4213
81,12,0.1,1.0
81,13,0.04,1.4957
81,14,0.01,1.5217
81,15,0.01,1.496
81,16,0.01,1.4975
81,17,0.01,1.0
81,18,0.01,1.4985
81,19,0.0,1.0
81,20,0.0,1.4995
81,21,0.0,1.0
81,22,0.0,1.5
81,23,0.0,1.0
81,24,0.0,1.5
81,25,0.0,1.5
81,26,0.0,1.0
81,27,0.0,1.5
81,28,0.0,1.5
81,29,0.0,1.5
81,30,0.0,1.0
81,31,0.0,1.0
81,32,0.0,1.0
81,33,0.0,1.0
81,34,0.0,1.0
81,35,0.0,1.5
81,36,0.0,1.0
81,37,0.0,1.0
81,38,0.0,1.5
81,39,0.0,1.0
81,40,0.0,1.0
81,41,0.0,1.0
81,42,0.0,1.5
81,43,0.0,1.5
81,44,0.0,1.5
81,45,0.0,1.0
81,46,0.0,1.0
81,47,0.0,1.0
81,48,0.0,1.5
81,49,0.0,1.5
81,50,0.0,1.5
81,51,0.0,1.5
81,52,0.0,1.5
81,53,0.0,1.5
81,54,0.0,1.0
81,55,0.0,1.5
81,56,0.0,1.5
81,57,0.0,1.5
81,58,0.0,1.5
81,59,0.0,1.0
81,60,0.0,1.5
81,61,0.0,1.5
81,62,0.0,1.5
81,63,0.0,1.0
81,64,0.0,1.0
81,65,0.0,1.5
81,66,0.0,1.5
81,67,0.0,1.0
81,68,0.0,1.5
81,69,0.0,1.5
81,70,0.0,1.0
81,71,0.0,1.5
81,72,0.0,1.5
81,73,0.0,1.5
81,74,0.0,1.0
81,75,0.0,1.0
81,76,0.0,1.5
81,77,0.0,1.5
81,78,0.0,1.5
81,79,0.0,1.5
81,80,0.0,1.0
81,81,0.0,1.5
81,82,0.0,1.5
81,83,0.0,1.5
81,84,0.0,1.5
81,85,0.0,1.5
81,86,0.0,1.5
81,87,0.0,1.5
81,88,0.0,1.5
81,89,0.0,1.5
81,90,0.0,1.0
81,91,0.0,1.5
81,92,0.0,1.0
81,93,0.0,1.5
81,94,0.0,1.0
81,95,0.0,1.5
81,96,0.0,1.5
81,97,0.0,1.5
81,98,0.0,1.0
81,99,0.0,1.5
81,100,0.0,1.5
82,1,0.19,0.0
82,2,0.19,1.1889
82,3,0.38,1.0
82,4,0.43,0.5187
82,5,0.51,0.4548
82,6,0.58,0.0
82,7,0.6,0.0
82,8,0.67,0.0
82,9,0.69,0.3986
82,10,0.7,0.3841
82,11,0.72,0.0
82,12,0.73,0.0
82,13,0.74,0.0
82,14,0.76,0.0
82,15,0.79,0.0
82,16,0.79,1.0
82,17,0.81,0.0
82,18,0.81,1.0
82,19,0.83,0.0
82,20,0.84,0.0
82,21,0.86,0.0
82,22,0.9,0.0
82,23,0.9,0.0
82,24,0.92,0.0
82,25,0.92,1.0
82,26,0.92,0.0
82,27,0.93,0.0
82,28,0.94,0.0
82,29,0.95,0.0
82,30,0.95,1.0
82,31,0.95,0.0
82,32,0.95,1.0
82,33,0.95,1.0
82,34,0.95,1.0
82,35,0.95,1.0
82,36,0.95,1.0
82,37,0.95,0.0
82,38,0.95,0.7785
82,39,0.95,1.0
82,40,0.95,0.781
82,41,0.95,1.0
82,42,0.95,1.0
82,43,0.95,1.0
82,44,0.95,1.0
82,45,0.95,1.0
82,46,0.95,1.0
82,47,0.95,1.0
82,48,0.95,1.0
82,49,0.95,1.0
82,50,0.95,1.0
82,51,0.95,1.0
82,52,0.95,1.0
82,53,0.95,0.0
82,54,0.95,0.7785
82,55,0.95,1.0
82,56,0.95,1.0
82,57,0.95,1.0
82,58,0.95,0.779
82,59,0.95,1.0
82,60,0.95,0.0
82,61,0.95,1.0
82,62,0.95,1.0
82,63,0.95,1.0
82,64,0.95,1.0
82,65,0.95,1.0
82,66,0.95,1.0
82,67,0.95,0.0
82,68,0.95,0.778
82,69,0.95,0.0
82,70,0.95,1.0
82,71,0.95,1.0
82,72,0.95,1.0
82,73,0.95,1.0
82,74,0.95,1.0
82,75,0.95,1.0
82,76,0.95,1.0
82,77,0.95,1.0
82,78,0.95,1.0
82,79,0.95,1.0
82,80,0.95,1.0
82,81,0.95,1.0
82,82,0.95,1.0
82,83,0.95,1.0
82,84,0.95,1.0
82,85,0.95,0.0
82,86,0.95,1.0
82,87,0.95,0.7805
82,88,0.95,0.0
82,89,0.95,0.0
82,90,0.95,0.7795
82,91,0.95,1.0
82,92,0.95,0.0
82,93,0.95,1.0
82,94,0.95,0.0
82,95,0.95,1.0
82,96,0.95,0.0
82,97,0.95,1.0
82,98,0.95,1.0
82,99,0.95,0.0
82,100,0.95,1.0
83,1,0.17,0.0
83,2,0.17,1.0
83,3,0.42,0.4932
83,4,0.42,0.9929
83,5,0.51,0.3845
83,6,0.51,1.091
83,7,0.54,0.0
83,8,0.53,0.0
83,9,0.53,0.0
83,10,0.54,0.588
83,11,0.52,1.112
83,12,0.5,1.1195
83,13,0.49,1.1135
83,14,0.5,0.0
83,15,0.5,1.0
83,16,0.5,1.1105
83,17,0.49,1.124
83,18,0.48,1.127
83,19,0.47,1.13
83,20,0.47,1.123
83,21,0.47,1.0
83,22,0.47,1.1265
83,23,0.47,1.0
83,24,0.45,1.1515
83,25,0.44,1.148
83,26,0.44,1.1415
83,27,0.44,1.0
83,28,0.44,1.0
83,29,0.44,1.1525
83,30,0.42,1.1805
83,31,0.39,1.201
83,32,0.39,1.1775
83,33,0.39,1.0
83,34,0.38,1.203
83,35,0.36,1.222
83,36,0.33,1.0
83,37,0.3,1.3565
83,38,0.27,1.371
83,39,0.26,1.3645
83,40,0.24,1.438
83,41,0.2,1.0
83,42,0.2,1.0
83,43,0.14,1.5185
83,44,0.1,1.0
83,45,0.08,1.4995
83,46,0.05,1.5165
83,47,0.02,1.0
83,48,0.02,1.0
83,49,0.01,1.0
83,50,0.0,1.0
83,51,0.0,1.0
83,52,0.0,1.5
83,53,0.0,1.5
83,54,0.0,1.5
83,55,0.0,1.5
83,56,0.0,1.0
83,57,0.0,1.5
83,58,0.0,1.5
83,59,0.0,1.5
83,60,0.0,1.5
83,61,0.0,1.5
83,62,0.0,1.5
83,63,0.0,1.0
83,64,0.0,1.5
83,65,0.0,1.5
83,66,0.0,1.5
83,67,0.0,1.5
83,68,0.0,1.5
83,69,0.0,1.5
83,70,0.0,1.5
83,71,0.0,1.0
83,72,0.0,1.0
83,73,0.0,1.0
83,74,0.0,1.5
83,75,0.0,1.5
83,76,0.0,1.5
83,77,0.0,1.0
83,78,0.0,1.5
83,79,0.0,1.0
83,80,0.0,1.0
83,81,0.0,1.5
83,82,0.0,1.0
83,83,0.0,1.5
83,84,0.0,1.5
83,85,0.0,1.5
83,86,0.0,1.0
83,87,0.0,1.0
83,88,0.0,1.5
83,89,0.0,1.5
83,90,0.0,1.0
83,91,0.0,1.5
83,92,0.0,1.5
83,93,0.0,1.5
83,94,0.0,1.5
83,95,0.0,1.0
83,96,0.0,1.5
83,97,0.0,1.5
83,98,0.0,1.5
83,99,0.0,1.0
83,100,0.0,1.5
84,1,0.17,0.0
84,2,0.17,1.0
84,3,0.28,1.0
84,4,0.36,0.427
84,5,0.44,0.4107
84,6,0.52,0.0
84,7,0.58,0.486
84,8,0.63,0.0
84,9,0.65,0.0
84,10,0.69,0.0
84,11,0.69,0.938
84,12,0.73,0.0
84,13,0.73,0.0
84,14,0.74,0.0
84,15,0.75,0.0
84,16,0.76,0.0
84,17,0.78,0.336
84,18,0.78,0.828
84,19,0.88,0.3185
84,20,0.88,1.0
84,21,0.88,1.0
84,22,0.88,1.0
84,23,0.88,1.0
84,24,0.9,0.0
84,25,0.9,1.0
84,26,0.95,0.0
84,27,0.95,1.0
84,28,0.95,1.0
84,29,0.95,0.0
84,30,0.95,1.0
84,31,0.95,0.7795
84,32,0.95,0.778
84,33,0.95,1.0
84,34,0.95,0.781
84,35,0.95,1.0
84,36,0.95,1.0
84,37,0.95,0.778
84,38,0.95,0.0
84,39,0.95,1.0
84,40,0.95,1.0
84,41,0.95,0.78
84,42,0.95,0.0
84,43,0.95,1.0
84,44,0.95,1.0
84,45,0.95,1.0
84,46,0.95,1.0
84,47,0.95,0.7825
84,48,0.95,1.0
84,49,0.95,0.0
84,50,0.95,1.0
84,51,0.95,0.0
84,52,0.95,0.0
84,53,0.95,1.0
84,54,0.95,0.779
84,55,0.95,1.0
84,56,0.95,1.0
84,57,0.95,1.0
84,58,0.95,0.0
84,59,0.95,0.781
84,60,0.95,1.0
84,61,0.95,0.0
84,62,0.95,1.0
84,63,0.95,0.0
84,64,0.95,1.0
84,65,0.95,0.779
84,66,0.95,0.0
84,67,0.95,0.781
84,68,0.95,1.0
84,69,0.95,0.0
84,70,0.95,0.7815
84,71,0.95,1.0
84,72,0.95,1.0
84,73,0.95,1.0
84,74,0.95,1.0
84,75,0.95,1.0
84,76,0.95,0.0
84,77,0.95,1.0
84,78,0.95,1.0
84,79,0.95,1.0
84,80,0.95,1.0
84,81,0.95,0.0
84,82,0.95,0.0
84,83,0.95,1.0
84,84,0.95,0.7785
84,85,0.95,1.0
84,86,0.95,1.0
84,87,0.95,1.0
84,88,0.95,0.778
84,89,0.95,1.0
84,90,0.95,0.0
84,91,0.95,1.0
84,92,0.95,0.0
84,93,0.95,1.0
84,94,0.95,1.0
84,95,0.95,0.0
84,96,0.95,1.0
84,97,0.95,1.0
84,98,0.95,1.0
84,99,0.95,1.0
84,100,0.95,1.0
85,1,0.19,0.0
85,2,0.19,1.1453
85,3,0.41,0.5914
85,4,0.43,0.5391
85,5,0.5,0.5862
85,6,0.52,0.5872
85,7,0.52,0.0
85,8,0.52,1.0897
85,9,0.54,0.5901
85,10,0.54,1.0
85,11,0.54,1.0871
85,12,0.55,0.5341
85,13,0.54,1.096
85,14,0.54,1.0835
85,15,0.54,1.0835
85,16,0.54,1.0
85,17,0.54,1.0
85,18,0.54,1.08
85,19,0.55,0.0
85,20,0.55,1.0295
85,21,0.56,0.5295
85,22,0.56,1.029
85,23,0.56,1.0785
85,24,0.56,0.0
85,25,0.56,0.0
85,26,0.56,1.029
85,27,0.56,1.027
85,28,0.56,0.0
85,29,0.56,0.0
85,30,0.56,1.0
85,31,0.56,0.0
85,32,0.56,0.0
85,33,0.55,0.0
85,34,0.55,0.0
85,35,0.55,0.0
85,36,0.55,1.0
85,37,0.55,1.081
85,38,0.55,1.033
85,39,0.55,1.0
85,40,0.53,1.1025
85,41,0.53,1.0895
85,42,0.53,1.0885
85,43,0.53,1.0425
85,44,0.53,0.0
85,45,0.52,1.106
85,46,0.51,1.1075
85,47,0.51,0.0
85,48,0.51,1.1035
85,49,0.51,0.0
85,50,0.51,0.0
85,51,0.5,1.0
85,52,0.49,1.07
85,53,0.49,1.0605
85,54,0.49,1.0
85,55,0.49,1.0675
85,56,0.49,1.0
85,57,0.49,1.1185
85,58,0.48,1.134
85,59,0.46,1.097
85,60,0.46,1.0
85,61,0.45,1.146
85,62,0.45,1.09
85,63,0.45,1.091
85,64,0.44,1.156
85,65,0.42,1.172
85,66,0.42,1.0
85,67,0.41,1.0
85,68,0.41,1.0
85,69,0.39,1.0
85,70,0.38,1.0
85,71,0.36,1.219
85,72,0.32,1.0
85,73,0.31,1.281
85,74,0.31,1.2325
85,75,0.27,1.334
85,76,0.25,1.378
85,77,0.21,1.413
85,78,0.2,1.3955
85,79,0.18,1.0
85,80,0.14,1.0
85,81,0.12,1.439
85,82,0.07,1.528
85,83,0.05,1.506
85,84,0.02,1.522
85,85,0.02,1.496
85,86,0.01,1.508
85,87,0.0,1.0
85,88,0.0,1.4995
85,89,0.0,1.5
85,90,0.0,1.5
85,91,0.0,1.0
85,92,0.0,1.0
85,93,0.0,1.5
85,94,0.0,1.5
85,95,0.0,1.0
85,96,0.0,1.5
85,97,0.0,1.5
85,98,0.0,1.0
85,99,0.0,1.0
85,100,0.0,1.5
86,1,0.19,0.0
86,2,0.19,1.0
86,3,0.38,0.4961
86,4,0.45,0.4817
86,5,0.54,0.0
86,6,0.61,0.2832
86,7,0.71,0.0
86,8,0.77,0.0
86,9,0.81,0.0
86,10,0.87,0.0
86,11,0.88,0.096
86,12,0.9,0.0
86,13,0.9,0.0
86,14,0.92,0.0
86,15,0.98,0.0
86,16,0.99,0.0
86,17,1.0,0.0
86,18,1.0,1.0
86,19,1.0,1.0
86,20,1.0,1.0
86,21,1.0,1.0
86,22,1.0,1.0
86,23,1.0,1.0
86,24,1.0,1.0
86,25,1.0,1.0
86,26,1.0,0.5025
86,27,1.0,1.0
86,28,0.95,0.831
86,29,0.95,1.0
86,30,0.95,0.781
86,31,0.95,1.0
86,32,0.95,0.7785
86,33,0.95,1.0
86,34,0.95,1.0
86,35,0.95,1.0
86,36,0.95,0.0
86,37,0.95,0.0
86,38,0.95,1.0
86,39,0.95,0.7795
86,40,0.95,1.0
86,41,0.95,1.0
86,42,0.95,1.0
86,43,0.95,1.0
86,44,0.95,1.0
86,45,0.95,0.0
86,46,0.95,0.0
86,47,0.95,0.7775
86,48,0.95,1.0
86,49,0.95,0.0
86,50,0.95,1.0
86,51,0.95,1.0
86,52,0.95,0.0
86,53,0.95,0.779
86,54,0.95,1.0
86,55,0.95,1.0
86,56,0.95,1.0
86,57,0.95,1.0
86,58,0.95,1.0
86,59,0.95,0.0
86,60,0.95,0.7815
86,61,0.95,1.0
86,62,0.95,1.0
86,63,0.95,0.78
86,64,0.95,1.0
86,65,0.95,1.0
86,66,0.95,0.0
86,67,0.95,1.0
86,68,0.95,0.0
86,69,0.95,1.0
86,70,0.95,1.0
86,71,0.95,1.0
86,72,0.95,1.0
86,73,0.95,1.0
86,74,0.95,0.0
86,75,0.95,1.0
86,76,0.95,1.0
86,77,0.95,1.0
86,78,0.95,0.0
86,79,0.95,0.0
86,80,0.95,1.0
86,81,0.95,0.0
86,82,0.95,0.0
86,83,0.95,0.0
86,84,0.95,0.0
86,85,0.95,1.0
86,86,0.95,0.0
86,87,0.95,1.0
86,88,0.95,0.0
86,89,0.95,1.0
86,90,0.95,0.0
86,91,0.95,1.0
86,92,0.95,1.0
86,93,0.95,1.0
86,94,0.95,0.0
86,95,0.95,0.0
86,96,0.95,1.0
86,97,0.95,1.0
86,98,0.95,1.0
86,99,0.95,1.0
86,100,0.95,1.0
87,1,0.12,0.0
87,2,0.12,1.0
87,3,0.22,0.7847
87,4,0.22,1.3313
87,5,0.21,1.3829
87,6,0.15,1.0
87,7,0.08,1.0
87,8,0.07,1.49
87,9,0.07,1.4871
87,10,0.03,1.5311
87,11,0.02,1.0
87,12,0.01,1.0
87,13,0.0,1.0
87,14,0.0,1.0
87,15,0.0,1.0
87,16,0.0,1.0
87,17,0.0,1.5
87,18,0.0,1.5
87,19,0.0,1.5
87,20,0.0,1.5
87,21,0.0,1.5
87,22,0.0,1.5
87,23,0.0,1.5
87,24,0.0,1.5
87,25,0.0,1.5
87,26,0.0,1.5
87,27,0.0,1.5
87,28,0.0,1.5
87,29,0.0,1.0
87,30,0.0,1.5
87,31,0.0,1.0
87,32,0.0,1.0
87,33,0.0,1.5
87,34,0.0,1.0
87,35,0.0,1.5
87,36,0.0,1.5
87,37,0.0,1.0
87,38,0.0,1.5
87,39,0.0,1.0
87,40,0.0,1.0
87,41,0.0,1.5
87,42,0.0,1.0
87,43,0.0,1.5
87,44,0.0,1.5
87,45,0.0,1.5
87,46,0.0,1.5
87,47,0.0,1.5
87,48,0.0,1.0
87,49,0.0,1.5
87,50,0.0,1.5
87,51,0.0,1.0
87,52,0.0,1.5
87,53,0.0,1.0
87,54,0.0,1.0
87,55,0.0,1.5
87,56,0.0,1.0
87,57,0.0,1.0
87,58,0.0,1.0
87,59,0.0,1.0
87,60,0.0,1.5
87,61,0.0,1.0
87,62,0.0,1.0
87,63,0.0,1.0
87,64,0.0,1.5
87,65,0.0,1.5
87,66,0.0,1.0
87,67,0.0,1.5
87,68,0.0,1.5
87,69,0.0,1.5
87,70,0.0,1.0
87,71,0.0,1.0
87,72,0.0,1.5
87,73,0.0,1.5
87,74,0.0,1.5
87,75,0.0,1.5
87,76,0.0,1.5
87,77,0.0,1.0
87,78,0.0,1.0
87,79,0.0,1.0
87,80,0.0,1.5
87,81,0.0,1.0
87,82,0.0,1.0
87,83,0.0,1.5
87,84,0.0,1.5
87,85,0.0,1.5
87,86,0.0,1.0
87,87,0.0,1.5
87,88,0.0,1.0
87,89,0.0,1.5
87,90,0.0,1.5
87,91,0.0,1.0
87,92,0.0,1.5
87,93,0.0,1.5
87,94,0.0,1.5
87,95,0.0,1.5
87,96,0.0,1.0
87,97,0.0,1.0
87,98,0.0,1.5
87,99,0.0,1.5
87,100,0.0,1.0
88,1,0.12,0.0
88,2,0.12,1.1319
88,3,0.26,1.0
88,4,0.31,0.4864
88,5,0.48,0.3498
88,6,0.6,0.0
88,7,0.72,0.0
88,8,0.82,0.0
88,9,0.89,0.0
88,10,0.91,0.0
88,11,0.95,0.0
88,12,0.98,0.0
88,13,0.94,0.8245
88,14,0.95,0.0
88,15,0.95,0.0
88,16,0.95,1.0
88,17,0.95,1.0
88,18,0.95,1.0
88,19,0.95,1.0
88,20,0.95,0.7785
88,21,0.95,1.0
88,22,0.95,1.0
88,23,0.95,1.0
88,24,0.95,1.0
88,25,0.95,0.0
88,26,0.95,1.0
88,27,0.95,0.7795
88,28,0.95,1.0
88,29,0.95,0.0
88,30,0.95,1.0
88,31,0.95,0.0
88,32,0.95,1.0
88,33,0.95,0.0
88,34,0.95,1.0
88,35,0.95,1.0
88,36,0.95,1.0
88,37,0.95,1.0
88,38,0.95,0.78
88,39,0.95,1.0
88,40,0.95,1.0
88,41,0.95,1.0
88,42,0.95,0.0
88,43,0.95,0.0
88,44,0.95,0.0
88,45,0.95,1.0
88,46,0.95,1.0
88,47,0.95,1.0
88,48,0.95,0.0
88,49,0.95,0.0
88,50,0.95,1.0
88,51,0.95,1.0
88,52,0.95,1.0
88,53,0.95,1.0
88,54,0.95,1.0
88,55,0.95,1.0
88,56,0.95,0.0
88,57,0.95,1.0
88,58,0.95,1.0
88,59,0.95,1.0
88,60,0.95,1.0
88,61,0.95,1.0
88,62,0.95,1.0
88,63,0.95,1.0
88,64,0.95,1.0
88,65,0.95,1.0
88,66,0.95,1.0
88,67,0.95,1.0
88,68,0.95,0.7805
88,69,0.95,1.0
88,70,0.95,1.0
88,71,0.95,1.0
88,72,0.95,0.779
88,73,0.95,0.0
88,74,0.95,1.0
88,75,0.95,0.0
88,76,0.95,0.0
88,77,0.95,1.0
88,78,0.95,0.779
88,79,0.95,1.0
88,80,0.95,1.0
88,81,0.95,1.0
88,82,0.95,1.0
88,83,0.95,1.0
88,84,0.95,1.0
88,85,0.95,1.0
88,86,0.95,1.0
88,87,0.95,1.0
88,88,0.95,1.0
88,89,0.95,0.0
88,90,0.95,0.783
88,91,0.95,1.0
88,92,0.95,1.0
88,93,0.95,1.0
88,94,0.95,0.0
88,95,0.95,1.0
88,96,0.95,0.0
88,97,0.95,1.0
88,98,0.95,1.0
88,99,0.95,1.0
88,100,0.95,1.0
89,1,0.21,0.0
89,2,0.21,1.0685
89,3,0.5,0.4548
89,4,0.47,1.1436
89,5,0.57,0.604
89,6,0.58,0.551
89,7,0.61,0.5455
89,8,0.62,0.543
89,9,0.61,0.0
89,10,0.6,1.002
89,11,0.61,0.541
89,12,0.61,1.04
89,13,0.61,0.9874
89,14,0.61,1.037
89,15,0.62,0.5365
89,16,0.62,1.033
89,17,0.62,1.03
89,18,0.63,0.4785
89,19,0.64,0.0
89,20,0.65,0.0
89,21,0.65,0.0
89,22,0.65,1.0
89,23,0.65,1.0
89,24,0.66,0.0
89,25,0.68,0.0
89,26,0.7,0.389
89,27,0.73,0.0
89,28,0.74,0.0
89,29,0.74,0.862
89,30,0.74,0.802
89,31,0.74,0.846
89,32,0.77,0.0
89,33,0.8,0.0
89,34,0.87,0.271
89,35,0.87,1.0
89,36,0.87,1.0
89,37,0.87,1.0
89,38,0.87,1.0
89,39,0.9,0.2405
89,40,0.91,0.0
89,41,0.95,0.0
89,42,0.95,1.0
89,43,0.95,0.7305
89,44,0.95,1.0
89,45,0.95,0.0
89,46,0.95,1.0
89,47,0.95,0.7295
89,48,0.95,0.0
89,49,0.95,1.0
89,50,0.95,1.0
89,51,0.95,1.0
89,52,0.95,1.0
89,53,0.95,0.0
89,54,0.95,1.0
89,55,0.95,1.0
89,56,0.95,1.0
89,57,0.95,1.0
89,58,0.95,1.0
89,59,0.95,1.0
89,60,0.95,1.0
89,61,0.95,1.0
89,62,0.95,1.0
89,63,0.95,1.0
89,64,0.95,1.0
89,65,0.95,0.0
89,66,0.95,1.0
89,67,0.95,1.0
89,68,0.95,0.0
89,69,0.95,1.0
89,70,0.95,1.0
89,71,0.95,0.0
89,72,0.95,1.0
89,73,0.95,0.73
89,74,0.95,1.0
89,75,0.95,0.732
89,76,0.95,1.0
89,77,0.95,0.0
89,78,0.95,1.0
89,79,0.95,1.0
89,80,0.95,1.0
89,81,0.95,0.0
89,82,0.95,1.0
89,83,0.95,1.0
89,84,0.95,1.0
89,85,0.95,1.0
89,86,0.95,0.0
89,87,0.95,1.0
89,88,0.95,0.73
89,89,0.95,1.0
89,90,0.95,1.0
89,91,0.95,1.0
89,92,0.95,0.0
89,93,0.95,1.0
89,94,0.95,1.0
89,95,0.95,1.0
89,96,0.95,1.0
89,97,0.95,0.73
89,98,0.95,1.0
89,99,0.95,0.0
89,100,0.95,1.0
90,1,0.22,0.0
90,2,0.22,0.9305
90,3,0.62,0.0
90,4,0.68,0.0
90,5,0.74,0.4477
90,6,0.78,0.3796
90,7,0.84,0.0
90,8,0.88,0.0
90,9,0.91,0.3442
90,10,0.92,0.0
90,11,0.92,0.0
90,12,0.93,0.0
90,13,0.95,0.0
90,14,0.95,1.0
90,15,0.95,1.0
90,16,0.95,0.0
90,17,0.95,1.0
90,18,0.95,1.0
90,19,0.95,0.0
90,20,0.95,1.0
90,21,0.95,1.0
90,22,0.95,1.0
90,23,0.95,0.0
90,24,0.95,1.0
90,25,0.95,0.0
90,26,0.95,1.0
90,27,0.95,1.0
90,28,0.95,0.0
90,29,0.95,0.0
90,30,0.95,1.0
90,31,0.95,0.0
90,32,0.95,1.0
90,33,0.95,1.0
90,34,0.95,1.0
90,35,0.95,1.0
90,36,0.95,1.0
90,37,0.95,1.0
90,38,0.95,1.0
90,39,0.95,1.0
90,40,0.95,1.0
90,41,0.95,1.0
90,42,0.95,0.7785
90,43,0.95,0.78
90,44,0.95,0.0
90,45,0.95,1.0
90,46,0.95,1.0
90,47,0.95,1.0
90,48,0.95,1.0
90,49,0.95,1.0
90,50,0.95,1.0
90,51,0.95,1.0
90,52,0.95,1.0
90,53,0.95,1.0
90,54,0.95,0.0
90,55,0.95,0.0
90,56,0.95,1.0
90,57,0.95,1.0
90,58,0.95,1.0
90,59,0.95,1.0
90,60,0.95,1.0
90,61,0.95,1.0
90,62,0.95,0.7795
90,63,0.95,0.0
90,64,0.95,0.0
90,65,0.95,1.0
90,66,0.95,1.0
90,67,0.95,1.0
90,68,0.95,1.0
90,69,0.95,1.0
90,70,0.95,1.0
90,71,0.95,1.0
90,72,0.95,1.0
90,73,0.95,1.0
90,74,0.95,1.0
90,75,0.95,1.0
90,76,0.95,1.0
90,77,0.95,1.0
90,78,0.95,0.0
90,79,0.95,1.0
90,80,0.95,1.0
90,81,0.95,1.0
90,82,0.95,1.0
90,83,0.95,0.7795
90,84,0.95,1.0
90,85,0.95,1.0
90,86,0.95,1.0
90,87,0.95,0.78
90,88,0.95,1.0
90,89,0.95,1.0
90,90,0.95,0.0
90,91,0.95,1.0
90,92,0.95,0.0
90,93,0.95,1.0
90,94,0.95,0.0
90,95,0.95,1.0
90,96,0.95,1.0
90,97,0.95,1.0
90,98,0.95,1.0
90,99,0.95,0.0
90,100,0.95,1.0
91,1,0.1,0.0
91,2,0.1,1.0
91,3,0.16,0.0
91,4,0.17,0.8139
91,5,0.17,1.0
91,6,0.16,1.3539
91,7,0.14,1.3825
91,8,0.07,1.0
91,9,0.04,1.0
91,10,0.03,1.452
91,11,0.01,1.515
91,12,0.01,1.0
91,13,0.01,1.498
91,14,0.01,1.4985
91,15,0.0,1.509
91,16,0.0,1.4995
91,17,0.0,1.5
91,18,0.0,1.5
91,19,0.0,1.5
91,20,0.0,1.0
91,21,0.0,1.5
91,22,0.0,1.0
91,23,0.0,1.0
91,24,0.0,1.0
91,25,0.0,1.5
91,26,0.0,1.5
91,27,0.0,1.5
91,28,0.0,1.5
91,29,0.0,1.5
91,30,0.0,1.5
91,31,0.0,1.0
91,32,0.0,1.5
91,33,0.0,1.5
91,34,0.0,1.0
91,35,0.0,1.5
91,36,0.0,1.5
91,37,0.0,1.0
91,38,0.0,1.0
91,39,0.0,1.5
91,40,0.0,1.5
91,41,0.0,1.0
91,42,0.0,1.0
91,43,0.0,1.5
91,44,0.0,1.5
91,45,0.0,1.5
91,46,0.0,1.5
91,47,0.0,1.0
91,48,0.0,1.5
91,49,0.0,1.5
91,50,0.0,1.0
91,51,0.0,1.5
91,52,0.0,1.0
91,53,0.0,1.0
91,54,0.0,1.5
91,55,0.0,1.5
91,56,0.0,1.5
91,57,0.0,1.5
91,58,0.0,1.5
91,59,0.0,1.0
91,60,0.0,1.5
91,61,0.0,1.0
91,62,0.0,1.0
91,63,0.0,1.5
91,64,0.0,1.5
91,65,0.0,1.5
91,66,0.0,1.0
91,67,0.0,1.5
91,68,0.0,1.0
91,69,0.0,1.5
91,70,0.0,1.0
91,71,0.0,1.5
91,72,0.0,1.5
91,73,0.0,1.0
91,74,0.0,1.5
91,75,0.0,1.0
91,76,0.0,1.5
91,77,0.0,1.5
91,78,0.0,1.5
91,79,0.0,1.5
91,80,0.0,1.5
91,81,0.0,1.5
91,82,0.0,1.5
91,83,0.0,1.5
91,84,0.0,1.5
91,85,0.0,1.5
91,86,0.0,1.5
91,87,0.0,1.5
91,88,0.0,1.5
91,89,0.0,1.0
91,90,0.0,1.0
91,91,0.0,1.0
91,92,0.0,1.0
91,93,0.0,1.0
91,94,0.0,1.5
91,95,0.0,1.5
91,96,0.0,1.5
91,97,0.0,1.5
91,98,0.0,1.5
91,99,0.0,1.0
91,100,0.0,1.5
92,1,0.14,0.0
92,2,0.14,1.0
92,3,0.25,0.0
92,4,0.3,1.0
92,5,0.33,0.655
92,6,0.34,0.6766
92,7,0.34,1.2464
92,8,0.31,1.2969
92,9,0.27,1.3254
92,10,0.23,1.3457
92,11,0.22,1.3312
92,12,0.2,1.0
92,13,0.16,1.0
92,14,0.15,1.465
92,15,0.11,1.505
92,16,0.06,1.523
92,17,0.06,1.0
92,18,0.06,1.4865
92,19,0.05,1.0
92,20,0.03,1.0
92,21,0.01,1.0
92,22,0.0,1.508
92,23,0.0,1.0
92,24,0.0,1.5
92,25,0.0,1.5
92,26,0.0,1.5
92,27,0.0,1.0
92,28,0.0,1.5
92,29,0.0,1.5
92,30,0.0,1.5
92,31,0.0,1.0
92,32,0.0,1.5
92,33,0.0,1.0
92,34,0.0,1.5
92,35,0.0,1.5
92,36,0.0,1.5
92,37,0.0,1.0
92,38,0.0,1.0
92,39,0.0,1.0
92,40,0.0,1.0
92,41,0.0,1.5
92,42,0.0,1.5
92,43,0.0,1.5
92,44,0.0,1.5
92,45,0.0,1.0
92,46,0.0,1.5
92,47,0.0,1.5
92,48,0.0,1.0
92,49,0.0,1.5
92,50,0.0,1.5
92,51,0.0,1.5
92,52,0.0,1.5
92,53,0.0,1.5
92,54,0.0,1.5
92,55,0.0,1.5
92,56,0.0,1.5
92,57,0.0,1.5
92,58,0.0,1.5
92,59,0.0,1.5
92,60,0.0,1.5
92,61,0.0,1.5
92,62,0.0,1.0
92,63,0.0,1.0
92,64,0.0,1.5
92,65,0.0,1.5
92,66,0.0,1.0
92,67,0.0,1.5
92,68,0.0,1.5
92,69,0.0,1.0
92,70,0.0,1.5
92,71,0.0,1.5
92,72,0.0,1.5
92,73,0.0,1.5
92,74,0.0,1.5
92,75,0.0,1.5
92,76,0.0,1.5
92,77,0.0,1.5
92,78,0.0,1.0
92,79,0.0,1.5
92,80,0.0,1.5
92,81,0.0,1.5
92,82,0.0,1.0
92,83,0.0,1.0
92,84,0.0,1.5
92,85,0.0,1.5
92,86,0.0,1.5
92,87,0.0,1.5
92,88,0.0,1.5
92,89,0.0,1.5
92,90,0.0,1.0
92,91,0.0,1.5
92,92,0.0,1.5
92,93,0.0,1.5
92,94,0.0,1.5
92,95,0.0,1.5
92,96,0.0,1.0
92,97,0.0,1.0
92,98,0.0,1.5
92,99,0.0,1.5
92,100,0.0,1.5
93,1,0.14,0.0
93,2,0.14,1.0
93,3,0.23,0.0
93,4,0.27,0.6464
93,5,0.29,0.6821
93,6,0.27,1.2914
93,7,0.22,1.3526
93,8,0.18,1.4719
93,9,0.17,1.4589
93,10,0.14,1.4894
93,11,0.12,1.0
93,12,0.09,1.5078
93,13,0.04,1.0
93,14,0.02,1.5105
93,15,0.01,1.0
93,16,0.01,1.0
93,17,0.01,1.498
93,18,0.01,1.0
93,19,0.0,1.509
93,20,0.0,1.0
93,21,0.0,1.0
93,22,0.0,1.5
93,23,0.0,1.5
93,24,0.0,1.5
93,25,0.0,1.5
93,26,0.0,1.0
93,27,0.0,1.5
93,28,0.0,1.5
93,29,0.0,1.5
93,30,0.0,1.5
93,31,0.0,1.5
93,32,0.0,1.5
93,33,0.0,1.5
93,34,0.0,1.0
93,35,0.0,1.0
93,36,0.0,1.5
93,37,0.0,1.0
93,38,0.0,1.0
93,39,0.0,1.5
93,40,0.0,1.5
93,41,0.0,1.5
93,42,0.0,1.0
93,43,0.0,1.5
93,44,0.0,1.5
93,45,0.0,1.5
93,46,0.0,1.0
93,47,0.0,1.5
93,48,0.0,1.5
93,49,0.0,1.0
93,50,0.0,1.0
93,51,0.0,1.5
93,52,0.0,1.0
93,53,0.0,1.5
93,54,0.0,1.0
93,55,0.0,1.5
93,56,0.0,1.0
93,57,0.0,1.0
93,58,0.0,1.5
93,59,0.0,1.5
93,60,0.0,1.5
93,61,0.0,1.5
93,62,0.0,1.0
93,63,0.0,1.0
93,64,0.0,1.0
93,65,0.0,1.5
93,66,0.0,1.0
93,67,0.0,1.5
93,68,0.0,1.0
93,69,0.0,1.5
93,70,0.0,1.0
93,71,0.0,1.5
93,72,0.0,1.5
93,73,0.0,1.0
93,74,0.0,1.5
93,75,0.0,1.0
93,76,0.0,1.5
93,77,0.0,1.5
93,78,0.0,1.5
93,79,0.0,1.5
93,80,0.0,1.5
93,81,0.0,1.5
93,82,0.0,1.5
93,83,0.0,1.0
93,84,0.0,1.5
93,85,0.0,1.0
93,86,0.0,1.5
93,87,0.0,1.5
93,88,0.0,1.5
93,89,0.0,1.5
93,90,0.0,1.5
93,91,0.0,1.5
93,92,0.0,1.5
93,93,0.0,1.5
93,94,0.0,1.0
93,95,0.0,1.5
93,96,0.0,1.5
93,97,0.0,1.5
93,98,0.0,1.0
93,99,0.0,1.5
93,100,0.0,1.5
94,1,0.17,0.0
94,2,0.17,1.0
94,3,0.31,1.0
94,4,0.38,0.5146
94,5,0.44,0.5605
94,6,0.55,0.0
94,7,0.59,0.4936
94,8,0.6,0.0
94,9,0.62,0.0
94,10,0.63,0.418
94,11,0.64,0.418
94,12,0.64,0.0
94,13,0.66,0.402
94,14,0.68,0.0
94,15,0.7,0.0
94,16,0.7,1.0
94,17,0.72,0.0
94,18,0.73,0.0
94,19,0.73,1.0
94,20,0.76,0.0
94,21,0.79,0.334
94,22,0.83,0.0
94,23,0.83,0.0
94,24,0.85,0.0
94,25,0.88,0.0
94,26,0.88,1.0
94,27,0.9,0.0
94,28,0.95,0.29
94,29,0.95,1.0
94,30,0.95,1.0
94,31,0.95,1.0
94,32,0.95,1.0
94,33,0.95,1.0
94,34,0.95,0.0
94,35,0.95,1.0
94,36,0.95,1.0
94,37,0.95,0.0
94,38,0.95,1.0
94,39,0.95,1.0
94,40,0.95,1.0
94,41,0.95,1.0
94,42,0.95,1.0
94,43,0.95,0.778
94,44,0.95,1.0
94,45,0.95,1.0
94,46,0.95,0.0
94,47,0.95,1.0
94,48,0.95,1.0
94,49,0.95,0.7815
94,50,0.95,1.0
94,51,0.95,1.0
94,52,0.95,1.0
94,53,0.95,1.0
94,54,0.95,1.0
94,55,0.95,1.0
94,56,0.95,1.0
94,57,0.95,1.0
94,58,0.95,1.0
94,59,0.95,0.78
94,60,0.95,1.0
94,61,0.95,0.78
94,62,0.95,1.0
94,63,0.95,0.0
94,64,0.95,0.0
94,65,0.95,0.779
94,66,0.95,1.0
94,67,0.95,1.0
94,68,0.95,0.0
94,69,0.95,1.0
94,70,0.95,1.0
94,71,0.95,1.0
94,72,0.95,0.7805
94,73,0.95,0.0
94,74,0.95,0.7795
94,75,0.95,1.0
94,76,0.95,1.0
94,77,0.95,1.0
94,78,0.95,1.0
94,79,0.95,1.0
94,80,0.95,1.0
94,81,0.95,1.0
94,82,0.95,0.7775
94,83,0.95,0.779
94,84,0.95,1.0
94,85,0.95,1.0
94,86,0.95,0.0
94,87,0.95,0.0
94,88,0.95,1.0
94,89,0.95,1.0
94,90,0.95,1.0
94,91,0.95,1.0
94,92,0.95,0.7775
94,93,0.95,1.0
94,94,0.95,1.0
94,95,0.95,1.0
94,96,0.95,1.0
94,97,0.95,1.0
94,98,0.95,0.0
94,99,0.95,0.778
94,100,0.95,0.0
95,1,0.16,0.0
95,2,0.16,1.117
95,3,0.36,1.0
95,4,0.46,0.5777
95,5,0.55,0.0
95,6,0.62,0.4331
95,7,0.7,0.0
95,8,0.78,0.0
95,9,0.82,0.0
95,10,0.85,0.0
95,11,0.88,0.0
95,12,0.89,0.0
95,13,0.89,1.0
95,14,0.9,0.0
95,15,0.92,0.0
95,16,0.94,0.0
95,17,0.94,1.0
95,18,0.94,1.0
95,19,0.94,1.0
95,20,0.94,0.782
95,21,0.95,0.0
95,22,0.95,0.0
95,23,0.95,1.0
95,24,0.95,0.0
95,25,0.95,0.7785
95,26,0.95,1.0
95,27,0.95,0.0
95,28,0.95,1.0
95,29,0.95,1.0
95,30,0.95,0.0
95,31,0.95,0.0
95,32,0.95,1.0
95,33,0.95,0.7805
95,34,0.95,1.0
95,35,0.95,1.0
95,36,0.95,1.0
95,37,0.95,1.0
95,38,0.95,1.0
95,39,0.95,1.0
95,40,0.95,1.0
95,41,0.95,1.0
95,42,0.95,1.0
95,43,0.95,1.0
95,44,0.95,1.0
95,45,0.95,1.0
95,46,0.95,0.0
95,47,0.95,1.0
95,48,0.95,0.0
95,49,0.95,1.0
95,50,0.95,0.0
95,51,0.95,0.0
95,52,0.95,0.782
95,53,0.95,1.0
95,54,0.95,1.0
95,55,0.95,1.0
95,56,0.95,0.0
95,57,0.95,1.0
95,58,0.95,0.781
95,59,0.95,1.0
95,60,0.95,0.7805
95,61,0.95,1.0
95,62,0.95,1.0
95,63,0.95,1.0
95,64,0.95,1.0
95,65,0.95,0.0
95,66,0.95,1.0
95,67,0.95,1.0
95,68,0.95,1.0
95,69,0.95,1.0
95,70,0.95,1.0
95,71,0.95,1.0
95,72,0.95,1.0
95,73,0.95,1.0
95,74,0.95,0.0
95,75,0.95,1.0
95,76,0.95,1.0
95,77,0.95,0.0
95,78,0.95,0.0
95,79,0.95,1.0
95,80,0.95,1.0
95,81,0.95,1.0
95,82,0.95,1.0
95,83,0.95,1.0
95,84,0.95,0.779
95,85,0.95,0.0
95,86,0.95,1.0
95,87,0.95,0.7805
95,88,0.95,1.0
95,89,0.95,1.0
95,90,0.95,0.782
95,91,0.95,0.0
95,92,0.95,1.0
95,93,0.95,1.0
95,94,0.95,0.7795
95,95,0.95,1.0
95,96,0.95,1.0
95,97,0.95,1.0
95,98,0.95,1.0
95,99,0.95,0.779
95,100,0.95,1.0
96,1,0.09,0.0
96,2,0.09,1.0
96,3,0.14,1.0
96,4,0.14,1.0
96,5,0.12,1.0
96,6,0.09,1.4955
96,7,0.05,1.5215
96,8,0.04,1.0
96,9,0.03,1.5006
96,10,0.03,1.4935
96,11,0.01,1.5155
96,12,0.01,1.497
96,13,0.01,1.4985
96,14,0.0,1.509
96,15,0.0,1.0
96,16,0.0,1.5
96,17,0.0,1.5
96,18,0.0,1.5
96,19,0.0,1.0
96,20,0.0,1.0
96,21,0.0,1.5
96,22,0.0,1.5
96,23,0.0,1.5
96,24,0.0,1.5
96,25,0.0,1.0
96,26,0.0,1.0
96,27,0.0,1.5
96,28,0.0,1.0
96,29,0.0,1.5
96,30,0.0,1.5
96,31,0.0,1.5
96,32,0.0,1.5
96,33,0.0,1.5
96,34,0.0,1.0
96,35,0.0,1.5
96,36,0.0,1.5
96,37,0.0,1.0
96,38,0.0,1.0
96,39,0.0,1.5
96,40,0.0,1.0
96,41,0.0,1.5
96,42,0.0,1.5
96,43,0.0,1.5
96,44,0.0,1.5
96,45,0.0,1.0
96,46,0.0,1.5
96,47,0.0,1.5
96,48,0.0,1.0
96,49,0.0,1.5
96,50,0.0,1.5
96,51,0.0,1.5
96,52,0.0,1.5
96,53,0.0,1.5
96,54,0.0,1.5
96,55,0.0,1.5
96,56,0.0,1.5
96,57,0.0,1.5
96,58,0.0,1.0
96,59,0.0,1.5
96,60,0.0,1.0
96,61,0.0,1.0
96,62,0.0,1.5
96,63,0.0,1.5
96,64,0.0,1.0
96,65,0.0,1.5
96,66,0.0,1.0
96,67,0.0,1.5
96,68,0.0,1.5
96,69,0.0,1.5
96,70,0.0,1.5
96,71,0.0,1.0
96,72,0.0,1.0
96,73,0.0,1.0
96,74,0.0,1.5
96,75,0.0,1.5
96,76,0.0,1.0
96,77,0.0,1.5
96,78,0.0,1.5
96,79,0.0,1.5
96,80,0.0,1.0
96,81,0.0,1.5
96,82,0.0,1.0
96,83,0.0,1.5
96,84,0.0,1.5
96,85,0.0,1.5
96,86,0.0,1.0
96,87,0.0,1.5
96,88,0.0,1.5
96,89,0.0,1.0
96,90,0.0,1.5
96,91,0.0,1.5
96,92,0.0,1.5
96,93,0.0,1.0
96,94,0.0,1.5
96,95,0.0,1.5
96,96,0.0,1.5
96,97,0.0,1.5
96,98,0.0,1.0
96,99,0.0,1.0
96,100,0.0,1.0
97,1,0.17,0.0
97,2,0.17,1.0
97,3,0.31,1.0
97,4,0.35,0.6321
97,5,0.37,0.6021
97,6,0.37,1.1216
97,7,0.36,1.1516
97,8,0.32,1.0
97,9,0.3,1.2023
97,10,0.26,1.2908
97,11,0.25,1.2775
97,12,0.22,1.312
97,13,0.19,1.3245
97,14,0.13,1.0
97,15,0.12,1.3785
97,16,0.08,1.0
97,17,0.05,1.0
97,18,0.04,1.45
97,19,0.02,1.514
97,20,0.01,1.0
97,21,0.0,1.0
97,22,0.0,1.4995
97,23,0.0,1.5
97,24,0.0,1.5
97,25,0.0,1.5
97,26,0.0,1.5
97,27,0.0,1.5
97,28,0.0,1.5
97,29,0.0,1.5
97,30,0.0,1.5
97,31,0.0,1.5
97,32,0.0,1.5
97,33,0.0,1.5
97,34,0.0,1.5
97,35,0.0,1.0
97,36,0.0,1.5
97,37,0.0,1.0
97,38,0.0,1.0
97,39,0.0,1.0
97,40,0.0,1.5
97,41,0.0,1.5
97,42,0.0,1.5
97,43,0.0,1.5
97,44,0.0,1.5
97,45,0.0,1.0
97,46,0.0,1.5
97,47,0.0,1.5
97,48,0.0,1.5
97,49,0.0,1.5
97,50,0.0,1.5
97,51,0.0,1.5
97,52,0.0,1.5
97,53,0.0,1.5
97,54,0.0,1.5
97,55,0.0,1.0
97,56,0.0,1.5
97,57,0.0,1.0
97,58,0.0,1.5
97,59,0.0,1.5
97,60,0.0,1.0
97,61,0.0,1.5
97,62,0.0,1.5
97,63,0.0,1.5
97,64,0.0,1.5
97,65,0.0,1.5
97,66,0.0,1.5
97,67,0.0,1.5
97,68,0.0,1.5
97,69,0.0,1.5
97,70,0.0,1.5
97,71,0.0,1.5
97,72,0.0,1.5
97,73,0.0,1.0
97,74,0.0,1.5
97,75,0.0,1.0
97,76,0.0,1.5
97,77,0.0,1.0
97,78,0.0,1.0
97,79,0.0,1.5
97,80,0.0,1.5
97,81,0.0,1.5
97,82,0.0,1.5
97,83,0.0,1.5
97,84,0.0,1.5
97,85,0.0,1.5
97,86,0.0,1.0
97,87,0.0,1.5
97,88,0.0,1.5
97,89,0.0,1.0
97,90,0.0,1.5
97,91,0.0,1.5
97,92,0.0,1.5
97,93,0.0,1.5
97,94,0.0,1.5
97,95,0.0,1.5
97,96,0.0,1.0
97,97,0.0,1.5
97,98,0.0,1.5
97,99,0.0,1.0
97,100,0.0,1.5
98,1,0.15,0.0
98,2,0.15,1.0
98,3,0.23,0.0
98,4,0.27,1.0
98,5,0.28,0.7149
98,6,0.28,1.1889
98,7,0.27,1.2149
98,8,0.23,1.2599
98,9,0.19,1.2726
98,10,0.16,1.3266
98,11,0.13,1.4385
98,12,0.12,1.4295
98,13,0.07,1.527
98,14,0.06,1.4945
98,15,0.04,1.511
98,16,0.02,1.5145
98,17,0.0,1.517
98,18,0.0,1.499
98,19,0.0,1.5
98,20,0.0,1.5
98,21,0.0,1.0
98,22,0.0,1.5
98,23,0.0,1.0
98,24,0.0,1.5
98,25,0.0,1.5
98,26,0.0,1.5
98,27,0.0,1.5
98,28,0.0,1.5
98,29,0.0,1.0
98,30,0.0,1.0
98,31,0.0,1.0
98,32,0.0,1.0
98,33,0.0,1.5
98,34,0.0,1.0
98,35,0.0,1.5
98,36,0.0,1.5
98,37,0.0,1.5
98,38,0.0,1.0
98,39,0.0,1.0
98,40,0.0,1.5
98,41,0.0,1.5
98,42,0.0,1.5
98,43,0.0,1.0
98,44,0.0,1.5
98,45,0.0,1.0
98,46,0.0,1.0
98,47,0.0,1.0
98,48,0.0,1.0
98,49,0.0,1.5
98,50,0.0,1.5
98,51,0.0,1.0
98,52,0.0,1.5
98,53,0.0,1.5
98,54,0.0,1.5
98,55,0.0,1.5
98,56,0.0,1.5
98,57,0.0,1.5
98,58,0.0,1.5
98,59,0.0,1.5
98,60,0.0,1.0
98,61,0.0,1.5
98,62,0.0,1.5
98,63,0.0,1.0
98,64,0.0,1.5
98,65,0.0,1.0
98,66,0.0,1.0
98,67,0.0,1.5
98,68,0.0,1.5
98,69,0.0,1.5
98,70,0.0,1.5
98,71,0.0,1.5
98,72,0.0,1.5
98,73,0.0,1.5
98,74,0.0,1.5
98,75,0.0,1.5
98,76,0.0,1.5
98,77,0.0,1.5
98,78,0.0,1.5
98,79,0.0,1.0
98,80,0.0,1.5
98,81,0.0,1.0
98,82,0.0,1.5
98,83,0.0,1.5
98,84,0.0,1.5
98,85,0.0,1.5
98,86,0.0,1.5
98,87,0.0,1.0
98,88,0.0,1.5
98,89,0.0,1.5
98,90,0.0,1.0
98,91,0.0,1.5
98,92,0.0,1.0
98,93,0.0,1.5
98,94,0.0,1.0
98,95,0.0,1.5
98,96,0.0,1.5
98,97,0.0,1.5
98,98,0.0,1.5
98,99,0.0,1.5
98,100,0.0,1.0
99,1,0.14,0.0
99,2,0.14,1.0
99,3,0.33,1.0
99,4,0.42,0.0
99,5,0.51,0.0
99,6,0.6,0.0
99,7,0.73,0.0
99,8,0.82,0.0
99,9,0.83,0.3185
99,10,0.89,0.0
99,11,0.9,0.0
99,12,0.91,0.2904
99,13,0.91,1.0
99,14,0.92,0.0
99,15,0.93,0.0
99,16,0.95,0.0
99,17,0.95,1.0
99,18,0.95,1.0
99,19,0.95,1.0
99,20,0.95,0.7775
99,21,0.95,0.7815
99,22,0.95,1.0
99,23,0.95,1.0
99,24,0.95,1.0
99,25,0.95,1.0
99,26,0.95,1.0
99,27,0.95,1.0
99,28,0.95,0.0
99,29,0.95,1.0
99,30,0.95,1.0
99,31,0.95,1.0
99,32,0.95,1.0
99,33,0.95,1.0
99,34,0.93,0.0
99,35,0.93,0.89
99,36,0.93,0.893
99,37,0.93,0.888
99,38,0.93,0.887
99,39,0.93,0.8905
99,40,0.93,1.0
99,41,0.93,0.8925
99,42,0.93,1.0
99,43,0.93,0.0
99,44,0.93,0.0
99,45,0.93,1.0
99,46,0.93,0.8895
99,47,0.93,0.8885
99,48,0.93,0.891
99,49,0.93,0.889
99,50,0.93,0.888
99,51,0.93,0.8895
99,52,0.93,0.8905
99,53,0.93,0.89
99,54,0.93,0.889
99,55,0.93,0.89
99,56,0.93,0.889
99,57,0.93,1.0
99,58,0.93,0.89
99,59,0.93,0.0
99,60,0.93,0.8895
99,61,0.93,0.89
99,62,0.93,0.0
99,63,0.93,0.0
99,64,0.93,0.0
99,65,0.93,0.0
99,66,0.93,0.892
99,67,0.93,0.888
99,68,0.93,0.0
99,69,0.93,1.0
99,70,0.93,1.0
99,71,0.93,0.89
99,72,0.93,0.8905
99,73,0.93,1.0
99,74,0.93,0.8905
99,75,0.93,0.0
99,76,0.93,0.89
99,77,0.93,0.89
99,78,0.93,0.8905
99,79,0.93,0.0
99,80,0.93,0.889
99,81,0.93,0.888
99,82,0.93,0.8915
99,83,0.93,0.8895
99,84,0.93,0.8885
99,85,0.93,0.89
99,86,0.93,0.889
99,87,0.93,0.8915
99,88,0.93,0.892
99,89,0.93,0.8895
99,90,0.93,0.891
99,91,0.93,0.89
99,92,0.93,0.888
99,93,0.93,1.0
99,94,0.93,0.8905
99,95,0.93,0.892
99,96,0.93,0.888
99,97,0.93,1.0
99,98,0.93,0.8885
99,99,0.93,0.0
99,100,0.93,0.8915
100,1,0.15,0.0
100,2,0.15,1.0
100,3,0.52,0.3763
100,4,0.52,1.0
100,5,0.69,0.0
100,6,0.72,0.0
100,7,0.91,0.0
100,8,0.93,0.0
100,9,0.94,0.0
100,10,0.96,0.0
100,11,0.97,0.0
100,12,0.98,0.0
100,13,0.98,1.0
100,14,1.0,0.0
100,15,1.0,1.0
100,16,1.0,1.0
100,17,1.0,1.0
100,18,1.0,1.0
100,19,1.0,1.0
100,20,1.0,1.0
100,21,1.0,1.0
100,22,1.0,1.0
100,23,1.0,1.0
100,24,1.0,1.0
100,25,1.0,1.0
100,26,1.0,1.0
100,27,1.0,1.0
100,28,1.0,1.0
100,29,1.0,1.0
100,30,1.0,1.0
100,31,1.0,1.0
100,32,1.0,1.0
100,33,1.0,1.0
100,34,1.0,1.0
100,35,1.0,1.0
100,36,1.0,1.0
100,37,1.0,1.0
100,38,1.0,1.0
100,39,1.0,1.0
100,40,1.0,1.0
100,41,1.0,1.0
100,42,1.0,1.0
100,43,1.0,1.0
100,44,1.0,1.0
100,45,1.0,1.0
100,46,1.0,1.0
100,47,1.0,1.0
100,48,1.0,1.0
100,49,1.0,1.0
100,50,1.0,1.0
100,51,1.0,1.0
100,52,1.0,1.0
100,53,1.0,1.0
100,54,1.0,1.0
100,55,1.0,1.0
100,56,1.0,1.0
100,57,1.0,1.0
100,58,1.0,1.0
100,59,1.0,1.0
100,60,1.0,1.0
100,61,1.0,1.0
100,62,1.0,1.0
100,63,1.0,1.0
100,64,1.0,1.0
100,65,1.0,1.0
100,66,1.0,1.0
100,67,1.0,1.0
100,68,1.0,1.0
100,69,1.0,1.0
100,70,1.0,1.0
100,71,1.0,1.0
100,72,1.0,1.0
100,73,1.0,1.0
100,74,1.0,1.0
100,75,1.0,1.0
100,76,1.0,1.0
100,77,1.0,1.0
100,78,1.0,1.0
100,79,1.0,1.0
100,80,1.0,1.0
100,81,1.0,1.0
100,82,1.0,1.0
100,83,1.0,1.0
100,84,1.0,1.0
100,85,1.0,1.0
100,86,1.0,1.0
100,87,1.0,1.0
100,88,1.0,1.0
100,89,1.0,1.0
100,90,1.0,1.0
100,91,1.0,1.0
100,92,1.0,1.0
100,93,1.0,1.0
100,94,1.0,1.0
100,95,1.0,1.0
100,96,1.0,1.0
100,97,1.0,1.0
100,98,1.0,1.0
100,99,1.0,1.0
100,100,1.0,1.0
101,1,0.17,0.0
101,2,0.17,1.0
101,3,0.46,0.3724
101,4,0.46,1.0
101,5,0.62,0.0
101,6,0.76,0.0
101,7,0.84,0.0
101,8,0.88,0.0
101,9,0.92,0.0
101,10,0.94,0.0
101,11,0.95,0.0
101,12,0.97,0.0
101,13,0.98,0.0
101,14,0.99,0.0
101,15,1.0,0.0
101,16,1.0,1.0
101,17,1.0,1.0
101,18,1.0,1.0
101,19,1.0,1.0
101,20,1.0,1.0
101,21,1.0,1.0
101,22,1.0,1.0
101,23,1.0,1.0
101,24,1.0,1.0
101,25,1.0,1.0
101,26,1.0,1.0
101,27,1.0,1.0
101,28,1.0,1.0
101,29,1.0,1.0
101,30,1.0,1.0
101,31,1.0,1.0
101,32,1.0,1.0
101,33,1.0,1.0
101,34,1.0,1.0
101,35,1.0,1.0
101,36,1.0,1.0
101,37,1.0,1.0
101,38,1.0,1.0
101,39,1.0,1.0
101,40,1.0,1.0
101,41,1.0,1.0
101,42,1.0,1.0
101,43,1.0,1.0
101,44,1.0,1.0
101,45,1.0,1.0
101,46,1.0,1.0
101,47,1.0,1.0
101,48,1.0,1.0
101,49,1.0,1.0
101,50,1.0,1.0
101,51,1.0,1.0
101,52,1.0,1.0
101,53,1.0,1.0
101,54,1.0,1.0
101,55,1.0,1.0
101,56,1.0,1.0
101,57,1.0,1.0
101,58,1.0,1.0
101,59,1.0,1.0
101,60,1.0,1.0
101,61,1.0,1.0
101,62,1.0,1.0
101,63,1.0,1.0
101,64,1.0,1.0
101,65,1.0,1.0
101,66,1.0,1.0
101,67,1.0,1.0
101,68,1.0,1.0
101,69,1.0,1.0
101,70,1.0,1.0
101,71,1.0,1.0
101,72,1.0,1.0
101,73,1.0,1.0
101,74,1.0,1.0
101,75,1.0,1.0
101,76,1.0,1.0
101,77,1.0,1.0
101,78,1.0,1.0
101,79,1.0,1.0
101,80,1.0,1.0
101,81,1.0,1.0
101,82,1.0,1.0
101,83,1.0,1.0
101,84,1.0,1.0
101,85,1.0,1.0
101,86,1.0,1.0
101,87,1.0,1.0
101,88,1.0,1.0
101,89,1.0,1.0
101,90,1.0,1.0
101,91,1.0,1.0
101,92,1.0,1.0
101,93,1.0,1.0
101,94,1.0,1.0
101,95,1.0,1.0
101,96,1.0,1.0
101,97,1.0,1.0
101,98,1.0,1.0
101,99,1.0,1.0
101,100,1.0,1.0
102,1,0.14,0.0
102,2,0.14,1.0
102,3,0.25,0.5695
102,4,0.25,1.0
102,5,0.24,1.2613
102,6,0.21,1.0
102,7,0.12,1.4411
102,8,0.11,1.0
102,9,0.09,1.4958
102,10,0.07,1.0
102,11,0.03,1.5282
102,12,0.02,1.0
102,13,0.02,1.495
102,14,0.01,1.0
102,15,0.01,1.4975
102,16,0.01,1.0
102,17,0.0,1.509
102,18,0.0,1.0
102,19,0.0,1.5
102,20,0.0,1.0
102,21,0.0,1.5
102,22,0.0,1.0
102,23,0.0,1.5
102,24,0.0,1.0
102,25,0.0,1.5
102,26,0.0,1.0
102,27,0.0,1.5
102,28,0.0,1.0
102,29,0.0,1.5
102,30,0.0,1.0
102,31,0.0,1.5
102,32,0.0,1.0
102,33,0.0,1.5
102,34,0.0,1.0
102,35,0.0,1.5
102,36,0.0,1.0
102,37,0.0,1.5
102,38,0.0,1.0
102,39,0.0,1.5
102,40,0.0,1.0
102,41,0.0,1.5
102,42,0.0,1.0
102,43,0.0,1.5
102,44,0.0,1.0
102,45,0.0,1.5
102,46,0.0,1.0
102,47,0.0,1.5
102,48,0.0,1.0
102,49,0.0,1.5
102,50,0.0,1.0
102,51,0.0,1.5
102,52,0.0,1.0
102,53,0.0,1.5
102,54,0.0,1.0
102,55,0.0,1.5
102,56,0.0,1.0
102,57,0.0,1.5
102,58,0.0,1.0
102,59,0.0,1.5
102,60,0.0,1.0
102,61,0.0,1.5
102,62,0.0,1.0
102,63,0.0,1.5
102,64,0.0,1.0
102,65,0.0,1.5
102,66,0.0,1.0
102,67,0.0,1.5
102,68,0.0,1.0
102,69,0.0,1.5
102,70,0.0,1.0
102,71,0.0,1.5
102,72,0.0,1.0
102,73,0.0,1.5
102,74,0.0,1.0
102,75,0.0,1.5
102,76,0.0,1.0
102,77,0.0,1.5
102,78,0.0,1.0
102,79,0.0,1.5
102,80,0.0,1.0
102,81,0.0,1.5
102,82,0.0,1.0
102,83,0.0,1.5
102,84,0.0,1.0
102,85,0.0,1.5
102,86,0.0,1.0
102,87,0.0,1.5
102,88,0.0,1.0
102,89,0.0,1.5
102,90,0.0,1.0
102,91,0.0,1.5
102,92,0.0,1.0
102,93,0.0,1.5
102,94,0.0,1.0
102,95,0.0,1.5
102,96,0.0,1.0
102,97,0.0,1.5
102,98,0.0,1.0
102,99,0.0,1.5
102,100,0.0,1.0
103,1,0.2,0.0
103,2,0.2,1.0
103,3,0.53,0.376
103,4,0.53,1.0
103,5,0.64,0.0
103,6,0.7,0.0
103,7,0.81,0.0
103,8,0.87,0.0
103,9,0.9,0.0
103,10,0.92,0.0
103,11,0.94,0.0
103,12,0.96,0.0
103,13,0.97,0.0
103,14,0.98,0.0
103,15,0.99,0.0
103,16,1.0,0.0
103,17,1.0,1.0
103,18,1.0,1.0
103,19,1.0,1.0
103,20,1.0,1.0
103,21,1.0,1.0
103,22,1.0,1.0
103,23,1.0,1.0
103,24,1.0,1.0
103,25,1.0,1.0
103,26,1.0,1.0
103,27,1.0,1.0
103,28,1.0,1.0
103,29,1.0,1.0
103,30,1.0,1.0
103,31,1.0,1.0
103,32,1.0,1.0
103,33,1.0,1.0
103,34,1.0,1.0
103,35,1.0,1.0
103,36,1.0,1.0
103,37,1.0,1.0
103,38,1.0,1.0
103,39,1.0,1.0
103,40,1.0,1.0
103,41,1.0,1.0
103,42,1.0,1.0
103,43,1.0,1.0
103,44,1.0,1.0
103,45,1.0,1.0
103,46,1.0,1.0
103,47,1.0,1.0
103,48,1.0,1.0
103,49,1.0,1.0
103,50,1.0,1.0
103,51,1.0,1.0
103,52,1.0,1.0
103,53,1.0,1.0
103,54,1.0,1.0
103,55,1.0,1.0
103,56,1.0,1.0
103,57,1.0,1.0
103,58,1.0,1.0
103,59,1.0,1.0
103,60,1.0,1.0
103,61,1.0,1.0
103,62,1.0,1.0
103,63,1.0,1.0
103,64,1.0,1.0
103,65,1.0,1.0
103,66,1.0,1.0
103,67,1.0,1.0
103,68,1.0,1.0
103,69,1.0,1.0
103,70,1.0,1.0
103,71,1.0,1.0
103,72,1.0,1.0
103,73,1.0,1.0
103,74,1.0,1.0
103,75,1.0,1.0
103,76,1.0,1.0
103,77,1.0,1.0
103,78,1.0,1.0
103,79,1.0,1.0
103,80,1.0,1.0
103,81,1.0,1.0
103,82,1.0,1.0
103,83,1.0,1.0
103,84,1.0,1.0
103,85,1.0,1.0
103,86,1.0,1.0
103,87,1.0,1.0
103,88,1.0,1.0
103,89,1.0,1.0
103,90,1.0,1.0
103,91,1.0,1.0
103,92,1.0,1.0
103,93,1.0,1.0
103,94,1.0,1.0
103,95,1.0,1.0
103,96,1.0,1.0
103,97,1.0,1.0
103,98,1.0,1.0
103,99,1.0,1.0
103,100,1.0,1.0
104,1,0.19,0.0
104,2,0.19,1.0
104,3,0.59,0.3604
104,4,0.59,1.0
104,5,0.68,0.0
104,6,0.73,0.0
104,7,0.85,0.0
104,8,0.92,0.0
104,9,0.94,0.0
104,10,0.96,0.0
104,11,0.96,1.0
104,12,0.98,0.0
104,13,0.98,1.0
104,14,0.99,0.0
104,15,1.0,0.0
104,16,1.0,1.0
104,17,1.0,1.0
104,18,1.0,1.0
104,19,1.0,1.0
104,20,1.0,1.0
104,21,1.0,1.0
104,22,1.0,1.0
104,23,1.0,1.0
104,24,1.0,1.0
104,25,1.0,1.0
104,26,1.0,1.0
104,27,1.0,1.0
104,28,1.0,1.0
104,29,1.0,1.0
104,30,1.0,1.0
104,31,1.0,1.0
104,32,1.0,1.0
104,33,1.0,1.0
104,34,1.0,1.0
104,35,1.0,1.0
104,36,1.0,1.0
104,37,1.0,1.0
104,38,1.0,1.0
104,39,1.0,1.0
104,40,1.0,1.0
104,41,1.0,1.0
104,42,1.0,1.0
104,43,1.0,1.0
104,44,1.0,1.0
104,45,1.0,1.0
104,46,1.0,1.0
104,47,1.0,1.0
104,48,1.0,1.0
104,49,1.0,1.0
104,50,1.0,1.0
104,51,1.0,1.0
104,52,1.0,1.0
104,53,1.0,1.0
104,54,1.0,1.0
104,55,1.0,1.0
104,56,1.0,1.0
104,57,1.0,1.0
104,58,1.0,1.0
104,59,1.0,1.0
104,60,1.0,1.0
104,61,1.0,1.0
104,62,1.0,1.0
104,63,1.0,1.0
104,64,1.0,1.0
104,65,1.0,1.0
104,66,1.0,1.0
104,67,1.0,1.0
104,68,1.0,1.0
104,69,1.0,1.0
104,70,1.0,1.0
104,71,1.0,1.0
104,72,1.0,1.0
104,73,1.0,1.0
104,74,1.0,1.0
104,75,1.0,1.0
104,76,1.0,1.0
104,77,1.0,1.0
104,78,1.0,1.0
104,79,1.0,1.0
104,80,1.0,1.0
104,81,1.0,1.0
104,82,1.0,1.0
104,83,1.0,1.0
104,84,1.0,1.0
104,85,1.0,1.0
104,86,1.0,1.0
104,87,1.0,1.0
104,88,1.0,1.0
104,89,1.0,1.0
104,90,1.0,1.0
104,91,1.0,1.0
104,92,1.0,1.0
104,93,1.0,1.0
104,94,1.0,1.0
104,95,1.0,1.0
104,96,1.0,1.0
104,97,1.0,1.0
104,98,1.0,1.0
104,99,1.0,1.0
104,100,1.0,1.0
105,1,0.15,0.0
105,2,0.15,1.0
105,3,0.38,0.601
105,4,0.38,1.0
105,5,0.43,0.5806
105,6,0.42,1.0
105,7,0.42,1.1127
105,8,0.4,1.0
105,9,0.37,1.2746
105,10,0.35,1.0
105,11,0.32,1.3106
105,12,0.29,1.0
105,13,0.28,1.3241
105,14,0.22,1.0
105,15,0.15,1.467
105,16,0.12,1.0
105,17,0.09,1.454
105,18,0.08,1.0
105,19,0.03,1.538
105,20,0.03,1.0
105,21,0.01,1.5165
105,22,0.0,1.0
105,23,0.0,1.4995
105,24,0.0,1.0
105,25,0.0,1.5
105,26,0.0,1.0
105,27,0.0,1.5
105,28,0.0,1.0
105,29,0.0,1.5
105,30,0.0,1.0
105,31,0.0,1.5
105,32,0.0,1.0
105,33,0.0,1.5
105,34,0.0,1.0
105,35,0.0,1.5
105,36,0.0,1.0
105,37,0.0,1.5
105,38,0.0,1.0
105,39,0.0,1.5
105,40,0.0,1.0
105,41,0.0,1.5
105,42,0.0,1.0
105,43,0.0,1.5
105,44,0.0,1.0
105,45,0.0,1.5
105,46,0.0,1.0
105,47,0.0,1.5
105,48,0.0,1.0
105,49,0.0,1.5
105,50,0.0,1.0
105,51,0.0,1.5
105,52,0.0,1.0
105,53,0.0,1.5
105,54,0.0,1.0
105,55,0.0,1.5
105,56,0.0,1.0
105,57,0.0,1.5
105,58,0.0,1.0
105,59,0.0,1.5
105,60,0.0,1.0
105,61,0.0,1.5
105,62,0.0,1.0
105,63,0.0,1.5
105,64,0.0,1.0
105,65,0.0,1.5
105,66,0.0,1.0
105,67,0.0,1.5
105,68,0.0,1.0
105,69,0.0,1.5
105,70,0.0,1.0
105,71,0.0,1.5
105,72,0.0,1.0
105,73,0.0,1.5
105,74,0.0,1.0
105,75,0.0,1.5
105,76,0.0,1.0
105,77,0.0,1.5
105,78,0.0,1.0
105,79,0.0,1.5
105,80,0.0,1.0
105,81,0.0,1.5
105,82,0.0,1.0
105,83,0.0,1.5
105,84,0.0,1.0
105,85,0.0,1.5
105,86,0.0,1.0
105,87,0.0,1.5
105,88,0.0,1.0
105,89,0.0,1.5
105,90,0.0,1.0
105,91,0.0,1.5
105,92,0.0,1.0
105,93,0.0,1.5
105,94,0.0,1.0
105,95,0.0,1.5
105,96,0.0,1.0
105,97,0.0,1.5
105,98,0.0,1.0
105,99,0.0,1.5
105,100,0.0,1.0
106,1,0.19,0.0
106,2,0.19,1.0
106,3,0.58,0.3095
106,4,0.58,1.0
106,5,0.7,0.0
106,6,0.83,0.0
106,7,0.91,0.0
106,8,0.94,0.0
106,9,0.96,0.0
106,10,0.99,0.0
106,11,0.99,1.0
106,12,0.99,1.0
106,13,0.99,1.0
106,14,0.99,1.0
106,15,1.0,0.0
106,16,1.0,1.0
106,17,1.0,1.0
106,18,1.0,1.0
106,19,1.0,1.0
106,20,1.0,1.0
106,21,1.0,1.0
106,22,1.0,1.0
106,23,1.0,1.0
106,24,1.0,1.0
106,25,1.0,1.0
106,26,1.0,1.0
106,27,1.0,1.0
106,28,1.0,1.0
106,29,1.0,1.0
106,30,1.0,1.0
106,31,1.0,1.0
106,32,1.0,1.0
106,33,1.0,1.0
106,34,1.0,1.0
106,35,1.0,1.0
106,36,1.0,1.0
106,37,1.0,1.0
106,38,1.0,1.0
106,39,1.0,1.0
106,40,1.0,1.0
106,41,1.0,1.0
106,42,1.0,1.0
106,43,1.0,1.0
106,44,1.0,1.0
106,45,1.0,1.0
106,46,1.0,1.0
106,47,1.0,1.0
106,48,1.0,1.0
106,49,1.0,1.0
106,50,1.0,1.0
106,51,1.0,1.0
106,52,1.0,1.0
106,53,1.0,1.0
106,54,1.0,1.0
106,55,1.0,1.0
106,56,1.0,1.0
106,57,1.0,1.0
106,58,1.0,1.0
106,59,1.0,1.0
106,60,1.0,1.0
106,61,1.0,1.0
106,62,1.0,1.0
106,63,1.0,1.0
106,64,1.0,1.0
106,65,1.0,1.0
106,66,1.0,1.0
106,67,1.0,1.0
106,68,1.0,1.0
106,69,1.0,1.0
106,70,1.0,1.0
106,71,1.0,1.0
106,72,1.0,1.0
106,73,1.0,1.0
106,74,1.0,1.0
106,75,1.0,1.0
106,76,1.0,1.0
106,77,1.0,1.0
106,78,1.0,1.0
106,79,1.0,1.0
106,80,1.0,1.0
106,81,1.0,1.0
106,82,1.0,1.0
106,83,1.0,1.0
106,84,1.0,1.0
106,85,1.0,1.0
106,86,1.0,1.0
106,87,1.0,1.0
106,88,1.0,1.0
106,89,1.0,1.0
106,90,1.0,1.0
106,91,1.0,1.0
106,92,1.0,1.0
106,93,1.0,1.0
106,94,1.0,1.0
106,95,1.0,1.0
106,96,1.0,1.0
106,97,1.0,1.0
106,98,1.0,1.0
106,99,1.0,1.0
106,100,1.0,1.0
107,1,0.13,0.0
107,2,0.13,1.0
107,3,0.33,0.6057
107,4,0.33,1.0
107,5,0.49,0.4098
107,6,0.61,0.0
107,7,0.72,0.0
107,8,0.8,0.0
107,9,0.85,0.0
107,10,0.88,0.0
107,11,0.9,0.0
107,12,0.93,0.0
107,13,0.97,0.0
107,14,0.98,0.0
107,15,0.99,0.0
107,16,0.99,1.0
107,17,1.0,0.0
107,18,1.0,1.0
107,19,1.0,1.0
107,20,1.0,1.0
107,21,1.0,1.0
107,22,1.0,1.0
107,23,1.0,1.0
107,24,1.0,1.0
107,25,1.0,1.0
107,26,1.0,1.0
107,27,1.0,1.0
107,28,1.0,1.0
107,29,1.0,1.0
107,30,1.0,1.0
107,31,1.0,1.0
107,32,1.0,1.0
107,33,1.0,1.0
107,34,1.0,1.0
107,35,1.0,1.0
107,36,1.0,1.0
107,37,1.0,1.0
107,38,1.0,1.0
107,39,1.0,1.0
107,40,1.0,1.0
107,41,1.0,1.0
107,42,1.0,1.0
107,43,1.0,1.0
107,44,1.0,1.0
107,45,1.0,1.0
107,46,1.0,1.0
107,47,1.0,1.0
107,48,1.0,1.0
107,49,1.0,1.0
107,50,1.0,1.0
107,51,1.0,1.0
107,52,1.0,1.0
107,53,1.0,1.0
107,54,1.0,1.0
107,55,1.0,1.0
107,56,1.0,1.0
107,57,1.0,1.0
107,58,1.0,1.0
107,59,1.0,1.0
107,60,1.0,1.0
107,61,1.0,1.0
107,62,1.0,1.0
107,63,1.0,1.0
107,64,1.0,1.0
107,65,1.0,1.0
107,66,1.0,1.0
107,67,1.0,1.0
107,68,1.0,1.0
107,69,1.0,1.0
107,70,1.0,1.0
107,71,1.0,1.0
107,72,1.0,1.0
107,73,1.0,1.0
107,74,1.0,1.0
107,75,1.0,1.0
107,76,1.0,1.0
107,77,1.0,1.0
107,78,1.0,1.0
107,79,1.0,1.0
107,80,1.0,1.0
107,81,1.0,1.0
107,82,1.0,1.0
107,83,1.0,1.0
107,84,1.0,1.0
107,85,1.0,1.0
107,86,1.0,1.0
107,87,1.0,1.0
107,88,1.0,1.0
107,89,1.0,1.0
107,90,1.0,1.0
107,91,1.0,1.0
107,92,1.0,1.0
107,93,1.0,1.0
107,94,1.0,1.0
107,95,1.0,1.0
107,96,1.0,1.0
107,97,1.0,1.0
107,98,1.0,1.0
107,99,1.0,1.0
107,100,1.0,1.0
108,1,0.18,0.0
108,2,0.18,1.0
108,3,0.46,0.4803
108,4,0.46,1.0
108,5,0.62,0.37
108,6,0.69,0.0
108,7,0.83,0.0
108,8,0.86,0.0
108,9,0.9,0.0
108,10,0.92,0.0
108,11,0.94,0.0
108,12,0.94,1.0
108,13,0.94,1.0
108,14,0.99,0.0
108,15,1.0,0.0
108,16,1.0,1.0
108,17,1.0,1.0
108,18,1.0,1.0
108,19,1.0,1.0
108,20,1.0,1.0
108,21,1.0,1.0
108,22,1.0,1.0
108,23,1.0,1.0
108,24,1.0,1.0
108,25,1.0,1.0
108,26,1.0,1.0
108,27,1.0,1.0
108,28,1.0,1.0
108,29,1.0,1.0
108,30,1.0,1.0
108,31,1.0,1.0
108,32,1.0,1.0
108,33,1.0,1.0
108,34,1.0,1.0
108,35,1.0,1.0
108,36,1.0,1.0
108,37,1.0,1.0
108,38,1.0,1.0
108,39,1.0,1.0
108,40,1.0,1.0
108,41,1.0,1.0
108,42,1.0,1.0
108,43,1.0,1.0
108,44,1.0,1.0
108,45,1.0,1.0
108,46,1.0,1.0
108,47,1.0,1.0
108,48,1.0,1.0
108,49,1.0,1.0
108,50,1.0,1.0
108,51,1.0,1.0
108,52,1.0,1.0
108,53,1.0,1.0
108,54,1.0,1.0
108,55,1.0,1.0
108,56,1.0,1.0
108,57,1.0,1.0
108,58,1.0,1.0
108,59,1.0,1.0
108,60,1.0,1.0
108,61,1.0,1.0
108,62,1.0,1.0
108,63,1.0,1.0
108,64,1.0,1.0
108,65,1.0,1.0
108,66,1.0,1.0
108,67,1.0,1.0
108,68,1.0,1.0
108,69,1.0,1.0
108,70,1.0,1.0
108,71,1.0,1.0
108,72,1.0,1.0
108,73,1.0,1.0
108,74,1.0,1.0
108,75,1.0,1.0
108,76,1.0,1.0
108,77,1.0,1.0
108,78,1.0,1.0
108,79,1.0,1.0
108,80,1.0,1.0
108,81,1.0,1.0
108,82,1.0,1.0
108,83,1.0,1.0
108,84,1.0,1.0
108,85,1.0,1.0
108,86,1.0,1.0
108,87,1.0,1.0
108,88,1.0,1.0
108,89,1.0,1.0
108,90,1.0,1.0
108,91,1.0,1.0
108,92,1.0,1.0
108,93,1.0,1.0
108,94,1.0,1.0
108,95,1.0,1.0
108,96,1.0,1.0
108,97,1.0,1.0
108,98,1.0,1.0
108,99,1.0,1.0
108,100,1.0,1.0
109,1,0.17,0.0
109,2,0.17,1.0
109,3,0.46,0.4668
109,4,0.46,1.0
109,5,0.58,0.0
109,6,0.65,0.0
109,7,0.69,0.0
109,8,0.74,0.0
109,9,0.76,0.0
109,10,0.79,0.0
109,11,0.79,1.0
109,12,0.82,0.0
109,13,0.84,0.0
109,14,0.88,0.0
109,15,0.92,0.0
109,16,0.94,0.0
109,17,0.95,0.0
109,18,0.95,1.0
109,19,0.96,0.0
109,20,0.97,0.0
109,21,1.0,0.0
109,22,1.0,1.0
109,23,1.0,1.0
109,24,1.0,1.0
109,25,1.0,1.0
109,26,1.0,1.0
109,27,1.0,1.0
109,28,1.0,1.0
109,29,1.0,1.0
109,30,1.0,1.0
109,31,1.0,1.0
109,32,1.0,1.0
109,33,1.0,1.0
109,34,1.0,1.0
109,35,1.0,1.0
109,36,1.0,1.0
109,37,1.0,1.0
109,38,1.0,1.0
109,39,1.0,1.0
109,40,1.0,1.0
109,41,1.0,1.0
109,42,1.0,1.0
109,43,1.0,1.0
109,44,1.0,1.0
109,45,1.0,1.0
109,46,1.0,1.0
109,47,1.0,1.0
109,48,1.0,1.0
109,49,1.0,1.0
109,50,1.0,1.0
109,51,1.0,1.0
109,52,1.0,1.0
109,53,1.0,1.0
109,54,1.0,1.0
109,55,1.0,1.0
109,56,1.0,1.0
109,57,1.0,1.0
109,58,1.0,1.0
109,59,1.0,1.0
109,60,1.0,1.0
109,61,1.0,1.0
109,62,1.0,1.0
109,63,1.0,1.0
109,64,1.0,1.0
109,65,1.0,1.0
109,66,1.0,1.0
109,67,1.0,1.0
109,68,1.0,1.0
109,69,1.0,1.0
109,70,1.0,1.0
109,71,1.0,1.0
109,72,1.0,1.0
109,73,1.0,1.0
109,74,1.0,1.0
109,75,1.0,1.0
109,76,1.0,1.0
109,77,1.0,1.0
109,78,1.0,1.0
109,79,1.0,1.0
109,80,1.0,1.0
109,81,1.0,1.0
109,82,1.0,1.0
109,83,1.0,1.0
109,84,1.0,1.0
109,85,1.0,1.0
109,86,1.0,1.0
109,87,1.0,1.0
109,88,1.0,1.0
109,89,1.0,1.0
109,90,1.0,1.0
109,91,1.0,1.0
109,92,1.0,1.0
109,93,1.0,1.0
109,94,1.0,1.0
109,95,1.0,1.0
109,96,1.0,1.0
109,97,1.0,1.0
109,98,1.0,1.0
109,99,1.0,1.0
109,100,1.0,1.0
110,1,0.18,0.0
110,2,0.18,1.0
110,3,0.54,0.284
110,4,0.54,1.0
110,5,0.63,0.0
110,6,0.66,0.0
110,7,0.79,0.0
110,8,0.79,1.0
110,9,0.81,0.0
110,10,0.86,0.0
110,11,0.89,0.0
110,12,0.91,0.0
110,13,0.91,1.0
110,14,0.99,0.0
110,15,0.99,1.0
110,16,0.99,1.0
110,17,0.99,1.0
110,18,0.99,1.0
110,19,1.0,0.0
110,20,1.0,1.0
110,21,1.0,1.0
110,22,1.0,1.0
110,23,1.0,1.0
110,24,1.0,1.0
110,25,1.0,1.0
110,26,1.0,1.0
110,27,1.0,1.0
110,28,1.0,1.0
110,29,1.0,1.0
110,30,1.0,1.0
110,31,1.0,1.0
110,32,1.0,1.0
110,33,1.0,1.0
110,34,1.0,1.0
110,35,1.0,1.0
110,36,1.0,1.0
110,37,1.0,1.0
110,38,1.0,1.0
110,39,1.0,1.0
110,40,1.0,1.0
110,41,1.0,1.0
110,42,1.0,1.0
110,43,1.0,1.0
110,44,1.0,1.0
110,45,1.0,1.0
110,46,1.0,1.0
110,47,1.0,1.0
110,48,1.0,1.0
110,49,1.0,1.0
110,50,1.0,1.0
110,51,1.0,1.0
110,52,1.0,1.0
110,53,1.0,1.0
110,54,1.0,1.0
110,55,1.0,1.0
110,56,1.0,1.0
110,57,1.0,1.0
110,58,1.0,1.0
110,59,1.0,1.0
110,60,1.0,1.0
110,61,1.0,1.0
110,62,1.0,1.0
110,63,1.0,1.0
110,64,1.0,1.0
110,65,1.0,1.0
110,66,1.0,1.0
110,67,1.0,1.0
110,68,1.0,1.0
110,69,1.0,1.0
110,70,1.0,1.0
110,71,1.0,1.0
110,72,1.0,1.0
110,73,1.0,1.0
110,74,1.0,1.0
110,75,1.0,1.0
110,76,1.0,1.0
110,77,1.0,1.0
110,78,1.0,1.0
110,79,1.0,1.0
110,80,1.0,1.0
110,81,1.0,1.0
110,82,1.0,1.0
110,83,1.0,1.0
110,84,1.0,1.0
110,85,1.0,1.0
110,86,1.0,1.0
110,87,1.0,1.0
110,88,1.0,1.0
110,89,1.0,1.0
110,90,1.0,1.0
110,91,1.0,1.0
110,92,1.0,1.0
110,93,1.0,1.0
110,94,1.0,1.0
110,95,1.0,1.0
110,96,1.0,1.0
110,97,1.0,1.0
110,98,1.0,1.0
110,99,1.0,1.0
110,100,1.0,1.0
111,1,0.16,0.0
111,2,0.16,1.0
111,3,0.41,0.611
111,4,0.41,1.0
111,5,0.43,0.6335
111,6,0.43,1.0
111,7,0.42,1.1631
111,8,0.42,1.0
111,9,0.41,1.2286
111,10,0.39,1.0
111,11,0.36,1.3196
111,12,0.33,1.0
111,13,0.32,1.3782
111,14,0.3,1.0
111,15,0.27,1.4272
111,16,0.27,1.0
111,17,0.23,1.464
111,18,0.17,1.0
111,19,0.14,1.4795
111,20,0.13,1.0
111,21,0.11,1.488
111,22,0.08,1.0
111,23,0.07,1.492
111,24,0.04,1.0
111,25,0.02,1.5115
111,26,0.01,1.0
111,27,0.01,1.497
111,28,0.01,1.0
111,29,0.01,1.4985
111,30,0.0,1.0
111,31,0.0,1.4995
111,32,0.0,1.0
111,33,0.0,1.5
111,34,0.0,1.0
111,35,0.0,1.5
111,36,0.0,1.0
111,37,0.0,1.5
111,38,0.0,1.0
111,39,0.0,1.5
111,40,0.0,1.0
111,41,0.0,1.5
111,42,0.0,1.0
111,43,0.0,1.5
111,44,0.0,1.0
111,45,0.0,1.5
111,46,0.0,1.0
111,47,0.0,1.5
111,48,0.0,1.0
111,49,0.0,1.5
111,50,0.0,1.0
111,51,0.0,1.5
111,52,0.0,1.0
111,53,0.0,1.5
111,54,0.0,1.0
111,55,0.0,1.5
111,56,0.0,1.0
111,57,0.0,1.5
111,58,0.0,1.0
111,59,0.0,1.5
111,60,0.0,1.0
111,61,0.0,1.5
111,62,0.0,1.0
111,63,0.0,1.5
111,64,0.0,1.0
111,65,0.0,1.5
111,66,0.0,1.0
111,67,0.0,1.5
111,68,0.0,1.0
111,69,0.0,1.5
111,70,0.0,1.0
111,71,0.0,1.5
111,72,0.0,1.0
111,73,0.0,1.5
111,74,0.0,1.0
111,75,0.0,1.5
111,76,0.0,1.0
111,77,0.0,1.5
111,78,0.0,1.0
111,79,0.0,1.5
111,80,0.0,1.0
111,81,0.0,1.5
111,82,0.0,1.0
111,83,0.0,1.5
111,84,0.0,1.0
111,85,0.0,1.5
111,86,0.0,1.0
111,87,0.0,1.5
111,88,0.0,1.0
111,89,0.0,1.5
111,90,0.0,1.0
111,91,0.0,1.5
111,92,0.0,1.0
111,93,0.0,1.5
111,94,0.0,1.0
111,95,0.0,1.5
111,96,0.0,1.0
111,97,0.0,1.5
111,98,0.0,1.0
111,99,0.0,1.5
111,100,0.0,1.0
112,1,0.14,0.0
112,2,0.14,1.0
112,3,0.45,0.5731
112,4,0.45,1.0
112,5,0.71,0.4008
112,6,0.83,0.0
112,7,0.89,0.0
112,8,0.92,0.0
112,9,0.95,0.0
112,10,0.97,0.0
112,11,0.98,0.0
112,12,0.98,1.0
112,13,1.0,0.0
112,14,1.0,1.0
112,15,1.0,1.0
112,16,1.0,1.0
112,17,1.0,1.0
112,18,1.0,1.0
112,19,1.0,1.0
112,20,1.0,1.0
112,21,1.0,1.0
112,22,1.0,1.0
112,23,1.0,1.0
112,24,1.0,1.0
112,25,1.0,1.0
112,26,1.0,1.0
112,27,1.0,1.0
112,28,1.0,1.0
112,29,1.0,1.0
112,30,1.0,1.0
112,31,1.0,1.0
112,32,1.0,1.0
112,33,1.0,1.0
112,34,1.0,1.0
112,35,1.0,1.0
112,36,1.0,1.0
112,37,1.0,1.0
112,38,1.0,1.0
112,39,1.0,1.0
112,40,1.0,1.0
112,41,1.0,1.0
112,42,1.0,1.0
112,43,1.0,1.0
112,44,1.0,1.0
112,45,1.0,1.0
112,46,1.0,1.0
112,47,1.0,1.0
112,48,1.0,1.0
112,49,1.0,1.0
112,50,1.0,1.0
112,51,1.0,1.0
112,52,1.0,1.0
112,53,1.0,1.0
112,54,1.0,1.0
112,55,1.0,1.0
112,56,1.0,1.0
112,57,1.0,1.0
112,58,1.0,1.0
112,59,1.0,1.0
112,60,1.0,1.0
112,61,1.0,1.0
112,62,1.0,1.0
112,63,1.0,1.0
112,64,1.0,1.0
112,65,1.0,1.0
112,66,1.0,1.0
112,67,1.0,1.0
112,68,1.0,1.0
112,69,1.0,1.0
112,70,1.0,1.0
112,71,1.0,1.0
112,72,1.0,1.0
112,73,1.0,1.0
112,74,1.0,1.0
112,75,1.0,1.0
112,76,1.0,1.0
112,77,1.0,1.0
112,78,1.0,1.0
112,79,1.0,1.0
112,80,1.0,1.0
112,81,1.0,1.0
112,82,1.0,1.0
112,83,1.0,1.0
112,84,1.0,1.0
112,85,1.0,1.0
112,86,1.0,1.0
112,87,1.0,1.0
112,88,1.0,1.0
112,89,1.0,1.0
112,90,1.0,1.0
112,91,1.0,1.0
112,92,1.0,1.0
112,93,1.0,1.0
112,94,1.0,1.0
112,95,1.0,1.0
112,96,1.0,1.0
112,97,1.0,1.0
112,98,1.0,1.0
112,99,1.0,1.0
112,100,1.0,1.0
113,1,0.13,0.0
113,2,0.13,1.0
113,3,0.35,0.4936
113,4,0.35,1.0
113,5,0.41,0.5078
113,6,0.42,0.0
113,7,0.45,0.526
113,8,0.45,1.0
113,9,0.44,1.046
113,10,0.44,1.0
113,11,0.44,1.0485
113,12,0.42,1.0
113,13,0.42,1.1118
113,14,0.41,1.0
113,15,0.38,1.2055
113,16,0.36,1.0
113,17,0.36,1.1925
113,18,0.36,1.0
113,19,0.35,1.2725
113,20,0.33,1.0
113,21,0.29,1.378
113,22,0.25,1.0
113,23,0.24,1.3755
113,24,0.24,1.0
113,25,0.2,1.43
113,26,0.15,1.0
113,27,0.12,1.4445
113,28,0.07,1.0
113,29,0.07,1.482
113,30,0.05,1.0
113,31,0.04,1.501
113,32,0.02,1.0
113,33,0.0,1.517
113,34,0.0,1.0
113,35,0.0,1.5
113,36,0.0,1.0
113,37,0.0,1.5
113,38,0.0,1.0
113,39,0.0,1.5
113,40,0.0,1.0
113,41,0.0,1.5
113,42,0.0,1.0
113,43,0.0,1.5
113,44,0.0,1.0
113,45,0.0,1.5
113,46,0.0,1.0
113,47,0.0,1.5
113,48,0.0,1.0
113,49,0.0,1.5
113,50,0.0,1.0
113,51,0.0,1.5
113,52,0.0,1.0
113,53,0.0,1.5
113,54,0.0,1.0
113,55,0.0,1.5
113,56,0.0,1.0
113,57,0.0,1.5
113,58,0.0,1.0
113,59,0.0,1.5
113,60,0.0,1.0
113,61,0.0,1.5
113,62,0.0,1.0
113,63,0.0,1.5
113,64,0.0,1.0
113,65,0.0,1.5
113,66,0.0,1.0
113,67,0.0,1.5
113,68,0.0,1.0
113,69,0.0,1.5
113,70,0.0,1.0
113,71,0.0,1.5
113,72,0.0,1.0
113,73,0.0,1.5
113,74,0.0,1.0
113,75,0.0,1.5
113,76,0.0,1.0
113,77,0.0,1.5
113,78,0.0,1.0
113,79,0.0,1.5
113,80,0.0,1.0
113,81,0.0,1.5
113,82,0.0,1.0
113,83,0.0,1.5
113,84,0.0,1.0
113,85,0.0,1.5
113,86,0.0,1.0
113,87,0.0,1.5
113,88,0.0,1.0
113,89,0.0,1.5
113,90,0.0,1.0
113,91,0.0,1.5
113,92,0.0,1.0
113,93,0.0,1.5
113,94,0.0,1.0
113,95,0.0,1.5
113,96,0.0,1.0
113,97,0.0,1.5
113,98,0.0,1.0
113,99,0.0,1.5
113,100,0.0,1.0
114,1,0.16,0.0
114,2,0.16,1.0
114,3,0.51,0.3813
114,4,0.51,1.0
114,5,0.66,0.0
114,6,0.73,0.0
114,7,0.86,0.0
114,8,0.9,0.0
114,9,0.92,0.0
114,10,0.92,1.0
114,11,0.92,1.0
114,12,0.97,0.0
114,13,0.98,0.0
114,14,1.0,0.0
114,15,1.0,1.0
114,16,1.0,1.0
114,17,1.0,1.0
114,18,1.0,1.0
114,19,1.0,1.0
114,20,1.0,1.0
114,21,1.0,1.0
114,22,1.0,1.0
114,23,1.0,1.0
114,24,1.0,1.0
114,25,1.0,1.0
114,26,1.0,1.0
114,27,1.0,1.0
114,28,1.0,1.0
114,29,1.0,1.0
114,30,1.0,1.0
114,31,1.0,1.0
114,32,1.0,1.0
114,33,1.0,1.0
114,34,1.0,1.0
114,35,1.0,1.0
114,36,1.0,1.0
114,37,1.0,1.0
114,38,1.0,1.0
114,39,1.0,1.0
114,40,1.0,1.0
114,41,1.0,1.0
114,42,1.0,1.0
114,43,1.0,1.0
114,44,1.0,1.0
114,45,1.0,1.0
114,46,1.0,1.0
114,47,1.0,1.0
114,48,1.0,1.0
114,49,1.0,1.0
114,50,1.0,1.0
114,51,1.0,1.0
114,52,1.0,1.0
114,53,1.0,1.0
114,54,1.0,1.0
114,55,1.0,1.0
114,56,1.0,1.0
114,57,1.0,1.0
114,58,1.0,1.0
114,59,1.0,1.0
114,60,1.0,1.0
114,61,1.0,1.0
114,62,1.0,1.0
114,63,1.0,1.0
114,64,1.0,1.0
114,65,1.0,1.0
114,66,1.0,1.0
114,67,1.0,1.0
114,68,1.0,1.0
114,69,1.0,1.0
114,70,1.0,1.0
114,71,1.0,1.0
114,72,1.0,1.0
114,73,1.0,1.0
114,74,1.0,1.0
114,75,1.0,1.0
114,76,1.0,1.0
114,77,1.0,1.0
114,78,1.0,1.0
114,79,1.0,1.0
114,80,1.0,1.0
114,81,1.0,1.0
114,82,1.0,1.0
114,83,1.0,1.0
114,84,1.0,1.0
114,85,1.0,1.0
114,86,1.0,1.0
114,87,1.0,1.0
114,88,1.0,1.0
114,89,1.0,1.0
114,90,1.0,1.0
114,91,1.0,1.0
114,92,1.0,1.0
114,93,1.0,1.0
114,94,1.0,1.0
114,95,1.0,1.0
114,96,1.0,1.0
114,97,1.0,1.0
114,98,1.0,1.0
114,99,1.0,1.0
114,100,1.0,1.0
115,1,0.11,0.0
115,2,0.11,1.0
115,3,0.24,0.6514
115,4,0.24,1.0
115,5,0.24,1.226
115,6,0.23,1.0
115,7,0.19,1.419
115,8,0.18,1.0
115,9,0.15,1.483
115,10,0.13,1.0
115,11,0.09,1.5119
115,12,0.05,1.0
115,13,0.04,1.4973
115,14,0.04,1.0
115,15,0.03,1.503
115,16,0.02,1.0
115,17,0.01,1.5075
115,18,0.0,1.0
115,19,0.0,1.4995
115,20,0.0,1.0
115,21,0.0,1.5
115,22,0.0,1.0
115,23,0.0,1.5
115,24,0.0,1.0
115,25,0.0,1.5
115,26,0.0,1.0
115,27,0.0,1.5
115,28,0.0,1.0
115,29,0.0,1.5
115,30,0.0,1.0
115,31,0.0,1.5
115,32,0.0,1.0
115,33,0.0,1.5
115,34,0.0,1.0
115,35,0.0,1.5
115,36,0.0,1.0
115,37,0.0,1.5
115,38,0.0,1.0
115,39,0.0,1.5
115,40,0.0,1.0
115,41,0.0,1.5
115,42,0.0,1.0
115,43,0.0,1.5
115,44,0.0,1.0
115,45,0.0,1.5
115,46,0.0,1.0
115,47,0.0,1.5
115,48,0.0,1.0
115,49,0.0,1.5
115,50,0.0,1.0
115,51,0.0,1.5
115,52,0.0,1.0
115,53,0.0,1.5
115,54,0.0,1.0
115,55,0.0,1.5
115,56,0.0,1.0
115,57,0.0,1.5
115,58,0.0,1.0
115,59,0.0,1.5
115,60,0.0,1.0
115,61,0.0,1.5
115,62,0.0,1.0
115,63,0.0,1.5
115,64,0.0,1.0
115,65,0.0,1.5
115,66,0.0,1.0
115,67,0.0,1.5
115,68,0.0,1.0
115,69,0.0,1.5
115,70,0.0,1.0
115,71,0.0,1.5
115,72,0.0,1.0
115,73,0.0,1.5
115,74,0.0,1.0
115,75,0.0,1.5
115,76,0.0,1.0
115,77,0.0,1.5
115,78,0.0,1.0
115,79,0.0,1.5
115,80,0.0,1.0
115,81,0.0,1.5
115,82,0.0,1.0
115,83,0.0,1.5
115,84,0.0,1.0
115,85,0.0,1.5
115,86,0.0,1.0
115,87,0.0,1.5
115,88,0.0,1.0
115,89,0.0,1.5
115,90,0.0,1.0
115,91,0.0,1.5
115,92,0.0,1.0
115,93,0.0,1.5
115,94,0.0,1.0
115,95,0.0,1.5
115,96,0.0,1.0
115,97,0.0,1.5
115,98,0.0,1.0
115,99,0.0,1.5
115,100,0.0,1.0
116,1,0.26,0.0
116,2,0.26,1.0
116,3,0.75,0.1198
116,4,0.75,1.0
116,5,0.84,0.0
116,6,0.9,0.0
116,7,0.95,0.0
116,8,0.97,0.0
116,9,0.98,0.0
116,10,0.98,1.0
116,11,0.98,1.0
116,12,0.99,0.0
116,13,1.0,0.0
116,14,1.0,1.0
116,15,1.0,1.0
116,16,1.0,1.0
116,17,1.0,1.0
116,18,1.0,1.0
116,19,1.0,1.0
116,20,1.0,1.0
116,21,1.0,1.0
116,22,1.0,1.0
116,23,1.0,1.0
116,24,1.0,1.0
116,25,1.0,1.0
116,26,1.0,1.0
116,27,1.0,1.0
116,28,1.0,1.0
116,29,1.0,1.0
116,30,1.0,1.0
116,31,1.0,1.0
116,32,1.0,1.0
116,33,1.0,1.0
116,34,1.0,1.0
116,35,1.0,1.0
116,36,1.0,1.0
116,37,1.0,1.0
116,38,1.0,1.0
116,39,1.0,1.0
116,40,1.0,1.0
116,41,1.0,1.0
116,42,1.0,1.0
116,43,1.0,1.0
116,44,1.0,1.0
116,45,1.0,1.0
116,46,1.0,1.0
116,47,1.0,1.0
116,48,1.0,1.0
116,49,1.0,1.0
116,50,1.0,1.0
116,51,1.0,1.0
116,52,1.0,1.0
116,53,1.0,1.0
116,54,1.0,1.0
116,55,1.0,1.0
116,56,1.0,1.0
116,57,1.0,1.0
116,58,1.0,1.0
116,59,1.0,1.0
116,60,1.0,1.0
116,61,1.0,1.0
116,62,1.0,1.0
116,63,1.0,1.0
116,64,1.0,1.0
116,65,1.0,1.0
116,66,1.0,1.0
116,67,1.0,1.0
116,68,1.0,1.0
116,69,1.0,1.0
116,70,1.0,1.0
116,71,1.0,1.0
116,72,1.0,1.0
116,73,1.0,1.0
116,74,1.0,1.0
116,75,1.0,1.0
116,76,1.0,1.0
116,77,1.0,1.0
116,78,1.0,1.0
116,79,1.0,1.0
116,80,1.0,1.0
116,81,1.0,1.0
116,82,1.0,1.0
116,83,1.0,1.0
116,84,1.0,1.0
116,85,1.0,1.0
116,86,1.0,1.0
116,87,1.0,1.0
116,88,1.0,1.0
116,89,1.0,1.0
116,90,1.0,1.0
116,91,1.0,1.0
116,92,1.0,1.0
116,93,1.0,1.0
116,94,1.0,1.0
116,95,1.0,1.0
116,96,1.0,1.0
116,97,1.0,1.0
116,98,1.0,1.0
116,99,1.0,1.0
116,100,1.0,1.0
117,1,0.12,0.0
117,2,0.12,1.0
117,3,0.26,0.7295
117,4,0.26,1.0
117,5,0.25,1.4258
117,6,0.2,1.0
117,7,0.08,1.5794
117,8,0.07,1.0
117,9,0.07,1.4809
117,10,0.05,1.0
117,11,0.05,1.489
117,12,0.03,1.0
117,13,0.01,1.515
117,14,0.01,1.0
117,15,0.0,1.509
117,16,0.0,1.0
117,17,0.0,1.5
117,18,0.0,1.0
117,19,0.0,1.5
117,20,0.0,1.0
117,21,0.0,1.5
117,22,0.0,1.0
117,23,0.0,1.5
117,24,0.0,1.0
117,25,0.0,1.5
117,26,0.0,1.0
117,27,0.0,1.5
117,28,0.0,1.0
117,29,0.0,1.5
117,30,0.0,1.0
117,31,0.0,1.5
117,32,0.0,1.0
117,33,0.0,1.5
117,34,0.0,1.0
117,35,0.0,1.5
117,36,0.0,1.0
117,37,0.0,1.5
117,38,0.0,1.0
117,39,0.0,1.5
117,40,0.0,1.0
117,41,0.0,1.5
117,42,0.0,1.0
117,43,0.0,1.5
117,44,0.0,1.0
117,45,0.0,1.5
117,46,0.0,1.0
117,47,0.0,1.5
117,48,0.0,1.0
117,49,0.0,1.5
117,50,0.0,1.0
117,51,0.0,1.5
117,52,0.0,1.0
117,53,0.0,1.5
117,54,0.0,1.0
117,55,0.0,1.5
117,56,0.0,1.0
117,57,0.0,1.5
117,58,0.0,1.0
117,59,0.0,1.5
117,60,0.0,1.0
117,61,0.0,1.5
117,62,0.0,1.0
117,63,0.0,1.5
117,64,0.0,1.0
117,65,0.0,1.5
117,66,0.0,1.0
117,67,0.0,1.5
117,68,0.0,1.0
117,69,0.0,1.5
117,70,0.0,1.0
117,71,0.0,1.5
117,72,0.0,1.0
117,73,0.0,1.5
117,74,0.0,1.0
117,75,0.0,1.5
117,76,0.0,1.0
117,77,0.0,1.5
117,78,0.0,1.0
117,79,0.0,1.5
117,80,0.0,1.0
117,81,0.0,1.5
117,82,0.0,1.0
117,83,0.0,1.5
117,84,0.0,1.0
117,85,0.0,1.5
117,86,0.0,1.0
117,87,0.0,1.5
117,88,0.0,1.0
117,89,0.0,1.5
117,90,0.0,1.0
117,91,0.0,1.5
117,92,0.0,1.0
117,93,0.0,1.5
117,94,0.0,1.0
117,95,0.0,1.5
117,96,0.0,1.0
117,97,0.0,1.5
117,98,0.0,1.0
117,99,0.0,1.5
117,100,0.0,1.0
118,1,0.16,0.0
118,2,0.16,1.0
118,3,0.51,0.265
118,4,0.51,1.0
118,5,0.68,0.0
118,6,0.78,0.0
118,7,0.92,0.0
118,8,0.93,0.0
118,9,0.94,0.0
118,10,0.97,0.0
118,11,0.98,0.0
118,12,1.0,0.0
118,13,1.0,1.0
118,14,1.0,1.0
118,15,1.0,1.0
118,16,1.0,1.0
118,17,1.0,1.0
118,18,1.0,1.0
118,19,1.0,1.0
118,20,1.0,1.0
118,21,1.0,1.0
118,22,1.0,1.0
118,23,1.0,1.0
118,24,1.0,1.0
118,25,1.0,1.0
118,26,1.0,1.0
118,27,1.0,1.0
118,28,1.0,1.0
118,29,1.0,1.0
118,30,1.0,1.0
118,31,1.0,1.0
118,32,1.0,1.0
118,33,1.0,1.0
118,34,1.0,1.0
118,35,1.0,1.0
118,36,1.0,1.0
118,37,1.0,1.0
118,38,1.0,1.0
118,39,1.0,1.0
118,40,1.0,1.0
118,41,1.0,1.0
118,42,1.0,1.0
118,43,1.0,1.0
118,44,1.0,1.0
118,45,1.0,1.0
118,46,1.0,1.0
118,47,1.0,1.0
118,48,1.0,1.0
118,49,1.0,1.0
118,50,1.0,1.0
118,51,1.0,1.0
118,52,1.0,1.0
118,53,1.0,1.0
118,54,1.0,1.0
118,55,1.0,1.0
118,56,1.0,1.0
118,57,1.0,1.0
118,58,1.0,1.0
118,59,1.0,1.0
118,60,1.0,1.0
118,61,1.0,1.0
118,62,1.0,1.0
118,63,1.0,1.0
118,64,1.0,1.0
118,65,1.0,1.0
118,66,1.0,1.0
118,67,1.0,1.0
118,68,1.0,1.0
118,69,1.0,1.0
118,70,1.0,1.0
118,71,1.0,1.0
118,72,1.0,1.0
118,73,1.0,1.0
118,74,1.0,1.0
118,75,1.0,1.0
118,76,1.0,1.0
118,77,1.0,1.0
118,78,1.0,1.0
118,79,1.0,1.0
118,80,1.0,1.0
118,81,1.0,1.0
118,82,1.0,1.0
118,83,1.0,1.0
118,84,1.0,1.0
118,85,1.0,1.0
118,86,1.0,1.0
118,87,1.0,1.0
118,88,1.0,1.0
118,89,1.0,1.0
118,90,1.0,1.0
118,91,1.0,1.0
118,92,1.0,1.0
118,93,1.0,1.0
118,94,1.0,1.0
118,95,1.0,1.0
118,96,1.0,1.0
118,97,1.0,1.0
118,98,1.0,1.0
118,99,1.0,1.0
118,100,1.0,1.0
119,1,0.11,0.0
119,2,0.11,1.0
119,3,0.26,0.5832
119,4,0.26,1.0
119,5,0.3,0.64
119,6,0.29,1.0
119,7,0.26,1.2782
119,8,0.24,1.0
119,9,0.19,1.2858
119,10,0.15,1.0
119,11,0.12,1.393
119,12,0.11,1.0
119,13,0.07,1.4205
119,14,0.03,1.0
119,15,0.03,1.442
119,16,0.01,1.0
119,17,0.01,1.4965
119,18,0.01,1.0
119,19,0.01,1.4985
119,20,0.0,1.0
119,21,0.0,1.4995
119,22,0.0,1.0
119,23,0.0,1.5
119,24,0.0,1.0
119,25,0.0,1.5
119,26,0.0,1.0
119,27,0.0,1.5
119,28,0.0,1.0
119,29,0.0,1.5
119,30,0.0,1.0
119,31,0.0,1.5
119,32,0.0,1.0
119,33,0.0,1.5
119,34,0.0,1.0
119,35,0.0,1.5
119,36,0.0,1.0
119,37,0.0,1.5
119,38,0.0,1.0
119,39,0.0,1.5
119,40,0.0,1.0
119,41,0.0,1.5
119,42,0.0,1.0
119,43,0.0,1.5
119,44,0.0,1.0
119,45,0.0,1.5
119,46,0.0,1.0
119,47,0.0,1.5
119,48,0.0,1.0
119,49,0.0,1.5
119,50,0.0,1.0
119,51,0.0,1.5
119,52,0.0,1.0
119,53,0.0,1.5
119,54,0.0,1.0
119,55,0.0,1.5
119,56,0.0,1.0
119,57,0.0,1.5
119,58,0.0,1.0
119,59,0.0,1.5
119,60,0.0,1.0
119,61,0.0,1.5
119,62,0.0,1.0
119,63,0.0,1.5
119,64,0.0,1.0
119,65,0.0,1.5
119,66,0.0,1.0
119,67,0.0,1.5
119,68,0.0,1.0
119,69,0.0,1.5
119,70,0.0,1.0
119,71,0.0,1.5
119,72,0.0,1.0
119,73,0.0,1.5
119,74,0.0,1.0
119,75,0.0,1.5
119,76,0.0,1.0
119,77,0.0,1.5
119,78,0.0,1.0
119,79,0.0,1.5
119,80,0.0,1.0
119,81,0.0,1.5
119,82,0.0,1.0
119,83,0.0,1.5
119,84,0.0,1.0
119,85,0.0,1.5
119,86,0.0,1.0
119,87,0.0,1.5
119,88,0.0,1.0
119,89,0.0,1.5
119,90,0.0,1.0
119,91,0.0,1.5
119,92,0.0,1.0
119,93,0.0,1.5
119,94,0.0,1.0
119,95,0.0,1.5
119,96,0.0,1.0
119,97,0.0,1.5
119,98,0.0,1.0
119,99,0.0,1.5
119,100,0.0,1.0
120,1,0.18,0.0
120,2,0.18,1.0
120,3,0.57,0.4977
120,4,0.57,1.0
120,5,0.68,0.3824
120,6,0.82,0.0
120,7,0.93,0.0
120,8,0.98,0.0
120,9,0.99,0.0
120,10,0.99,1.0
120,11,0.99,1.0
120,12,0.99,1.0
120,13,1.0,0.0
120,14,1.0,1.0
120,15,1.0,1.0
120,16,1.0,1.0
120,17,1.0,1.0
120,18,1.0,1.0
120,19,1.0,1.0
120,20,1.0,1.0
120,21,1.0,1.0
120,22,1.0,1.0
120,23,1.0,1.0
120,24,1.0,1.0
120,25,1.0,1.0
120,26,1.0,1.0
120,27,1.0,1.0
120,28,1.0,1.0
120,29,1.0,1.0
120,30,1.0,1.0
120,31,1.0,1.0
120,32,1.0,1.0
120,33,1.0,1.0
120,34,1.0,1.0
120,35,1.0,1.0
120,36,1.0,1.0
120,37,1.0,1.0
120,38,1.0,1.0
120,39,1.0,1.0
120,40,1.0,1.0
120,41,1.0,1.0
120,42,1.0,1.0
120,43,1.0,1.0
120,44,1.0,1.0
120,45,1.0,1.0
120,46,1.0,1.0
120,47,1.0,1.0
120,48,1.0,1.0
120,49,1.0,1.0
120,50,1.0,1.0
120,51,1.0,1.0
120,52,1.0,1.0
120,53,1.0,1.0
120,54,1.0,1.0
120,55,1.0,1.0
120,56,1.0,1.0
120,57,1.0,1.0
120,58,1.0,1.0
120,59,1.0,1.0
120,60,1.0,1.0
120,61,1.0,1.0
120,62,1.0,1.0
120,63,1.0,1.0
120,64,1.0,1.0
120,65,1.0,1.0
120,66,1.0,1.0
120,67,1.0,1.0
120,68,1.0,1.0
120,69,1.0,1.0
120,70,1.0,1.0
120,71,1.0,1.0
120,72,1.0,1.0
120,73,1.0,1.0
120,74,1.0,1.0
120,75,1.0,1.0
120,76,1.0,1.0
120,77,1.0,1.0
120,78,1.0,1.0
120,79,1.0,1.0
120,80,1.0,1.0
120,81,1.0,1.0
120,82,1.0,1.0
120,83,1.0,1.0
120,84,1.0,1.0
120,85,1.0,1.0
120,86,1.0,1.0
120,87,1.0,1.0
120,88,1.0,1.0
120,89,1.0,1.0
120,90,1.0,1.0
120,91,1.0,1.0
120,92,1.0,1.0
120,93,1.0,1.0
120,94,1.0,1.0
120,95,1.0,1.0
120,96,1.0,1.0
120,97,1.0,1.0
120,98,1.0,1.0
120,99,1.0,1.0
120,100,1.0,1.0
121,1,0.19,0.0
121,2,0.19,1.0
121,3,0.55,0.3213
121,4,0.55,1.0
121,5,0.65,0.0
121,6,0.7,0.0
121,7,0.88,0.0
121,8,0.9,0.0
121,9,0.91,0.0
121,10,0.94,0.0
121,11,0.96,0.0
121,12,0.96,1.0
121,13,0.96,1.0
121,14,1.0,0.0
121,15,1.0,1.0
121,16,1.0,1.0
121,17,1.0,1.0
121,18,1.0,1.0
121,19,1.0,1.0
121,20,1.0,1.0
121,21,1.0,1.0
121,22,1.0,1.0
121,23,1.0,1.0
121,24,1.0,1.0
121,25,1.0,1.0
121,26,1.0,1.0
121,27,1.0,1.0
121,28,1.0,1.0
121,29,1.0,1.0
121,30,1.0,1.0
121,31,1.0,1.0
121,32,1.0,1.0
121,33,1.0,1.0
121,34,1.0,1.0
121,35,1.0,1.0
121,36,1.0,1.0
121,37,1.0,1.0
121,38,1.0,1.0
121,39,1.0,1.0
121,40,1.0,1.0
121,41,1.0,1.0
121,42,1.0,1.0
121,43,1.0,1.0
121,44,1.0,1.0
121,45,1.0,1.0
121,46,1.0,1.0
121,47,1.0,1.0
121,48,1.0,1.0
121,49,1.0,1.0
121,50,1.0,1.0
121,51,1.0,1.0
121,52,1.0,1.0
121,53,1.0,1.0
121,54,1.0,1.0
121,55,1.0,1.0
121,56,1.0,1.0
121,57,1.0,1.0
121,58,1.0,1.0
121,59,1.0,1.0
121,60,1.0,1.0
121,61,1.0,1.0
121,62,1.0,1.0
121,63,1.0,1.0
121,64,1.0,1.0
121,65,1.0,1.0
121,66,1.0,1.0
121,67,1.0,1.0
121,68,1.0,1.0
121,69,1.0,1.0
121,70,1.0,1.0
121,71,1.0,1.0
121,72,1.0,1.0
121,73,1.0,1.0
121,74,1.0,1.0
121,75,1.0,1.0
121,76,1.0,1.0
121,77,1.0,1.0
121,78,1.0,1.0
121,79,1.0,1.0
121,80,1.0,1.0
121,81,1.0,1.0
121,82,1.0,1.0
121,83,1.0,1.0
121,84,1.0,1.0
121,85,1.0,1.0
121,86,1.0,1.0
121,87,1.0,1.0
121,88,1.0,1.0
121,89,1.0,1.0
121,90,1.0,1.0
121,91,1.0,1.0
121,92,1.0,1.0
121,93,1.0,1.0
121,94,1.0,1.0
121,95,1.0,1.0
121,96,1.0,1.0
121,97,1.0,1.0
121,98,1.0,1.0
121,99,1.0,1.0
121,100,1.0,1.0
122,1,0.17,0.0
122,2,0.17,1.0
122,3,0.36,0.4641
122,4,0.36,1.0
122,5,0.39,0.0
122,6,0.39,1.0
122,7,0.37,1.2109
122,8,0.36,1.0
122,9,0.34,1.2389
122,10,0.32,1.0
122,11,0.27,1.3964
122,12,0.23,1.0
122,13,0.22,1.3836
122,14,0.16,1.0
122,15,0.16,1.397
122,16,0.15,1.0
122,17,0.12,1.4965
122,18,0.08,1.0
122,19,0.06,1.5025
122,20,0.05,1.0
122,21,0.02,1.5225
122,22,0.02,1.0
122,23,0.01,1.5075
122,24,0.0,1.0
122,25,0.0,1.4995
122,26,0.0,1.0
122,27,0.0,1.5
122,28,0.0,1.0
122,29,0.0,1.5
122,30,0.0,1.0
122,31,0.0,1.5
122,32,0.0,1.0
122,33,0.0,1.5
122,34,0.0,1.0
122,35,0.0,1.5
122,36,0.0,1.0
122,37,0.0,1.5
122,38,0.0,1.0
122,39,0.0,1.5
122,40,0.0,1.0
122,41,0.0,1.5
122,42,0.0,1.0
122,43,0.0,1.5
122,44,0.0,1.0
122,45,0.0,1.5
122,46,0.0,1.0
122,47,0.0,1.5
122,48,0.0,1.0
122,49,0.0,1.5
122,50,0.0,1.0
122,51,0.0,1.5
122,52,0.0,1.0
122,53,0.0,1.5
122,54,0.0,1.0
122,55,0.0,1.5
122,56,0.0,1.0
122,57,0.0,1.5
122,58,0.0,1.0
122,59,0.0,1.5
122,60,0.0,1.0
122,61,0.0,1.5
122,62,0.0,1.0
122,63,0.0,1.5
122,64,0.0,1.0
122,65,0.0,1.5
122,66,0.0,1.0
122,67,0.0,1.5
122,68,0.0,1.0
122,69,0.0,1.5
122,70,0.0,1.0
122,71,0.0,1.5
122,72,0.0,1.0
122,73,0.0,1.5
122,74,0.0,1.0
122,75,0.0,1.5
122,76,0.0,1.0
122,77,0.0,1.5
122,78,0.0,1.0
122,79,0.0,1.5
122,80,0.0,1.0
122,81,0.0,1.5
122,82,0.0,1.0
122,83,0.0,1.5
122,84,0.0,1.0
122,85,0.0,1.5
122,86,0.0,1.0
122,87,0.0,1.5
122,88,0.0,1.0
122,89,0.0,1.5
122,90,0.0,1.0
122,91,0.0,1.5
122,92,0.0,1.0
122,93,0.0,1.5
122,94,0.0,1.0
122,95,0.0,1.5
122,96,0.0,1.0
122,97,0.0,1.5
122,98,0.0,1.0
122,99,0.0,1.5
122,100,0.0,1.0
123,1,0.15,0.0
123,2,0.15,1.0
123,3,0.42,0.3659
123,4,0.42,1.0
123,5,0.55,0.0
123,6,0.62,0.0
123,7,0.69,0.0
123,8,0.73,0.0
123,9,0.75,0.0
123,10,0.78,0.0
123,11,0.8,0.0
123,12,0.85,0.0
123,13,0.86,0.0
123,14,0.91,0.0
123,15,0.96,0.0
123,16,0.99,0.0
123,17,0.99,1.0
123,18,0.99,1.0
123,19,1.0,0.0
123,20,1.0,1.0
123,21,1.0,1.0
123,22,1.0,1.0
123,23,1.0,1.0
123,24,1.0,1.0
123,25,1.0,1.0
123,26,1.0,1.0
123,27,1.0,1.0
123,28,1.0,1.0
123,29,1.0,1.0
123,30,1.0,1.0
123,31,1.0,1.0
123,32,1.0,1.0
123,33,1.0,1.0
123,34,1.0,1.0
123,35,1.0,1.0
123,36,1.0,1.0
123,37,1.0,1.0
123,38,1.0,1.0
123,39,1.0,1.0
123,40,1.0,1.0
123,41,1.0,1.0
123,42,1.0,1.0
123,43,1.0,1.0
123,44,1.0,1.0
123,45,1.0,1.0
123,46,1.0,1.0
123,47,1.0,1.0
123,48,1.0,1.0
123,49,1.0,1.0
123,50,1.0,1.0
123,51,1.0,1.0
123,52,1.0,1.0
123,53,1.0,1.0
123,54,1.0,1.0
123,55,1.0,1.0
123,56,1.0,1.0
123,57,1.0,1.0
123,58,1.0,1.0
123,59,1.0,1.0
123,60,1.0,1.0
123,61,1.0,1.0
123,62,1.0,1.0
123,63,1.0,1.0
123,64,1.0,1.0
123,65,1.0,1.0
123,66,1.0,1.0
123,67,1.0,1.0
123,68,1.0,1.0
123,69,1.0,1.0
123,70,1.0,1.0
123,71,1.0,1.0
123,72,1.0,1.0
123,73,1.0,1.0
123,74,1.0,1.0
123,75,1.0,1.0
123,76,1.0,1.0
123,77,1.0,1.0
123,78,1.0,1.0
123,79,1.0,1.0
123,80,1.0,1.0
123,81,1.0,1.0
123,82,1.0,1.0
123,83,1.0,1.0
123,84,1.0,1.0
123,85,1.0,1.0
123,86,1.0,1.0
123,87,1.0,1.0
123,88,1.0,1.0
123,89,1.0,1.0
123,90,1.0,1.0
123,91,1.0,1.0
123,92,1.0,1.0
123,93,1.0,1.0
123,94,1.0,1.0
123,95,1.0,1.0
123,96,1.0,1.0
123,97,1.0,1.0
123,98,1.0,1.0
123,99,1.0,1.0
123,100,1.0,1.0
124,1,0.17,0.0
124,2,0.17,1.0
124,3,0.55,0.253
124,4,0.55,1.0
124,5,0.69,0.0
124,6,0.79,0.0
124,7,0.91,0.0
124,8,0.96,0.0
124,9,0.99,0.0
124,10,0.99,1.0
124,11,0.99,1.0
124,12,0.99,1.0
124,13,0.99,1.0
124,14,1.0,0.0
124,15,1.0,1.0
124,16,1.0,1.0
124,17,1.0,1.0
124,18,1.0,1.0
124,19,1.0,1.0
124,20,1.0,1.0
124,21,1.0,1.0
124,22,1.0,1.0
124,23,1.0,1.0
124,24,1.0,1.0
124,25,1.0,1.0
124,26,1.0,1.0
124,27,1.0,1.0
124,28,1.0,1.0
124,29,1.0,1.0
124,30,1.0,1.0
124,31,1.0,1.0
124,32,1.0,1.0
124,33,1.0,1.0
124,34,1.0,1.0
124,35,1.0,1.0
124,36,1.0,1.0
124,37,1.0,1.0
124,38,1.0,1.0
124,39,1.0,1.0
124,40,1.0,1.0
124,41,1.0,1.0
124,42,1.0,1.0
124,43,1.0,1.0
124,44,1.0,1.0
124,45,1.0,1.0
124,46,1.0,1.0
124,47,1.0,1.0
124,48,1.0,1.0
124,49,1.0,1.0
124,50,1.0,1.0
124,51,1.0,1.0
124,52,1.0,1.0
124,53,1.0,1.0
124,54,1.0,1.0
124,55,1.0,1.0
124,56,1.0,1.0
124,57,1.0,1.0
124,58,1.0,1.0
124,59,1.0,1.0
124,60,1.0,1.0
124,61,1.0,1.0
124,62,1.0,1.0
124,63,1.0,1.0
124,64,1.0,1.0
124,65,1.0,1.0
124,66,1.0,1.0
124,67,1.0,1.0
124,68,1.0,1.0
124,69,1.0,1.0
124,70,1.0,1.0
124,71,1.0,1.0
124,72,1.0,1.0
124,73,1.0,1.0
124,74,1.0,1.0
124,75,1.0,1.0
124,76,1.0,1.0
124,77,1.0,1.0
124,78,1.0,1.0
124,79,1.0,1.0
124,80,1.0,1.0
124,81,1.0,1.0
124,82,1.0,1.0
124,83,1.0,1.0
124,84,1.0,1.0
124,85,1.0,1.0
124,86,1.0,1.0
124,87,1.0,1.0
124,88,1.0,1.0
124,89,1.0,1.0
124,90,1.0,1.0
124,91,1.0,1.0
124,92,1.0,1.0
124,93,1.0,1.0
124,94,1.0,1.0
124,95,1.0,1.0
124,96,1.0,1.0
124,97,1.0,1.0
124,98,1.0,1.0
124,99,1.0,1.0
124,100,1.0,1.0
125,1,0.12,0.0
125,2,0.12,1.0
125,3,0.24,0.6868
125,4,0.24,1.0
125,5,0.26,0.7549
125,6,0.26,1.0
125,7,0.23,1.3349
125,8,0.23,1.0
125,9,0.21,1.3544
125,10,0.19,1.0
125,11,0.13,1.4659
125,12,0.08,1.0
125,13,0.06,1.496
125,14,0.06,1.0
125,15,0.06,1.487
125,16,0.05,1.0
125,17,0.03,1.513
125,18,0.0,1.0
125,19,0.0,1.4985
125,20,0.0,1.0
125,21,0.0,1.5
125,22,0.0,1.0
125,23,0.0,1.5
125,24,0.0,1.0
125,25,0.0,1.5
125,26,0.0,1.0
125,27,0.0,1.5
125,28,0.0,1.0
125,29,0.0,1.5
125,30,0.0,1.0
125,31,0.0,1.5
125,32,0.0,1.0
125,33,0.0,1.5
125,34,0.0,1.0
125,35,0.0,1.5
125,36,0.0,1.0
125,37,0.0,1.5
125,38,0.0,1.0
125,39,0.0,1.5
125,40,0.0,1.0
125,41,0.0,1.5
125,42,0.0,1.0
125,43,0.0,1.5
125,44,0.0,1.0
125,45,0.0,1.5
125,46,0.0,1.0
125,47,0.0,1.5
125,48,0.0,1.0
125,49,0.0,1.5
125,50,0.0,1.0
125,51,0.0,1.5
125,52,0.0,1.0
125,53,0.0,1.5
125,54,0.0,1.0
125,55,0.0,1.5
125,56,0.0,1.0
125,57,0.0,1.5
125,58,0.0,1.0
125,59,0.0,1.5
125,60,0.0,1.0
125,61,0.0,1.5
125,62,0.0,1.0
125,63,0.0,1.5
125,64,0.0,1.0
125,65,0.0,1.5
125,66,0.0,1.0
125,67,0.0,1.5
125,68,0.0,1.0
125,69,0.0,1.5
125,70,0.0,1.0
125,71,0.0,1.5
125,72,0.0,1.0
125,73,0.0,1.5
125,74,0.0,1.0
125,75,0.0,1.5
125,76,0.0,1.0
125,77,0.0,1.5
125,78,0.0,1.0
125,79,0.0,1.5
125,80,0.0,1.0
125,81,0.0,1.5
125,82,0.0,1.0
125,83,0.0,1.5
125,84,0.0,1.0
125,85,0.0,1.5
125,86,0.0,1.0
125,87,0.0,1.5
125,88,0.0,1.0
125,89,0.0,1.5
125,90,0.0,1.0
125,91,0.0,1.5
125,92,0.0,1.0
125,93,0.0,1.5
125,94,0.0,1.0
125,95,0.0,1.5
125,96,0.0,1.0
125,97,0.0,1.5
125,98,0.0,1.0
125,99,0.0,1.5
125,100,0.0,1.0
126,1,0.17,0.0
126,2,0.17,1.0
126,3,0.45,0.4097
126,4,0.45,1.0
126,5,0.56,0.0
126,6,0.63,0.0
126,7,0.65,0.0
126,8,0.7,0.0
126,9,0.73,0.0
126,10,0.73,1.0
126,11,0.77,0.0
126,12,0.81,0.0
126,13,0.83,0.0
126,14,0.85,0.0
126,15,0.89,0.0
126,16,0.9,0.0
126,17,0.9,1.0
126,18,0.96,0.0
126,19,0.98,0.0
126,20,0.99,0.0
126,21,0.99,1.0
126,22,0.99,1.0
126,23,0.99,1.0
126,24,0.99,1.0
126,25,1.0,0.0
126,26,1.0,1.0
126,27,1.0,1.0
126,28,1.0,1.0
126,29,1.0,1.0
126,30,1.0,1.0
126,31,1.0,1.0
126,32,1.0,1.0
126,33,1.0,1.0
126,34,1.0,1.0
126,35,1.0,1.0
126,36,1.0,1.0
126,37,1.0,1.0
126,38,1.0,1.0
126,39,1.0,1.0
126,40,1.0,1.0
126,41,1.0,1.0
126,42,1.0,1.0
126,43,1.0,1.0
126,44,1.0,1.0
126,45,1.0,1.0
126,46,1.0,1.0
126,47,1.0,1.0
126,48,1.0,1.0
126,49,1.0,1.0
126,50,1.0,1.0
126,51,1.0,1.0
126,52,1.0,1.0
126,53,1.0,1.0
126,54,1.0,1.0
126,55,1.0,1.0
126,56,1.0,1.0
126,57,1.0,1.0
126,58,1.0,1.0
126,59,1.0,1.0
126,60,1.0,1.0
126,61,1.0,1.0
126,62,1.0,1.0
126,63,1.0,1.0
126,64,1.0,1.0
126,65,1.0,1.0
126,66,1.0,1.0
126,67,1.0,1.0
126,68,1.0,1.0
126,69,1.0,1.0
126,70,1.0,1.0
126,71,1.0,1.0
126,72,1.0,1.0
126,73,1.0,1.0
126,74,1.0,1.0
126,75,1.0,1.0
126,76,1.0,1.0
126,77,1.0,1.0
126,78,1.0,1.0
126,79,1.0,1.0
126,80,1.0,1.0
126,81,1.0,1.0
126,82,1.0,1.0
126,83,1.0,1.0
126,84,1.0,1.0
126,85,1.0,1.0
126,86,1.0,1.0
126,87,1.0,1.0
126,88,1.0,1.0
126,89,1.0,1.0
126,90,1.0,1.0
126,91,1.0,1.0
126,92,1.0,1.0
126,93,1.0,1.0
126,94,1.0,1.0
126,95,1.0,1.0
126,96,1.0,1.0
126,97,1.0,1.0
126,98,1.0,1.0
126,99,1.0,1.0
126,100,1.0,1.0
127,1,0.15,0.0
127,2,0.15,1.0
127,3,0.44,0.4312
127,4,0.44,1.0
127,5,0.64,0.0
127,6,0.73,0.0
127,7,0.83,0.0
127,8,0.89,0.0
127,9,0.95,0.0
127,10,0.95,1.0
127,11,0.97,0.0
127,12,0.98,0.0
127,13,0.98,1.0
127,14,1.0,0.0
127,15,1.0,1.0
127,16,1.0,1.0
127,17,1.0,1.0
127,18,1.0,1.0
127,19,1.0,1.0
127,20,1.0,1.0
127,21,1.0,1.0
127,22,1.0,1.0
127,23,1.0,1.0
127,24,1.0,1.0
127,25,1.0,1.0
127,26,1.0,1.0
127,27,1.0,1.0
127,28,1.0,1.0
127,29,1.0,1.0
127,30,1.0,1.0
127,31,1.0,1.0
127,32,1.0,1.0
127,33,1.0,1.0
127,34,1.0,1.0
127,35,1.0,1.0
127,36,1.0,1.0
127,37,1.0,1.0
127,38,1.0,1.0
127,39,1.0,1.0
127,40,1.0,1.0
127,41,1.0,1.0
127,42,1.0,1.0
127,43,1.0,1.0
127,44,1.0,1.0
127,45,1.0,1.0
127,46,1.0,1.0
127,47,1.0,1.0
127,48,1.0,1.0
127,49,1.0,1.0
127,50,1.0,1.0
127,51,1.0,1.0
127,52,1.0,1.0
127,53,1.0,1.0
127,54,1.0,1.0
127,55,1.0,1.0
127,56,1.0,1.0
127,57,1.0,1.0
127,58,1.0,1.0
127,59,1.0,1.0
127,60,1.0,1.0
127,61,1.0,1.0
127,62,1.0,1.0
127,63,1.0,1.0
127,64,1.0,1.0
127,65,1.0,1.0
127,66,1.0,1.0
127,67,1.0,1.0
127,68,1.0,1.0
127,69,1.0,1.0
127,70,1.0,1.0
127,71,1.0,1.0
127,72,1.0,1.0
127,73,1.0,1.0
127,74,1.0,1.0
127,75,1.0,1.0
127,76,1.0,1.0
127,77,1.0,1.0
127,78,1.0,1.0
127,79,1.0,1.0
127,80,1.0,1.0
127,81,1.0,1.0
127,82,1.0,1.0
127,83,1.0,1.0
127,84,1.0,1.0
127,85,1.0,1.0
127,86,1.0,1.0
127,87,1.0,1.0
127,88,1.0,1.0
127,89,1.0,1.0
127,90,1.0,1.0
127,91,1.0,1.0
127,92,1.0,1.0
127,93,1.0,1.0
127,94,1.0,1.0
127,95,1.0,1.0
127,96,1.0,1.0
127,97,1.0,1.0
127,98,1.0,1.0
127,99,1.0,1.0
127,100,1.0,1.0
128,1,0.17,0.0
128,2,0.17,1.0
128,3,0.48,0.6129
128,4,0.48,1.0
128,5,0.56,0.4743
128,6,0.59,0.0
128,7,0.68,0.0
128,8,0.68,1.0
128,9,0.72,0.0
128,10,0.74,0.0
128,11,0.77,0.0
128,12,0.8,0.0
128,13,0.82,0.0
128,14,0.86,0.0
128,15,0.88,0.0
128,16,0.92,0.0
128,17,0.93,0.0
128,18,0.97,0.0
128,19,0.99,0.0
128,20,0.99,1.0
128,21,1.0,0.0
128,22,1.0,1.0
128,23,1.0,1.0
128,24,1.0,1.0
128,25,1.0,1.0
128,26,1.0,1.0
128,27,1.0,1.0
128,28,1.0,1.0
128,29,1.0,1.0
128,30,1.0,1.0
128,31,1.0,1.0
128,32,1.0,1.0
128,33,1.0,1.0
128,34,1.0,1.0
128,35,1.0,1.0
128,36,1.0,1.0
128,37,1.0,1.0
128,38,1.0,1.0
128,39,1.0,1.0
128,40,1.0,1.0
128,41,1.0,1.0
128,42,1.0,1.0
128,43,1.0,1.0
128,44,1.0,1.0
128,45,1.0,1.0
128,46,1.0,1.0
128,47,1.0,1.0
128,48,1.0,1.0
128,49,1.0,1.0
128,50,1.0,1.0
128,51,1.0,1.0
128,52,1.0,1.0
128,53,1.0,1.0
128,54,1.0,1.0
128,55,1.0,1.0
128,56,1.0,1.0
128,57,1.0,1.0
128,58,1.0,1.0
128,59,1.0,1.0
128,60,1.0,1.0
128,61,1.0,1.0
128,62,1.0,1.0
128,63,1.0,1.0
128,64,1.0,1.0
128,65,1.0,1.0
128,66,1.0,1.0
128,67,1.0,1.0
128,68,1.0,1.0
128,69,1.0,1.0
128,70,1.0,1.0
128,71,1.0,1.0
128,72,1.0,1.0
128,73,1.0,1.0
128,74,1.0,1.0
128,75,1.0,1.0
128,76,1.0,1.0
128,77,1.0,1.0
128,78,1.0,1.0
128,79,1.0,1.0
128,80,1.0,1.0
128,81,1.0,1.0
128,82,1.0,1.0
128,83,1.0,1.0
128,84,1.0,1.0
128,85,1.0,1.0
128,86,1.0,1.0
128,87,1.0,1.0
128,88,1.0,1.0
128,89,1.0,1.0
128,90,1.0,1.0
128,91,1.0,1.0
128,92,1.0,1.0
128,93,1.0,1.0
128,94,1.0,1.0
128,95,1.0,1.0
128,96,1.0,1.0
128,97,1.0,1.0
128,98,1.0,1.0
128,99,1.0,1.0
128,100,1.0,1.0
129,1,0.09,0.0
129,2,0.09,1.0
129,3,0.2,0.5046
129,4,0.2,1.0
129,5,0.29,1.0
129,6,0.3,0.0
129,7,0.3,1.1061
129,8,0.28,1.0
129,9,0.24,1.2001
129,10,0.22,1.0
129,11,0.19,1.3773
129,12,0.16,1.0
129,13,0.11,1.4695
129,14,0.07,1.0
129,15,0.03,1.5275
129,16,0.01,1.0
129,17,0.01,1.496
129,18,0.01,1.0
129,19,0.01,1.498
129,20,0.01,1.0
129,21,0.0,1.509
129,22,0.0,1.0
129,23,0.0,1.5
129,24,0.0,1.0
129,25,0.0,1.5
129,26,0.0,1.0
129,27,0.0,1.5
129,28,0.0,1.0
129,29,0.0,1.5
129,30,0.0,1.0
129,31,0.0,1.5
129,32,0.0,1.0
129,33,0.0,1.5
129,34,0.0,1.0
129,35,0.0,1.5
129,36,0.0,1.0
129,37,0.0,1.5
129,38,0.0,1.0
129,39,0.0,1.5
129,40,0.0,1.0
129,41,0.0,1.5
129,42,0.0,1.0
129,43,0.0,1.5
129,44,0.0,1.0
129,45,0.0,1.5
129,46,0.0,1.0
129,47,0.0,1.5
129,48,0.0,1.0
129,49,0.0,1.5
129,50,0.0,1.0
129,51,0.0,1.5
129,52,0.0,1.0
129,53,0.0,1.5
129,54,0.0,1.0
129,55,0.0,1.5
129,56,0.0,1.0
129,57,0.0,1.5
129,58,0.0,1.0
129,59,0.0,1.5
129,60,0.0,1.0
129,61,0.0,1.5
129,62,0.0,1.0
129,63,0.0,1.5
129,64,0.0,1.0
129,65,0.0,1.5
129,66,0.0,1.0
129,67,0.0,1.5
129,68,0.0,1.0
129,69,0.0,1.5
129,70,0.0,1.0
129,71,0.0,1.5
129,72,0.0,1.0
129,73,0.0,1.5
129,74,0.0,1.0
129,75,0.0,1.5
129,76,0.0,1.0
129,77,0.0,1.5
129,78,0.0,1.0
129,79,0.0,1.5
129,80,0.0,1.0
129,81,0.0,1.5
129,82,0.0,1.0
129,83,0.0,1.5
129,84,0.0,1.0
129,85,0.0,1.5
129,86,0.0,1.0
129,87,0.0,1.5
129,88,0.0,1.0
129,89,0.0,1.5
129,90,0.0,1.0
129,91,0.0,1.5
129,92,0.0,1.0
129,93,0.0,1.5
129,94,0.0,1.0
129,95,0.0,1.5
129,96,0.0,1.0
129,97,0.0,1.5
129,98,0.0,1.0
129,99,0.0,1.5
129,100,0.0,1.0
130,1,0.16,0.0
130,2,0.16,1.0
130,3,0.5,0.3197
130,4,0.5,1.0
130,5,0.69,0.0
130,6,0.77,0.0
130,7,0.88,0.0
130,8,0.91,0.0
130,9,0.93,0.0
130,10,0.94,0.0
130,11,0.94,1.0
130,12,0.95,0.0
130,13,0.99,0.0
130,14,0.99,1.0
130,15,0.99,1.0
130,16,1.0,0.0
130,17,1.0,1.0
130,18,1.0,1.0
130,19,1.0,1.0
130,20,1.0,1.0
130,21,1.0,1.0
130,22,1.0,1.0
130,23,1.0,1.0
130,24,1.0,1.0
130,25,1.0,1.0
130,26,1.0,1.0
130,27,1.0,1.0
130,28,1.0,1.0
130,29,1.0,1.0
130,30,1.0,1.0
130,31,1.0,1.0
130,32,1.0,1.0
130,33,1.0,1.0
130,34,1.0,1.0
130,35,1.0,1.0
130,36,1.0,1.0
130,37,1.0,1.0
130,38,1.0,1.0
130,39,1.0,1.0
130,40,1.0,1.0
130,41,1.0,1.0
130,42,1.0,1.0
130,43,1.0,1.0
130,44,1.0,1.0
130,45,1.0,1.0
130,46,1.0,1.0
130,47,1.0,1.0
130,48,1.0,1.0
130,49,1.0,1.0
130,50,1.0,1.0
130,51,1.0,1.0
130,52,1.0,1.0
130,53,1.0,1.0
130,54,1.0,1.0
130,55,1.0,1.0
130,56,1.0,1.0
130,57,1.0,1.0
130,58,1.0,1.0
130,59,1.0,1.0
130,60,1.0,1.0
130,61,1.0,1.0
130,62,1.0,1.0
130,63,1.0,1.0
130,64,1.0,1.0
130,65,1.0,1.0
130,66,1.0,1.0
130,67,1.0,1.0
130,68,1.0,1.0
130,69,1.0,1.0
130,70,1.0,1.0
130,71,1.0,1.0
130,72,1.0,1.0
130,73,1.0,1.0
130,74,1.0,1.0
130,75,1.0,1.0
130,76,1.0,1.0
130,77,1.0,1.0
130,78,1.0,1.0
130,79,1.0,1.0
130,80,1.0,1.0
130,81,1.0,1.0
130,82,1.0,1.0
130,83,1.0,1.0
130,84,1.0,1.0
130,85,1.0,1.0
130,86,1.0,1.0
130,87,1.0,1.0
130,88,1.0,1.0
130,89,1.0,1.0
130,90,1.0,1.0
130,91,1.0,1.0
130,92,1.0,1.0
130,93,1.0,1.0
130,94,1.0,1.0
130,95,1.0,1.0
130,96,1.0,1.0
130,97,1.0,1.0
130,98,1.0,1.0
130,99,1.0,1.0
130,100,1.0,1.0
131,1,0.19,0.0
131,2,0.19,1.0
131,3,0.55,0.422
131,4,0.55,1.0
131,5,0.65,0.0
131,6,0.71,0.0
131,7,0.82,0.0
131,8,0.85,0.0
131,9,0.89,0.0
131,10,0.92,0.0
131,11,0.94,0.0
131,12,0.95,0.0
131,13,0.96,0.0
131,14,1.0,0.0
131,15,1.0,1.0
131,16,1.0,1.0
131,17,1.0,1.0
131,18,1.0,1.0
131,19,1.0,1.0
131,20,1.0,1.0
131,21,1.0,1.0
131,22,1.0,1.0
131,23,1.0,1.0
131,24,1.0,1.0
131,25,1.0,1.0
131,26,1.0,1.0
131,27,1.0,1.0
131,28,1.0,1.0
131,29,1.0,1.0
131,30,1.0,1.0
131,31,1.0,1.0
131,32,1.0,1.0
131,33,1.0,1.0
131,34,1.0,1.0
131,35,1.0,1.0
131,36,1.0,1.0
131,37,1.0,1.0
131,38,1.0,1.0
131,39,1.0,1.0
131,40,1.0,1.0
131,41,1.0,1.0
131,42,1.0,1.0
131,43,1.0,1.0
131,44,1.0,1.0
131,45,1.0,1.0
131,46,1.0,1.0
131,47,1.0,1.0
131,48,1.0,1.0
131,49,1.0,1.0
131,50,1.0,1.0
131,51,1.0,1.0
131,52,1.0,1.0
131,53,1.0,1.0
131,54,1.0,1.0
131,55,1.0,1.0
131,56,1.0,1.0
131,57,1.0,1.0
131,58,1.0,1.0
131,59,1.0,1.0
131,60,1.0,1.0
131,61,1.0,1.0
131,62,1.0,1.0
131,63,1.0,1.0
131,64,1.0,1.0
131,65,1.0,1.0
131,66,1.0,1.0
131,67,1.0,1.0
131,68,1.0,1.0
131,69,1.0,1.0
131,70,1.0,1.0
131,71,1.0,1.0
131,72,1.0,1.0
131,73,1.0,1.0
131,74,1.0,1.0
131,75,1.0,1.0
131,76,1.0,1.0
131,77,1.0,1.0
131,78,1.0,1.0
131,79,1.0,1.0
131,80,1.0,1.0
131,81,1.0,1.0
131,82,1.0,1.0
131,83,1.0,1.0
131,84,1.0,1.0
131,85,1.0,1.0
131,86,1.0,1.0
131,87,1.0,1.0
131,88,1.0,1.0
131,89,1.0,1.0
131,90,1.0,1.0
131,91,1.0,1.0
131,92,1.0,1.0
131,93,1.0,1.0
131,94,1.0,1.0
131,95,1.0,1.0
131,96,1.0,1.0
131,97,1.0,1.0
131,98,1.0,1.0
131,99,1.0,1.0
131,100,1.0,1.0
132,1,0.18,0.0
132,2,0.18,1.0
132,3,0.54,0.4763
132,4,0.54,1.0
132,5,0.66,0.413
132,6,0.74,0.0
132,7,0.86,0.0
132,8,0.89,0.0
132,9,0.94,0.0
132,10,0.95,0.0
132,11,0.95,1.0
132,12,0.96,0.0
132,13,0.97,0.0
132,14,1.0,0.0
132,15,1.0,1.0
132,16,1.0,1.0
132,17,1.0,1.0
132,18,1.0,1.0
132,19,1.0,1.0
132,20,1.0,1.0
132,21,1.0,1.0
132,22,1.0,1.0
132,23,1.0,1.0
132,24,1.0,1.0
132,25,1.0,1.0
132,26,1.0,1.0
132,27,1.0,1.0
132,28,1.0,1.0
132,29,1.0,1.0
132,30,1.0,1.0
132,31,1.0,1.0
132,32,1.0,1.0
132,33,1.0,1.0
132,34,1.0,1.0
132,35,1.0,1.0
132,36,1.0,1.0
132,37,1.0,1.0
132,38,1.0,1.0
132,39,1.0,1.0
132,40,1.0,1.0
132,41,1.0,1.0
132,42,1.0,1.0
132,43,1.0,1.0
132,44,1.0,1.0
132,45,1.0,1.0
132,46,1.0,1.0
132,47,1.0,1.0
132,48,1.0,1.0
132,49,1.0,1.0
132,50,1.0,1.0
132,51,1.0,1.0
132,52,1.0,1.0
132,53,1.0,1.0
132,54,1.0,1.0
132,55,1.0,1.0
132,56,1.0,1.0
132,57,1.0,1.0
132,58,1.0,1.0
132,59,1.0,1.0
132,60,1.0,1.0
132,61,1.0,1.0
132,62,1.0,1.0
132,63,1.0,1.0
132,64,1.0,1.0
132,65,1.0,1.0
132,66,1.0,1.0
132,67,1.0,1.0
132,68,1.0,1.0
132,69,1.0,1.0
132,70,1.0,1.0
132,71,1.0,1.0
132,72,1.0,1.0
132,73,1.0,1.0
132,74,1.0,1.0
132,75,1.0,1.0
132,76,1.0,1.0
132,77,1.0,1.0
132,78,1.0,1.0
132,79,1.0,1.0
132,80,1.0,1.0
132,81,1.0,1.0
132,82,1.0,1.0
132,83,1.0,1.0
132,84,1.0,1.0
132,85,1.0,1.0
132,86,1.0,1.0
132,87,1.0,1.0
132,88,1.0,1.0
132,89,1.0,1.0
132,90,1.0,1.0
132,91,1.0,1.0
132,92,1.0,1.0
132,93,1.0,1.0
132,94,1.0,1.0
132,95,1.0,1.0
132,96,1.0,1.0
132,97,1.0,1.0
132,98,1.0,1.0
132,99,1.0,1.0
132,100,1.0,1.0
133,1,0.14,0.0
133,2,0.14,1.0
133,3,0.35,0.4776
133,4,0.35,1.0
133,5,0.49,0.4525
133,6,0.53,0.0
133,7,0.6,0.0
133,8,0.65,0.0
133,9,0.7,0.0
133,10,0.72,0.0
133,11,0.73,0.0
133,12,0.76,0.0
133,13,0.79,0.0
133,14,0.82,0.0
133,15,0.84,0.0
133,16,0.92,0.0
133,17,0.92,1.0
133,18,0.93,0.0
133,19,0.95,0.0
133,20,0.97,0.0
133,21,0.99,0.0
133,22,0.99,1.0
133,23,1.0,0.0
133,24,1.0,1.0
133,25,1.0,1.0
133,26,1.0,1.0
133,27,1.0,1.0
133,28,1.0,1.0
133,29,1.0,1.0
133,30,1.0,1.0
133,31,1.0,1.0
133,32,1.0,1.0
133,33,1.0,1.0
133,34,1.0,1.0
133,35,1.0,1.0
133,36,1.0,1.0
133,37,1.0,1.0
133,38,1.0,1.0
133,39,1.0,1.0
133,40,1.0,1.0
133,41,1.0,1.0
133,42,1.0,1.0
133,43,1.0,1.0
133,44,1.0,1.0
133,45,1.0,1.0
133,46,1.0,1.0
133,47,1.0,1.0
133,48,1.0,1.0
133,49,1.0,1.0
133,50,1.0,1.0
133,51,1.0,1.0
133,52,1.0,1.0
133,53,1.0,1.0
133,54,1.0,1.0
133,55,1.0,1.0
133,56,1.0,1.0
133,57,1.0,1.0
133,58,1.0,1.0
133,59,1.0,1.0
133,60,1.0,1.0
133,61,1.0,1.0
133,62,1.0,1.0
133,63,1.0,1.0
133,64,1.0,1.0
133,65,1.0,1.0
133,66,1.0,1.0
133,67,1.0,1.0
133,68,1.0,1.0
133,69,1.0,1.0
133,70,1.0,1.0
133,71,1.0,1.0
133,72,1.0,1.0
133,73,1.0,1.0
133,74,1.0,1.0
133,75,1.0,1.0
133,76,1.0,1.0
133,77,1.0,1.0
133,78,1.0,1.0
133,79,1.0,1.0
133,80,1.0,1.0
133,81,1.0,1.0
133,82,1.0,1.0
133,83,1.0,1.0
133,84,1.0,1.0
133,85,1.0,1.0
133,86,1.0,1.0
133,87,1.0,1.0
133,88,1.0,1.0
133,89,1.0,1.0
133,90,1.0,1.0
133,91,1.0,1.0
133,92,1.0,1.0
133,93,1.0,1.0
133,94,1.0,1.0
133,95,1.0,1.0
133,96,1.0,1.0
133,97,1.0,1.0
133,98,1.0,1.0
133,99,1.0,1.0
133,100,1.0,1.0
134,1,0.2,0.0
134,2,0.2,1.0
134,3,0.65,0.3397
134,4,0.65,1.0
134,5,0.78,0.0
134,6,0.85,0.0
134,7,0.92,0.0
134,8,0.96,0.0
134,9,0.97,0.0
134,10,0.99,0.0
134,11,0.99,1.0
134,12,0.99,1.0
134,13,0.99,1.0
134,14,0.99,1.0
134,15,1.0,0.0
134,16,1.0,1.0
134,17,1.0,1.0
134,18,1.0,1.0
134,19,1.0,1.0
134,20,1.0,1.0
134,21,1.0,1.0
134,22,1.0,1.0
134,23,1.0,1.0
134,24,1.0,1.0
134,25,1.0,1.0
134,26,1.0,1.0
134,27,1.0,1.0
134,28,1.0,1.0
134,29,1.0,1.0
134,30,1.0,1.0
134,31,1.0,1.0
134,32,1.0,1.0
134,33,1.0,1.0
134,34,1.0,1.0
134,35,1.0,1.0
134,36,1.0,1.0
134,37,1.0,1.0
134,38,1.0,1.0
134,39,1.0,1.0
134,40,1.0,1.0
134,41,1.0,1.0
134,42,1.0,1.0
134,43,1.0,1.0
134,44,1.0,1.0
134,45,1.0,1.0
134,46,1.0,1.0
134,47,1.0,1.0
134,48,1.0,1.0
134,49,1.0,1.0
134,50,1.0,1.0
134,51,1.0,1.0
134,52,1.0,1.0
134,53,1.0,1.0
134,54,1.0,1.0
134,55,1.0,1.0
134,56,1.0,1.0
134,57,1.0,1.0
134,58,1.0,1.0
134,59,1.0,1.0
134,60,1.0,1.0
134,61,1.0,1.0
134,62,1.0,1.0
134,63,1.0,1.0
134,64,1.0,1.0
134,65,1.0,1.0
134,66,1.0,1.0
134,67,1.0,1.0
134,68,1.0,1.0
134,69,1.0,1.0
134,70,1.0,1.0
134,71,1.0,1.0
134,72,1.0,1.0
134,73,1.0,1.0
134,74,1.0,1.0
134,75,1.0,1.0
134,76,1.0,1.0
134,77,1.0,1.0
134,78,1.0,1.0
134,79,1.0,1.0
134,80,1.0,1.0
134,81,1.0,1.0
134,82,1.0,1.0
134,83,1.0,1.0
134,84,1.0,1.0
134,85,1.0,1.0
134,86,1.0,1.0
134,87,1.0,1.0
134,88,1.0,1.0
134,89,1.0,1.0
134,90,1.0,1.0
134,91,1.0,1.0
134,92,1.0,1.0
134,93,1.0,1.0
134,94,1.0,1.0
134,95,1.0,1.0
134,96,1.0,1.0
134,97,1.0,1.0
134,98,1.0,1.0
134,99,1.0,1.0
134,100,1.0,1.0
135,1,0.12,0.0
135,2,0.12,1.0
135,3,0.41,0.4412
135,4,0.41,1.0
135,5,0.63,0.2192
135,6,0.76,0.0
135,7,0.86,0.0
135,8,0.9,0.0
135,9,0.93,0.0
135,10,0.96,0.0
135,11,0.97,0.0
135,12,0.99,0.0
135,13,0.99,1.0
135,14,0.99,1.0
135,15,1.0,0.0
135,16,1.0,1.0
135,17,1.0,1.0
135,18,1.0,1.0
135,19,1.0,1.0
135,20,1.0,1.0
135,21,1.0,1.0
135,22,1.0,1.0
135,23,1.0,1.0
135,24,1.0,1.0
135,25,1.0,1.0
135,26,1.0,1.0
135,27,1.0,1.0
135,28,1.0,1.0
135,29,1.0,1.0
135,30,1.0,1.0
135,31,1.0,1.0
135,32,1.0,1.0
135,33,1.0,1.0
135,34,1.0,1.0
135,35,1.0,1.0
135,36,1.0,1.0
135,37,1.0,1.0
135,38,1.0,1.0
135,39,1.0,1.0
135,40,1.0,1.0
135,41,1.0,1.0
135,42,1.0,1.0
135,43,1.0,1.0
135,44,1.0,1.0
135,45,1.0,1.0
135,46,1.0,1.0
135,47,1.0,1.0
135,48,1.0,1.0
135,49,1.0,1.0
135,50,1.0,1.0
135,51,1.0,1.0
135,52,1.0,1.0
135,53,1.0,1.0
135,54,1.0,1.0
135,55,1.0,1.0
135,56,1.0,1.0
135,57,1.0,1.0
135,58,1.0,1.0
135,59,1.0,1.0
135,60,1.0,1.0
135,61,1.0,1.0
135,62,1.0,1.0
135,63,1.0,1.0
135,64,1.0,1.0
135,65,1.0,1.0
135,66,1.0,1.0
135,67,1.0,1.0
135,68,1.0,1.0
135,69,1.0,1.0
135,70,1.0,1.0
135,71,1.0,1.0
135,72,1.0,1.0
135,73,1.0,1.0
135,74,1.0,1.0
135,75,1.0,1.0
135,76,1.0,1.0
135,77,1.0,1.0
135,78,1.0,1.0
135,79,1.0,1.0
135,80,1.0,1.0
135,81,1.0,1.0
135,82,1.0,1.0
135,83,1.0,1.0
135,84,1.0,1.0
135,85,1.0,1.0
135,86,1.0,1.0
135,87,1.0,1.0
135,88,1.0,1.0
135,89,1.0,1.0
135,90,1.0,1.0
135,91,1.0,1.0
135,92,1.0,1.0
135,93,1.0,1.0
135,94,1.0,1.0
135,95,1.0,1.0
135,96,1.0,1.0
135,97,1.0,1.0
135,98,1.0,1.0
135,99,1.0,1.0
135,100,1.0,1.0
136,1,0.17,0.0
136,2,0.17,1.0
136,3,0.52,0.4635
136,4,0.52,1.0
136,5,0.68,0.2959
136,6,0.8,0.0
136,7,0.88,0.0
136,8,0.93,0.0
136,9,0.94,0.0
136,10,0.95,0.0
136,11,0.95,1.0
136,12,0.97,0.0
136,13,0.98,0.0
136,14,1.0,0.0
136,15,1.0,1.0
136,16,1.0,1.0
136,17,1.0,1.0
136,18,1.0,1.0
136,19,1.0,1.0
136,20,1.0,1.0
136,21,1.0,1.0
136,22,1.0,1.0
136,23,1.0,1.0
136,24,1.0,1.0
136,25,1.0,1.0
136,26,1.0,1.0
136,27,1.0,1.0
136,28,1.0,1.0
136,29,1.0,1.0
136,30,1.0,1.0
136,31,1.0,1.0
136,32,1.0,1.0
136,33,1.0,1.0
136,34,1.0,1.0
136,35,1.0,1.0
136,36,1.0,1.0
136,37,1.0,1.0
136,38,1.0,1.0
136,39,1.0,1.0
136,40,1.0,1.0
136,41,1.0,1.0
136,42,1.0,1.0
136,43,1.0,1.0
136,44,1.0,1.0
136,45,1.0,1.0
136,46,1.0,1.0
136,47,1.0,1.0
136,48,1.0,1.0
136,49,1.0,1.0
136,50,1.0,1.0
136,51,1.0,1.0
136,52,1.0,1.0
136,53,1.0,1.0
136,54,1.0,1.0
136,55,1.0,1.0
136,56,1.0,1.0
136,57,1.0,1.0
136,58,1.0,1.0
136,59,1.0,1.0
136,60,1.0,1.0
136,61,1.0,1.0
136,62,1.0,1.0
136,63,1.0,1.0
136,64,1.0,1.0
136,65,1.0,1.0
136,66,1.0,1.0
136,67,1.0,1.0
136,68,1.0,1.0
136,69,1.0,1.0
136,70,1.0,1.0
136,71,1.0,1.0
136,72,1.0,1.0
136,73,1.0,1.0
136,74,1.0,1.0
136,75,1.0,1.0
136,76,1.0,1.0
136,77,1.0,1.0
136,78,1.0,1.0
136,79,1.0,1.0
136,80,1.0,1.0
136,81,1.0,1.0
136,82,1.0,1.0
136,83,1.0,1.0
136,84,1.0,1.0
136,85,1.0,1.0
136,86,1.0,1.0
136,87,1.0,1.0
136,88,1.0,1.0
136,89,1.0,1.0
136,90,1.0,1.0
136,91,1.0,1.0
136,92,1.0,1.0
136,93,1.0,1.0
136,94,1.0,1.0
136,95,1.0,1.0
136,96,1.0,1.0
136,97,1.0,1.0
136,98,1.0,1.0
136,99,1.0,1.0
136,100,1.0,1.0
137,1,0.16,0.0
137,2,0.16,1.0
137,3,0.46,0.444
137,4,0.46,1.0
137,5,0.6,0.3409
137,6,0.67,0.0
137,7,0.71,0.0
137,8,0.76,0.0
137,9,0.82,0.0
137,10,0.87,0.0
137,11,0.89,0.0
137,12,0.93,0.0
137,13,0.94,0.0
137,14,0.96,0.0
137,15,0.98,0.0
137,16,0.99,0.0
137,17,1.0,0.0
137,18,1.0,1.0
137,19,1.0,1.0
137,20,1.0,1.0
137,21,1.0,1.0
137,22,1.0,1.0
137,23,1.0,1.0
137,24,1.0,1.0
137,25,1.0,1.0
137,26,1.0,1.0
137,27,1.0,1.0
137,28,1.0,1.0
137,29,1.0,1.0
137,30,1.0,1.0
137,31,1.0,1.0
137,32,1.0,1.0
137,33,1.0,1.0
137,34,1.0,1.0
137,35,1.0,1.0
137,36,1.0,1.0
137,37,1.0,1.0
137,38,1.0,1.0
137,39,1.0,1.0
137,40,1.0,1.0
137,41,1.0,1.0
137,42,1.0,1.0
137,43,1.0,1.0
137,44,1.0,1.0
137,45,1.0,1.0
137,46,1.0,1.0
137,47,1.0,1.0
137,48,1.0,1.0
137,49,1.0,1.0
137,50,1.0,1.0
137,51,1.0,1.0
137,52,1.0,1.0
137,53,1.0,1.0
137,54,1.0,1.0
137,55,1.0,1.0
137,56,1.0,1.0
137,57,1.0,1.0
137,58,1.0,1.0
137,59,1.0,1.0
137,60,1.0,1.0
137,61,1.0,1.0
137,62,1.0,1.0
137,63,1.0,1.0
137,64,1.0,1.0
137,65,1.0,1.0
137,66,1.0,1.0
137,67,1.0,1.0
137,68,1.0,1.0
137,69,1.0,1.0
137,70,1.0,1.0
137,71,1.0,1.0
137,72,1.0,1.0
137,73,1.0,1.0
137,74,1.0,1.0
137,75,1.0,1.0
137,76,1.0,1.0
137,77,1.0,1.0
137,78,1.0,1.0
137,79,1.0,1.0
137,80,1.0,1.0
137,81,1.0,1.0
137,82,1.0,1.0
137,83,1.0,1.0
137,84,1.0,1.0
137,85,1.0,1.0
137,86,1.0,1.0
137,87,1.0,1.0
137,88,1.0,1.0
137,89,1.0,1.0
137,90,1.0,1.0
137,91,1.0,1.0
137,92,1.0,1.0
137,93,1.0,1.0
137,94,1.0,1.0
137,95,1.0,1.0
137,96,1.0,1.0
137,97,1.0,1.0
137,98,1.0,1.0
137,99,1.0,1.0
137,100,1.0,1.0
138,1,0.15,0.0
138,2,0.15,1.0
138,3,0.43,0.5314
138,4,0.43,1.0
138,5,0.63,0.3678
138,6,0.72,0.0
138,7,0.84,0.0
138,8,0.87,0.0
138,9,0.91,0.0
138,10,0.94,0.0
138,11,0.96,0.0
138,12,0.97,0.0
138,13,0.99,0.0
138,14,0.99,1.0
138,15,0.99,1.0
138,16,1.0,0.0
138,17,1.0,1.0
138,18,1.0,1.0
138,19,1.0,1.0
138,20,1.0,1.0
138,21,1.0,1.0
138,22,1.0,1.0
138,23,1.0,1.0
138,24,1.0,1.0
138,25,1.0,1.0
138,26,1.0,1.0
138,27,1.0,1.0
138,28,1.0,1.0
138,29,1.0,1.0
138,30,1.0,1.0
138,31,1.0,1.0
138,32,1.0,1.0
138,33,1.0,1.0
138,34,1.0,1.0
138,35,1.0,1.0
138,36,1.0,1.0
138,37,1.0,1.0
138,38,1.0,1.0
138,39,1.0,1.0
138,40,1.0,1.0
138,41,1.0,1.0
138,42,1.0,1.0
138,43,1.0,1.0
138,44,1.0,1.0
138,45,1.0,1.0
138,46,1.0,1.0
138,47,1.0,1.0
138,48,1.0,1.0
138,49,1.0,1.0
138,50,1.0,1.0
138,51,1.0,1.0
138,52,1.0,1.0
138,53,1.0,1.0
138,54,1.0,1.0
138,55,1.0,1.0
138,56,1.0,1.0
138,57,1.0,1.0
138,58,1.0,1.0
138,59,1.0,1.0
138,60,1.0,1.0
138,61,1.0,1.0
138,62,1.0,1.0
138,63,1.0,1.0
138,64,1.0,1.0
138,65,1.0,1.0
138,66,1.0,1.0
138,67,1.0,1.0
138,68,1.0,1.0
138,69,1.0,1.0
138,70,1.0,1.0
138,71,1.0,1.0
138,72,1.0,1.0
138,73,1.0,1.0
138,74,1.0,1.0
138,75,1.0,1.0
138,76,1.0,1.0
138,77,1.0,1.0
138,78,1.0,1.0
138,79,1.0,1.0
138,80,1.0,1.0
138,81,1.0,1.0
138,82,1.0,1.0
138,83,1.0,1.0
138,84,1.0,1.0
138,85,1.0,1.0
138,86,1.0,1.0
138,87,1.0,1.0
138,88,1.0,1.0
138,89,1.0,1.0
138,90,1.0,1.0
138,91,1.0,1.0
138,92,1.0,1.0
138,93,1.0,1.0
138,94,1.0,1.0
138,95,1.0,1.0
138,96,1.0,1.0
138,97,1.0,1.0
138,98,1.0,1.0
138,99,1.0,1.0
138,100,1.0,1.0
139,1,0.18,0.0
139,2,0.18,1.0
139,3,0.48,0.4496
139,4,0.48,1.0
139,5,0.63,0.0
139,6,0.68,0.0
139,7,0.74,0.0
139,8,0.79,0.0
139,9,0.84,0.0
139,10,0.85,0.0
139,11,0.92,0.0
139,12,0.92,1.0
139,13,0.93,0.0
139,14,0.97,0.0
139,15,0.98,0.0
139,16,1.0,0.0
139,17,1.0,1.0
139,18,1.0,1.0
139,19,1.0,1.0
139,20,1.0,1.0
139,21,1.0,1.0
139,22,1.0,1.0
139,23,1.0,1.0
139,24,1.0,1.0
139,25,1.0,1.0
139,26,1.0,1.0
139,27,1.0,1.0
139,28,1.0,1.0
139,29,1.0,1.0
139,30,1.0,1.0
139,31,1.0,1.0
139,32,1.0,1.0
139,33,1.0,1.0
139,34,1.0,1.0
139,35,1.0,1.0
139,36,1.0,1.0
139,37,1.0,1.0
139,38,1.0,1.0
139,39,1.0,1.0
139,40,1.0,1.0
139,41,1.0,1.0
139,42,1.0,1.0
139,43,1.0,1.0
139,44,1.0,1.0
139,45,1.0,1.0
139,46,1.0,1.0
139,47,1.0,1.0
139,48,1.0,1.0
139,49,1.0,1.0
139,50,1.0,1.0
139,51,1.0,1.0
139,52,1.0,1.0
139,53,1.0,1.0
139,54,1.0,1.0
139,55,1.0,1.0
139,56,1.0,1.0
139,57,1.0,1.0
139,58,1.0,1.0
139,59,1.0,1.0
139,60,1.0,1.0
139,61,1.0,1.0
139,62,1.0,1.0
139,63,1.0,1.0
139,64,1.0,1.0
139,65,1.0,1.0
139,66,1.0,1.0
139,67,1.0,1.0
139,68,1.0,1.0
139,69,1.0,1.0
139,70,1.0,1.0
139,71,1.0,1.0
139,72,1.0,1.0
139,73,1.0,1.0
139,74,1.0,1.0
139,75,1.0,1.0
139,76,1.0,1.0
139,77,1.0,1.0
139,78,1.0,1.0
139,79,1.0,1.0
139,80,1.0,1.0
139,81,1.0,1.0
139,82,1.0,1.0
139,83,1.0,1.0
139,84,1.0,1.0
139,85,1.0,1.0
139,86,1.0,1.0
139,87,1.0,1.0
139,88,1.0,1.0
139,89,1.0,1.0
139,90,1.0,1.0
139,91,1.0,1.0
139,92,1.0,1.0
139,93,1.0,1.0
139,94,1.0,1.0
139,95,1.0,1.0
139,96,1.0,1.0
139,97,1.0,1.0
139,98,1.0,1.0
139,99,1.0,1.0
139,100,1.0,1.0
140,1,0.2,0.0
140,2,0.2,1.0
140,3,0.67,0.1905
140,4,0.67,1.0
140,5,0.76,0.0
140,6,0.82,0.0
140,7,0.92,0.0
140,8,0.96,0.0
140,9,0.97,0.0
140,10,0.99,0.0
140,11,0.99,1.0
140,12,0.99,1.0
140,13,0.99,1.0
140,14,1.0,0.0
140,15,1.0,1.0
140,16,1.0,1.0
140,17,1.0,1.0
140,18,1.0,1.0
140,19,1.0,1.0
140,20,1.0,1.0
140,21,1.0,1.0
140,22,1.0,1.0
140,23,1.0,1.0
140,24,1.0,1.0
140,25,1.0,1.0
140,26,1.0,1.0
140,27,1.0,1.0
140,28,1.0,1.0
140,29,1.0,1.0
140,30,1.0,1.0
140,31,1.0,1.0
140,32,1.0,1.0
140,33,1.0,1.0
140,34,1.0,1.0
140,35,1.0,1.0
140,36,1.0,1.0
140,37,1.0,1.0
140,38,1.0,1.0
140,39,1.0,1.0
140,40,1.0,1.0
140,41,1.0,1.0
140,42,1.0,1.0
140,43,1.0,1.0
140,44,1.0,1.0
140,45,1.0,1.0
140,46,1.0,1.0
140,47,1.0,1.0
140,48,1.0,1.0
140,49,1.0,1.0
140,50,1.0,1.0
140,51,1.0,1.0
140,52,1.0,1.0
140,53,1.0,1.0
140,54,1.0,1.0
140,55,1.0,1.0
140,56,1.0,1.0
140,57,1.0,1.0
140,58,1.0,1.0
140,59,1.0,1.0
140,60,1.0,1.0
140,61,1.0,1.0
140,62,1.0,1.0
140,63,1.0,1.0
140,64,1.0,1.0
140,65,1.0,1.0
140,66,1.0,1.0
140,67,1.0,1.0
140,68,1.0,1.0
140,69,1.0,1.0
140,70,1.0,1.0
140,71,1.0,1.0
140,72,1.0,1.0
140,73,1.0,1.0
140,74,1.0,1.0
140,75,1.0,1.0
140,76,1.0,1.0
140,77,1.0,1.0
140,78,1.0,1.0
140,79,1.0,1.0
140,80,1.0,1.0
140,81,1.0,1.0
140,82,1.0,1.0
140,83,1.0,1.0
140,84,1.0,1.0
140,85,1.0,1.0
140,86,1.0,1.0
140,87,1.0,1.0
140,88,1.0,1.0
140,89,1.0,1.0
140,90,1.0,1.0
140,91,1.0,1.0
140,92,1.0,1.0
140,93,1.0,1.0
140,94,1.0,1.0
140,95,1.0,1.0
140,96,1.0,1.0
140,97,1.0,1.0
140,98,1.0,1.0
140,99,1.0,1.0
140,100,1.0,1.0
141,1,0.18,0.0
141,2,0.18,1.0
141,3,0.57,0.3023
141,4,0.57,1.0
141,5,0.75,0.0
141,6,0.8,0.0
141,7,0.87,0.0
141,8,0.94,0.0
141,9,0.97,0.0
141,10,0.99,0.0
141,11,0.99,1.0
141,12,0.99,1.0
141,13,0.99,1.0
141,14,0.99,1.0
141,15,1.0,0.0
141,16,1.0,1.0
141,17,1.0,1.0
141,18,1.0,1.0
141,19,1.0,1.0
141,20,1.0,1.0
141,21,1.0,1.0
141,22,1.0,1.0
141,23,1.0,1.0
141,24,1.0,1.0
141,25,1.0,1.0
141,26,1.0,1.0
141,27,1.0,1.0
141,28,1.0,1.0
141,29,1.0,1.0
141,30,1.0,1.0
141,31,1.0,1.0
141,32,1.0,1.0
141,33,1.0,1.0
141,34,1.0,1.0
141,35,1.0,1.0
141,36,1.0,1.0
141,37,1.0,1.0
141,38,1.0,1.0
141,39,1.0,1.0
141,40,1.0,1.0
141,41,1.0,1.0
141,42,1.0,1.0
141,43,1.0,1.0
141,44,1.0,1.0
141,45,1.0,1.0
141,46,1.0,1.0
141,47,1.0,1.0
141,48,1.0,1.0
141,49,1.0,1.0
141,50,1.0,1.0
141,51,1.0,1.0
141,52,1.0,1.0
141,53,1.0,1.0
141,54,1.0,1.0
141,55,1.0,1.0
141,56,1.0,1.0
141,57,1.0,1.0
141,58,1.0,1.0
141,59,1.0,1.0
141,60,1.0,1.0
141,61,1.0,1.0
141,62,1.0,1.0
141,63,1.0,1.0
141,64,1.0,1.0
141,65,1.0,1.0
141,66,1.0,1.0
141,67,1.0,1.0
141,68,1.0,1.0
141,69,1.0,1.0
141,70,1.0,1.0
141,71,1.0,1.0
141,72,1.0,1.0
141,73,1.0,1.0
141,74,1.0,1.0
141,75,1.0,1.0
141,76,1.0,1.0
141,77,1.0,1.0
141,78,1.0,1.0
141,79,1.0,1.0
141,80,1.0,1.0
141,81,1.0,1.0
141,82,1.0,1.0
141,83,1.0,1.0
141,84,1.0,1.0
141,85,1.0,1.0
141,86,1.0,1.0
141,87,1.0,1.0
141,88,1.0,1.0
141,89,1.0,1.0
141,90,1.0,1.0
141,91,1.0,1.0
141,92,1.0,1.0
141,93,1.0,1.0
141,94,1.0,1.0
141,95,1.0,1.0
141,96,1.0,1.0
141,97,1.0,1.0
141,98,1.0,1.0
141,99,1.0,1.0
141,100,1.0,1.0
142,1,0.15,0.0
142,2,0.15,1.0
142,3,0.31,0.6908
142,4,0.31,1.0
142,5,0.31,1.3046
142,6,0.29,1.0
142,7,0.27,1.3683
142,8,0.23,1.0
142,9,0.2,1.4599
142,10,0.18,1.0
142,11,0.16,1.476
142,12,0.13,1.0
142,13,0.11,1.4939
142,14,0.06,1.0
142,15,0.02,1.5279
142,16,0.01,1.0
142,17,0.01,1.4965
142,18,0.01,1.0
142,19,0.01,1.498
142,20,0.01,1.0
142,21,0.0,1.509
142,22,0.0,1.0
142,23,0.0,1.5
142,24,0.0,1.0
142,25,0.0,1.5
142,26,0.0,1.0
142,27,0.0,1.5
142,28,0.0,1.0
142,29,0.0,1.5
142,30,0.0,1.0
142,31,0.0,1.5
142,32,0.0,1.0
142,33,0.0,1.5
142,34,0.0,1.0
142,35,0.0,1.5
142,36,0.0,1.0
142,37,0.0,1.5
142,38,0.0,1.0
142,39,0.0,1.5
142,40,0.0,1.0
142,41,0.0,1.5
142,42,0.0,1.0
142,43,0.0,1.5
142,44,0.0,1.0
142,45,0.0,1.5
142,46,0.0,1.0
142,47,0.0,1.5
142,48,0.0,1.0
142,49,0.0,1.5
142,50,0.0,1.0
142,51,0.0,1.5
142,52,0.0,1.0
142,53,0.0,1.5
142,54,0.0,1.0
142,55,0.0,1.5
142,56,0.0,1.0
142,57,0.0,1.5
142,58,0.0,1.0
142,59,0.0,1.5
142,60,0.0,1.0
142,61,0.0,1.5
142,62,0.0,1.0
142,63,0.0,1.5
142,64,0.0,1.0
142,65,0.0,1.5
142,66,0.0,1.0
142,67,0.0,1.5
142,68,0.0,1.0
142,69,0.0,1.5
142,70,0.0,1.0
142,71,0.0,1.5
142,72,0.0,1.0
142,73,0.0,1.5
142,74,0.0,1.0
142,75,0.0,1.5
142,76,0.0,1.0
142,77,0.0,1.5
142,78,0.0,1.0
142,79,0.0,1.5
142,80,0.0,1.0
142,81,0.0,1.5
142,82,0.0,1.0
142,83,0.0,1.5
142,84,0.0,1.0
142,85,0.0,1.5
142,86,0.0,1.0
142,87,0.0,1.5
142,88,0.0,1.0
142,89,0.0,1.5
142,90,0.0,1.0
142,91,0.0,1.5
142,92,0.0,1.0
142,93,0.0,1.5
142,94,0.0,1.0
142,95,0.0,1.5
142,96,0.0,1.0
142,97,0.0,1.5
142,98,0.0,1.0
142,99,0.0,1.5
142,100,0.0,1.0
143,1,0.15,0.0
143,2,0.15,1.0
143,3,0.59,0.2926
143,4,0.59,1.0
143,5,0.73,0.0
143,6,0.87,0.0
143,7,0.96,0.0
143,8,0.99,0.0
143,9,0.99,1.0
143,10,0.99,1.0
143,11,0.99,1.0
143,12,0.99,1.0
143,13,0.99,1.0
143,14,1.0,0.0
143,15,1.0,1.0
143,16,1.0,1.0
143,17,1.0,1.0
143,18,1.0,1.0
143,19,1.0,1.0
143,20,1.0,1.0
143,21,1.0,1.0
143,22,1.0,1.0
143,23,1.0,1.0
143,24,1.0,1.0
143,25,1.0,1.0
143,26,1.0,1.0
143,27,1.0,1.0
143,28,1.0,1.0
143,29,1.0,1.0
143,30,1.0,1.0
143,31,1.0,1.0
143,32,1.0,1.0
143,33,1.0,1.0
143,34,1.0,1.0
143,35,1.0,1.0
143,36,1.0,1.0
143,37,1.0,1.0
143,38,1.0,1.0
143,39,1.0,1.0
143,40,1.0,1.0
143,41,1.0,1.0
143,42,1.0,1.0
143,43,1.0,1.0
143,44,1.0,1.0
143,45,1.0,1.0
143,46,1.0,1.0
143,47,1.0,1.0
143,48,1.0,1.0
143,49,1.0,1.0
143,50,1.0,1.0
143,51,1.0,1.0
143,52,1.0,1.0
143,53,1.0,1.0
143,54,1.0,1.0
143,55,1.0,1.0
143,56,1.0,1.0
143,57,1.0,1.0
143,58,1.0,1.0
143,59,1.0,1.0
143,60,1.0,1.0
143,61,1.0,1.0
143,62,1.0,1.0
143,63,1.0,1.0
143,64,1.0,1.0
143,65,1.0,1.0
143,66,1.0,1.0
143,67,1.0,1.0
143,68,1.0,1.0
143,69,1.0,1.0
143,70,1.0,1.0
143,71,1.0,1.0
143,72,1.0,1.0
143,73,1.0,1.0
143,74,1.0,1.0
143,75,1.0,1.0
143,76,1.0,1.0
143,77,1.0,1.0
143,78,1.0,1.0
143,79,1.0,1.0
143,80,1.0,1.0
143,81,1.0,1.0
143,82,1.0,1.0
143,83,1.0,1.0
143,84,1.0,1.0
143,85,1.0,1.0
143,86,1.0,1.0
143,87,1.0,1.0
143,88,1.0,1.0
143,89,1.0,1.0
143,90,1.0,1.0
143,91,1.0,1.0
143,92,1.0,1.0
143,93,1.0,1.0
143,94,1.0,1.0
143,95,1.0,1.0
143,96,1.0,1.0
143,97,1.0,1.0
143,98,1.0,1.0
143,99,1.0,1.0
143,100,1.0,1.0
144,1,0.16,0.0
144,2,0.16,1.0
144,3,0.47,0.4795
144,4,0.47,1.0
144,5,0.62,0.221
144,6,0.73,0.0
144,7,0.82,0.0
144,8,0.85,0.0
144,9,0.89,0.0
144,10,0.93,0.0
144,11,0.94,0.0
144,12,0.97,0.0
144,13,0.98,0.0
144,14,0.98,1.0
144,15,0.99,0.0
144,16,1.0,0.0
144,17,1.0,1.0
144,18,1.0,1.0
144,19,1.0,1.0
144,20,1.0,1.0
144,21,1.0,1.0
144,22,1.0,1.0
144,23,1.0,1.0
144,24,1.0,1.0
144,25,1.0,1.0
144,26,1.0,1.0
144,27,1.0,1.0
144,28,1.0,1.0
144,29,1.0,1.0
144,30,1.0,1.0
144,31,1.0,1.0
144,32,1.0,1.0
144,33,1.0,1.0
144,34,1.0,1.0
144,35,1.0,1.0
144,36,1.0,1.0
144,37,1.0,1.0
144,38,1.0,1.0
144,39,1.0,1.0
144,40,1.0,1.0
144,41,1.0,1.0
144,42,1.0,1.0
144,43,1.0,1.0
144,44,1.0,1.0
144,45,1.0,1.0
144,46,1.0,1.0
144,47,1.0,1.0
144,48,1.0,1.0
144,49,1.0,1.0
144,50,1.0,1.0
144,51,1.0,1.0
144,52,1.0,1.0
144,53,1.0,1.0
144,54,1.0,1.0
144,55,1.0,1.0
144,56,1.0,1.0
144,57,1.0,1.0
144,58,1.0,1.0
144,59,1.0,1.0
144,60,1.0,1.0
144,61,1.0,1.0
144,62,1.0,1.0
144,63,1.0,1.0
144,64,1.0,1.0
144,65,1.0,1.0
144,66,1.0,1.0
144,67,1.0,1.0
144,68,1.0,1.0
144,69,1.0,1.0
144,70,1.0,1.0
144,71,1.0,1.0
144,72,1.0,1.0
144,73,1.0,1.0
144,74,1.0,1.0
144,75,1.0,1.0
144,76,1.0,1.0
144,77,1.0,1.0
144,78,1.0,1.0
144,79,1.0,1.0
144,80,1.0,1.0
144,81,1.0,1.0
144,82,1.0,1.0
144,83,1.0,1.0
144,84,1.0,1.0
144,85,1.0,1.0
144,86,1.0,1.0
144,87,1.0,1.0
144,88,1.0,1.0
144,89,1.0,1.0
144,90,1.0,1.0
144,91,1.0,1.0
144,92,1.0,1.0
144,93,1.0,1.0
144,94,1.0,1.0
144,95,1.0,1.0
144,96,1.0,1.0
144,97,1.0,1.0
144,98,1.0,1.0
144,99,1.0,1.0
144,100,1.0,1.0
145,1,0.09,0.0
145,2,0.09,1.0
145,3,0.2,0.6309
145,4,0.2,1.0
145,5,0.25,0.6474
145,6,0.24,1.0
145,7,0.23,1.2221
145,8,0.2,1.0
145,9,0.17,1.3266
145,10,0.13,1.0
145,11,0.09,1.4118
145,12,0.06,1.0
145,13,0.05,1.3965
145,14,0.03,1.0
145,15,0.02,1.503
145,16,0.02,1.0
145,17,0.01,1.507
145,18,0.01,1.0
145,19,0.0,1.5095
145,20,0.0,1.0
145,21,0.0,1.5
145,22,0.0,1.0
145,23,0.0,1.5
145,24,0.0,1.0
145,25,0.0,1.5
145,26,0.0,1.0
145,27,0.0,1.5
145,28,0.0,1.0
145,29,0.0,1.5
145,30,0.0,1.0
145,31,0.0,1.5
145,32,0.0,1.0
145,33,0.0,1.5
145,34,0.0,1.0
145,35,0.0,1.5
145,36,0.0,1.0
145,37,0.0,1.5
145,38,0.0,1.0
145,39,0.0,1.5
145,40,0.0,1.0
145,41,0.0,1.5
145,42,0.0,1.0
145,43,0.0,1.5
145,44,0.0,1.0
145,45,0.0,1.5
145,46,0.0,1.0
145,47,0.0,1.5
145,48,0.0,1.0
145,49,0.0,1.5
145,50,0.0,1.0
145,51,0.0,1.5
145,52,0.0,1.0
145,53,0.0,1.5
145,54,0.0,1.0
145,55,0.0,1.5
145,56,0.0,1.0
145,57,0.0,1.5
145,58,0.0,1.0
145,59,0.0,1.5
145,60,0.0,1.0
145,61,0.0,1.5
145,62,0.0,1.0
145,63,0.0,1.5
145,64,0.0,1.0
145,65,0.0,1.5
145,66,0.0,1.0
145,67,0.0,1.5
145,68,0.0,1.0
145,69,0.0,1.5
145,70,0.0,1.0
145,71,0.0,1.5
145,72,0.0,1.0
145,73,0.0,1.5
145,74,0.0,1.0
145,75,0.0,1.5
145,76,0.0,1.0
145,77,0.0,1.5
145,78,0.0,1.0
145,79,0.0,1.5
145,80,0.0,1.0
145,81,0.0,1.5
145,82,0.0,1.0
145,83,0.0,1.5
145,84,0.0,1.0
145,85,0.0,1.5
145,86,0.0,1.0
145,87,0.0,1.5
145,88,0.0,1.0
145,89,0.0,1.5
145,90,0.0,1.0
145,91,0.0,1.5
145,92,0.0,1.0
145,93,0.0,1.5
145,94,0.0,1.0
145,95,0.0,1.5
145,96,0.0,1.0
145,97,0.0,1.5
145,98,0.0,1.0
145,99,0.0,1.5
145,100,0.0,1.0
146,1,0.17,0.0
146,2,0.17,1.0
146,3,0.55,0.5148
146,4,0.55,1.0
146,5,0.7,0.3504
146,6,0.78,0.0
146,7,0.84,0.0
146,8,0.89,0.0
146,9,0.92,0.0
146,10,0.93,0.0
146,11,0.94,0.0
146,12,0.95,0.0
146,13,0.95,1.0
146,14,0.98,0.0
146,15,1.0,0.0
146,16,1.0,1.0
146,17,1.0,1.0
146,18,1.0,1.0
146,19,1.0,1.0
146,20,1.0,1.0
146,21,1.0,1.0
146,22,1.0,1.0
146,23,1.0,1.0
146,24,1.0,1.0
146,25,1.0,1.0
146,26,1.0,1.0
146,27,1.0,1.0
146,28,1.0,1.0
146,29,1.0,1.0
146,30,1.0,1.0
146,31,1.0,1.0
146,32,1.0,1.0
146,33,1.0,1.0
146,34,1.0,1.0
146,35,1.0,1.0
146,36,1.0,1.0
146,37,1.0,1.0
146,38,1.0,1.0
146,39,1.0,1.0
146,40,1.0,1.0
146,41,1.0,1.0
146,42,1.0,1.0
146,43,1.0,1.0
146,44,1.0,1.0
146,45,1.0,1.0
146,46,1.0,1.0
146,47,1.0,1.0
146,48,1.0,1.0
146,49,1.0,1.0
146,50,1.0,1.0
146,51,1.0,1.0
146,52,1.0,1.0
146,53,1.0,1.0
146,54,1.0,1.0
146,55,1.0,1.0
146,56,1.0,1.0
146,57,1.0,1.0
146,58,1.0,1.0
146,59,1.0,1.0
146,60,1.0,1.0
146,61,1.0,1.0
146,62,1.0,1.0
146,63,1.0,1.0
146,64,1.0,1.0
146,65,1.0,1.0
146,66,1.0,1.0
146,67,1.0,1.0
146,68,1.0,1.0
146,69,1.0,1.0
146,70,1.0,1.0
146,71,1.0,1.0
146,72,1.0,1.0
146,73,1.0,1.0
146,74,1.0,1.0
146,75,1.0,1.0
146,76,1.0,1.0
146,77,1.0,1.0
146,78,1.0,1.0
146,79,1.0,1.0
146,80,1.0,1.0
146,81,1.0,1.0
146,82,1.0,1.0
146,83,1.0,1.0
146,84,1.0,1.0
146,85,1.0,1.0
146,86,1.0,1.0
146,87,1.0,1.0
146,88,1.0,1.0
146,89,1.0,1.0
146,90,1.0,1.0
146,91,1.0,1.0
146,92,1.0,1.0
146,93,1.0,1.0
146,94,1.0,1.0
146,95,1.0,1.0
146,96,1.0,1.0
146,97,1.0,1.0
146,98,1.0,1.0
146,99,1.0,1.0
146,100,1.0,1.0
147,1,0.16,0.0
147,2,0.16,1.0
147,3,0.54,0.3278
147,4,0.54,1.0
147,5,0.64,0.0
147,6,0.71,0.0
147,7,0.84,0.0
147,8,0.87,0.0
147,9,0.91,0.0
147,10,0.92,0.0
147,11,0.93,0.0
147,12,0.96,0.0
147,13,0.96,1.0
147,14,0.98,0.0
147,15,0.99,0.0
147,16,1.0,0.0
147,17,1.0,1.0
147,18,1.0,1.0
147,19,1.0,1.0
147,20,1.0,1.0
147,21,1.0,1.0
147,22,1.0,1.0
147,23,1.0,1.0
147,24,1.0,1.0
147,25,1.0,1.0
147,26,1.0,1.0
147,27,1.0,1.0
147,28,1.0,1.0
147,29,1.0,1.0
147,30,1.0,1.0
147,31,1.0,1.0
147,32,1.0,1.0
147,33,1.0,1.0
147,34,1.0,1.0
147,35,1.0,1.0
147,36,1.0,1.0
147,37,1.0,1.0
147,38,1.0,1.0
147,39,1.0,1.0
147,40,1.0,1.0
147,41,1.0,1.0
147,42,1.0,1.0
147,43,1.0,1.0
147,44,1.0,1.0
147,45,1.0,1.0
147,46,1.0,1.0
147,47,1.0,1.0
147,48,1.0,1.0
147,49,1.0,1.0
147,50,1.0,1.0
147,51,1.0,1.0
147,52,1.0,1.0
147,53,1.0,1.0
147,54,1.0,1.0
147,55,1.0,1.0
147,56,1.0,1.0
147,57,1.0,1.0
147,58,1.0,1.0
147,59,1.0,1.0
147,60,1.0,1.0
147,61,1.0,1.0
147,62,1.0,1.0
147,63,1.0,1.0
147,64,1.0,1.0
147,65,1.0,1.0
147,66,1.0,1.0
147,67,1.0,1.0
147,68,1.0,1.0
147,69,1.0,1.0
147,70,1.0,1.0
147,71,1.0,1.0
147,72,1.0,1.0
147,73,1.0,1.0
147,74,1.0,1.0
147,75,1.0,1.0
147,76,1.0,1.0
147,77,1.0,1.0
147,78,1.0,1.0
147,79,1.0,1.0
147,80,1.0,1.0
147,81,1.0,1.0
147,82,1.0,1.0
147,83,1.0,1.0
147,84,1.0,1.0
147,85,1.0,1.0
147,86,1.0,1.0
147,87,1.0,1.0
147,88,1.0,1.0
147,89,1.0,1.0
147,90,1.0,1.0
147,91,1.0,1.0
147,92,1.0,1.0
147,93,1.0,1.0
147,94,1.0,1.0
147,95,1.0,1.0
147,96,1.0,1.0
147,97,1.0,1.0
147,98,1.0,1.0
147,99,1.0,1.0
147,100,1.0,1.0
148,1,0.1,0.0
148,2,0.1,1.0
148,3,0.23,0.7305
148,4,0.23,1.0
148,5,0.25,0.794
148,6,0.24,1.0
148,7,0.22,1.3716
148,8,0.19,1.0
148,9,0.16,1.4716
148,10,0.14,1.0
148,11,0.11,1.4966
148,12,0.08,1.0
148,13,0.05,1.5135
148,14,0.05,1.0
148,15,0.01,1.5335
148,16,0.01,1.0
148,17,0.01,1.498
148,18,0.01,1.0
148,19,0.0,1.509
148,20,0.0,1.0
148,21,0.0,1.5
148,22,0.0,1.0
148,23,0.0,1.5
148,24,0.0,1.0
148,25,0.0,1.5
148,26,0.0,1.0
148,27,0.0,1.5
148,28,0.0,1.0
148,29,0.0,1.5
148,30,0.0,1.0
148,31,0.0,1.5
148,32,0.0,1.0
148,33,0.0,1.5
148,34,0.0,1.0
148,35,0.0,1.5
148,36,0.0,1.0
148,37,0.0,1.5
148,38,0.0,1.0
148,39,0.0,1.5
148,40,0.0,1.0
148,41,0.0,1.5
148,42,0.0,1.0
148,43,0.0,1.5
148,44,0.0,1.0
148,45,0.0,1.5
148,46,0.0,1.0
148,47,0.0,1.5
148,48,0.0,1.0
148,49,0.0,1.5
148,50,0.0,1.0
148,51,0.0,1.5
148,52,0.0,1.0
148,53,0.0,1.5
148,54,0.0,1.0
148,55,0.0,1.5
148,56,0.0,1.0
148,57,0.0,1.5
148,58,0.0,1.0
148,59,0.0,1.5
148,60,0.0,1.0
148,61,0.0,1.5
148,62,0.0,1.0
148,63,0.0,1.5
148,64,0.0,1.0
148,65,0.0,1.5
148,66,0.0,1.0
148,67,0.0,1.5
148,68,0.0,1.0
148,69,0.0,1.5
148,70,0.0,1.0
148,71,0.0,1.5
148,72,0.0,1.0
148,73,0.0,1.5
148,74,0.0,1.0
148,75,0.0,1.5
148,76,0.0,1.0
148,77,0.0,1.5
148,78,0.0,1.0
148,79,0.0,1.5
148,80,0.0,1.0
148,81,0.0,1.5
148,82,0.0,1.0
148,83,0.0,1.5
148,84,0.0,1.0
148,85,0.0,1.5
148,86,0.0,1.0
148,87,0.0,1.5
148,88,0.0,1.0
148,89,0.0,1.5
148,90,0.0,1.0
148,91,0.0,1.5
148,92,0.0,1.0
148,93,0.0,1.5
148,94,0.0,1.0
148,95,0.0,1.5
148,96,0.0,1.0
148,97,0.0,1.5
148,98,0.0,1.0
148,99,0.0,1.5
148,100,0.0,1.0
149,1,0.18,0.0
149,2,0.18,1.0
149,3,0.53,0.3776
149,4,0.53,1.0
149,5,0.66,0.0
149,6,0.7,0.0
149,7,0.82,0.0
149,8,0.85,0.0
149,9,0.9,0.0
149,10,0.91,0.0
149,11,0.92,0.0
149,12,0.94,0.0
149,13,0.95,0.0
149,14,0.99,0.0
149,15,1.0,0.0
149,16,1.0,1.0
149,17,1.0,1.0
149,18,1.0,1.0
149,19,1.0,1.0
149,20,1.0,1.0
149,21,1.0,1.0
149,22,1.0,1.0
149,23,1.0,1.0
149,24,1.0,1.0
149,25,1.0,1.0
149,26,1.0,1.0
149,27,1.0,1.0
149,28,1.0,1.0
149,29,1.0,1.0
149,30,1.0,1.0
149,31,1.0,1.0
149,32,1.0,1.0
149,33,1.0,1.0
149,34,1.0,1.0
149,35,1.0,1.0
149,36,1.0,1.0
149,37,1.0,1.0
149,38,1.0,1.0
149,39,1.0,1.0
149,40,1.0,1.0
149,41,1.0,1.0
149,42,1.0,1.0
149,43,1.0,1.0
149,44,1.0,1.0
149,45,1.0,1.0
149,46,1.0,1.0
149,47,1.0,1.0
149,48,1.0,1.0
149,49,1.0,1.0
149,50,1.0,1.0
149,51,1.0,1.0
149,52,1.0,1.0
149,53,1.0,1.0
149,54,1.0,1.0
149,55,1.0,1.0
149,56,1.0,1.0
149,57,1.0,1.0
149,58,1.0,1.0
149,59,1.0,1.0
149,60,1.0,1.0
149,61,1.0,1.0
149,62,1.0,1.0
149,63,1.0,1.0
149,64,1.0,1.0
149,65,1.0,1.0
149,66,1.0,1.0
149,67,1.0,1.0
149,68,1.0,1.0
149,69,1.0,1.0
149,70,1.0,1.0
149,71,1.0,1.0
149,72,1.0,1.0
149,73,1.0,1.0
149,74,1.0,1.0
149,75,1.0,1.0
149,76,1.0,1.0
149,77,1.0,1.0
149,78,1.0,1.0
149,79,1.0,1.0
149,80,1.0,1.0
149,81,1.0,1.0
149,82,1.0,1.0
149,83,1.0,1.0
149,84,1.0,1.0
149,85,1.0,1.0
149,86,1.0,1.0
149,87,1.0,1.0
149,88,1.0,1.0
149,89,1.0,1.0
149,90,1.0,1.0
149,91,1.0,1.0
149,92,1.0,1.0
149,93,1.0,1.0
149,94,1.0,1.0
149,95,1.0,1.0
149,96,1.0,1.0
149,97,1.0,1.0
149,98,1.0,1.0
149,99,1.0,1.0
149,100,1.0,1.0
150,1,0.28,0.0
150,2,0.28,1.0
150,3,0.84,0.1114
150,4,0.84,1.0
150,5,0.88,0.0
150,6,0.91,0.0
150,7,0.94,0.0
150,8,0.97,0.0
150,9,0.97,1.0
150,10,0.99,0.0
150,11,0.99,1.0
150,12,0.99,1.0
150,13,1.0,0.0
150,14,1.0,1.0
150,15,1.0,1.0
150,16,1.0,1.0
150,17,1.0,1.0
150,18,1.0,1.0
150,19,1.0,1.0
150,20,1.0,1.0
150,21,1.0,1.0
150,22,1.0,1.0
150,23,1.0,1.0
150,24,1.0,1.0
150,25,1.0,1.0
150,26,1.0,1.0
150,27,1.0,1.0
150,28,1.0,1.0
150,29,1.0,1.0
150,30,1.0,1.0
150,31,1.0,1.0
150,32,1.0,1.0
150,33,1.0,1.0
150,34,1.0,1.0
150,35,1.0,1.0
150,36,1.0,1.0
150,37,1.0,1.0
150,38,1.0,1.0
150,39,1.0,1.0
150,40,1.0,1.0
150,41,1.0,1.0
150,42,1.0,1.0
150,43,1.0,1.0
150,44,1.0,1.0
150,45,1.0,1.0
150,46,1.0,1.0
150,47,1.0,1.0
150,48,1.0,1.0
150,49,1.0,1.0
150,50,1.0,1.0
150,51,1.0,1.0
150,52,1.0,1.0
150,53,1.0,1.0
150,54,1.0,1.0
150,55,1.0,1.0
150,56,1.0,1.0
150,57,1.0,1.0
150,58,1.0,1.0
150,59,1.0,1.0
150,60,1.0,1.0
150,61,1.0,1.0
150,62,1.0,1.0
150,63,1.0,1.0
150,64,1.0,1.0
150,65,1.0,1.0
150,66,1.0,1.0
150,67,1.0,1.0
150,68,1.0,1.0
150,69,1.0,1.0
150,70,1.0,1.0
150,71,1.0,1.0
150,72,1.0,1.0
150,73,1.0,1.0
150,74,1.0,1.0
150,75,1.0,1.0
150,76,1.0,1.0
150,77,1.0,1.0
150,78,1.0,1.0
150,79,1.0,1.0
150,80,1.0,1.0
150,81,1.0,1.0
150,82,1.0,1.0
150,83,1.0,1.0
150,84,1.0,1.0
150,85,1.0,1.0
150,86,1.0,1.0
150,87,1.0,1.0
150,88,1.0,1.0
150,89,1.0,1.0
150,90,1.0,1.0
150,91,1.0,1.0
150,92,1.0,1.0
150,93,1.0,1.0
150,94,1.0,1.0
150,95,1.0,1.0
150,96,1.0,1.0
150,97,1.0,1.0
150,98,1.0,1.0
150,99,1.0,1.0
150,100,1.0,1.0
151,1,0.14,0.0
151,2,0.14,1.0
151,3,0.4,0.6271
151,4,0.4,1.0
151,5,0.64,0.4141
151,6,0.75,0.0
151,7,0.83,0.0
151,8,0.87,0.0
151,9,0.92,0.0
151,10,0.95,0.0
151,11,0.97,0.0
151,12,0.98,0.0
151,13,0.99,0.0
151,14,0.99,1.0
151,15,0.99,1.0
151,16,1.0,0.0
151,17,1.0,1.0
151,18,1.0,1.0
151,19,1.0,1.0
151,20,1.0,1.0
151,21,1.0,1.0
151,22,1.0,1.0
151,23,1.0,1.0
151,24,1.0,1.0
151,25,1.0,1.0
151,26,1.0,1.0
151,27,1.0,1.0
151,28,1.0,1.0
151,29,1.0,1.0
151,30,1.0,1.0
151,31,1.0,1.0
151,32,1.0,1.0
151,33,1.0,1.0
151,34,1.0,1.0
151,35,1.0,1.0
151,36,1.0,1.0
151,37,1.0,1.0
151,38,1.0,1.0
151,39,1.0,1.0
151,40,1.0,1.0
151,41,1.0,1.0
151,42,1.0,1.0
151,43,1.0,1.0
151,44,1.0,1.0
151,45,1.0,1.0
151,46,1.0,1.0
151,47,1.0,1.0
151,48,1.0,1.0
151,49,1.0,1.0
151,50,1.0,1.0
151,51,1.0,1.0
151,52,1.0,1.0
151,53,1.0,1.0
151,54,1.0,1.0
151,55,1.0,1.0
151,56,1.0,1.0
151,57,1.0,1.0
151,58,1.0,1.0
151,59,1.0,1.0
151,60,1.0,1.0
151,61,1.0,1.0
151,62,1.0,1.0
151,63,1.0,1.0
151,64,1.0,1.0
151,65,1.0,1.0
151,66,1.0,1.0
151,67,1.0,1.0
151,68,1.0,1.0
151,69,1.0,1.0
151,70,1.0,1.0
151,71,1.0,1.0
151,72,1.0,1.0
151,73,1.0,1.0
151,74,1.0,1.0
151,75,1.0,1.0
151,76,1.0,1.0
151,77,1.0,1.0
151,78,1.0,1.0
151,79,1.0,1.0
151,80,1.0,1.0
151,81,1.0,1.0
151,82,1.0,1.0
151,83,1.0,1.0
151,84,1.0,1.0
151,85,1.0,1.0
151,86,1.0,1.0
151,87,1.0,1.0
151,88,1.0,1.0
151,89,1.0,1.0
151,90,1.0,1.0
151,91,1.0,1.0
151,92,1.0,1.0
151,93,1.0,1.0
151,94,1.0,1.0
151,95,1.0,1.0
151,96,1.0,1.0
151,97,1.0,1.0
151,98,1.0,1.0
151,99,1.0,1.0
151,100,1.0,1.0
152,1,0.14,0.0
152,2,0.14,1.0
152,3,0.39,0.541
152,4,0.39,1.0
152,5,0.45,0.4373
152,6,0.49,0.0
152,7,0.54,0.0
152,8,0.58,0.0
152,9,0.59,0.0
152,10,0.59,1.0
152,11,0.59,1.0
152,12,0.61,0.0
152,13,0.64,0.0
152,14,0.66,0.0
152,15,0.69,0.0
152,16,0.7,0.0
152,17,0.7,1.0
152,18,0.7,1.0
152,19,0.72,0.0
152,20,0.74,0.0
152,21,0.75,0.0
152,22,0.82,0.0
152,23,0.83,0.0
152,24,0.83,1.0
152,25,0.83,1.0
152,26,0.87,0.0
152,27,0.91,0.0
152,28,0.91,1.0
152,29,0.96,0.0
152,30,0.97,0.0
152,31,0.97,1.0
152,32,0.97,1.0
152,33,0.98,0.0
152,34,0.99,0.0
152,35,0.99,1.0
152,36,1.0,0.0
152,37,1.0,1.0
152,38,1.0,1.0
152,39,1.0,1.0
152,40,1.0,1.0
152,41,1.0,1.0
152,42,1.0,1.0
152,43,1.0,1.0
152,44,1.0,1.0
152,45,1.0,1.0
152,46,1.0,1.0
152,47,1.0,1.0
152,48,1.0,1.0
152,49,1.0,1.0
152,50,1.0,1.0
152,51,1.0,1.0
152,52,1.0,1.0
152,53,1.0,1.0
152,54,1.0,1.0
152,55,1.0,1.0
152,56,1.0,1.0
152,57,1.0,1.0
152,58,1.0,1.0
152,59,1.0,1.0
152,60,1.0,1.0
152,61,1.0,1.0
152,62,1.0,1.0
152,63,1.0,1.0
152,64,1.0,1.0
152,65,1.0,1.0
152,66,1.0,1.0
152,67,1.0,1.0
152,68,1.0,1.0
152,69,1.0,1.0
152,70,1.0,1.0
152,71,1.0,1.0
152,72,1.0,1.0
152,73,1.0,1.0
152,74,1.0,1.0
152,75,1.0,1.0
152,76,1.0,1.0
152,77,1.0,1.0
152,78,1.0,1.0
152,79,1.0,1.0
152,80,1.0,1.0
152,81,1.0,1.0
152,82,1.0,1.0
152,83,1.0,1.0
152,84,1.0,1.0
152,85,1.0,1.0
152,86,1.0,1.0
152,87,1.0,1.0
152,88,1.0,1.0
152,89,1.0,1.0
152,90,1.0,1.0
152,91,1.0,1.0
152,92,1.0,1.0
152,93,1.0,1.0
152,94,1.0,1.0
152,95,1.0,1.0
152,96,1.0,1.0
152,97,1.0,1.0
152,98,1.0,1.0
152,99,1.0,1.0
152,100,1.0,1.0
153,1,0.19,0.0
153,2,0.19,1.0
153,3,0.58,0.3113
153,4,0.58,1.0
153,5,0.66,0.0
153,6,0.72,0.0
153,7,0.86,0.0
153,8,0.91,0.0
153,9,0.94,0.0
153,10,0.94,1.0
153,11,0.95,0.0
153,12,0.96,0.0
153,13,0.98,0.0
153,14,1.0,0.0
153,15,1.0,1.0
153,16,1.0,1.0
153,17,1.0,1.0
153,18,1.0,1.0
153,19,1.0,1.0
153,20,1.0,1.0
153,21,1.0,1.0
153,22,1.0,1.0
153,23,1.0,1.0
153,24,1.0,1.0
153,25,1.0,1.0
153,26,1.0,1.0
153,27,1.0,1.0
153,28,1.0,1.0
153,29,1.0,1.0
153,30,1.0,1.0
153,31,1.0,1.0
153,32,1.0,1.0
153,33,1.0,1.0
153,34,1.0,1.0
153,35,1.0,1.0
153,36,1.0,1.0
153,37,1.0,1.0
153,38,1.0,1.0
153,39,1.0,1.0
153,40,1.0,1.0
153,41,1.0,1.0
153,42,1.0,1.0
153,43,1.0,1.0
153,44,1.0,1.0
153,45,1.0,1.0
153,46,1.0,1.0
153,47,1.0,1.0
153,48,1.0,1.0
153,49,1.0,1.0
153,50,1.0,1.0
153,51,1.0,1.0
153,52,1.0,1.0
153,53,1.0,1.0
153,54,1.0,1.0
153,55,1.0,1.0
153,56,1.0,1.0
153,57,1.0,1.0
153,58,1.0,1.0
153,59,1.0,1.0
153,60,1.0,1.0
153,61,1.0,1.0
153,62,1.0,1.0
153,63,1.0,1.0
153,64,1.0,1.0
153,65,1.0,1.0
153,66,1.0,1.0
153,67,1.0,1.0
153,68,1.0,1.0
153,69,1.0,1.0
153,70,1.0,1.0
153,71,1.0,1.0
153,72,1.0,1.0
153,73,1.0,1.0
153,74,1.0,1.0
153,75,1.0,1.0
153,76,1.0,1.0
153,77,1.0,1.0
153,78,1.0,1.0
153,79,1.0,1.0
153,80,1.0,1.0
153,81,1.0,1.0
153,82,1.0,1.0
153,83,1.0,1.0
153,84,1.0,1.0
153,85,1.0,1.0
153,86,1.0,1.0
153,87,1.0,1.0
153,88,1.0,1.0
153,89,1.0,1.0
153,90,1.0,1.0
153,91,1.0,1.0
153,92,1.0,1.0
153,93,1.0,1.0
153,94,1.0,1.0
153,95,1.0,1.0
153,96,1.0,1.0
153,97,1.0,1.0
153,98,1.0,1.0
153,99,1.0,1.0
153,100,1.0,1.0
154,1,0.16,0.0
154,2,0.16,1.0
154,3,0.49,0.5256
154,4,0.49,1.0
154,5,0.65,0.358
154,6,0.76,0.0
154,7,0.84,0.0
154,8,0.89,0.0
154,9,0.91,0.0
154,10,0.93,0.0
154,11,0.95,0.0
154,12,0.95,1.0
154,13,0.97,0.0
154,14,1.0,0.0
154,15,1.0,1.0
154,16,1.0,1.0
154,17,1.0,1.0
154,18,1.0,1.0
154,19,1.0,1.0
154,20,1.0,1.0
154,21,1.0,1.0
154,22,1.0,1.0
154,23,1.0,1.0
154,24,1.0,1.0
154,25,1.0,1.0
154,26,1.0,1.0
154,27,1.0,1.0
154,28,1.0,1.0
154,29,1.0,1.0
154,30,1.0,1.0
154,31,1.0,1.0
154,32,1.0,1.0
154,33,1.0,1.0
154,34,1.0,1.0
154,35,1.0,1.0
154,36,1.0,1.0
154,37,1.0,1.0
154,38,1.0,1.0
154,39,1.0,1.0
154,40,1.0,1.0
154,41,1.0,1.0
154,42,1.0,1.0
154,43,1.0,1.0
154,44,1.0,1.0
154,45,1.0,1.0
154,46,1.0,1.0
154,47,1.0,1.0
154,48,1.0,1.0
154,49,1.0,1.0
154,50,1.0,1.0
154,51,1.0,1.0
154,52,1.0,1.0
154,53,1.0,1.0
154,54,1.0,1.0
154,55,1.0,1.0
154,56,1.0,1.0
154,57,1.0,1.0
154,58,1.0,1.0
154,59,1.0,1.0
154,60,1.0,1.0
154,61,1.0,1.0
154,62,1.0,1.0
154,63,1.0,1.0
154,64,1.0,1.0
154,65,1.0,1.0
154,66,1.0,1.0
154,67,1.0,1.0
154,68,1.0,1.0
154,69,1.0,1.0
154,70,1.0,1.0
154,71,1.0,1.0
154,72,1.0,1.0
154,73,1.0,1.0
154,74,1.0,1.0
154,75,1.0,1.0
154,76,1.0,1.0
154,77,1.0,1.0
154,78,1.0,1.0
154,79,1.0,1.0
154,80,1.0,1.0
154,81,1.0,1.0
154,82,1.0,1.0
154,83,1.0,1.0
154,84,1.0,1.0
154,85,1.0,1.0
154,86,1.0,1.0
154,87,1.0,1.0
154,88,1.0,1.0
154,89,1.0,1.0
154,90,1.0,1.0
154,91,1.0,1.0
154,92,1.0,1.0
154,93,1.0,1.0
154,94,1.0,1.0
154,95,1.0,1.0
154,96,1.0,1.0
154,97,1.0,1.0
154,98,1.0,1.0
154,99,1.0,1.0
154,100,1.0,1.0
155,1,0.16,0.0
155,2,0.16,1.0
155,3,0.47,0.459
155,4,0.47,1.0
155,5,0.57,0.0
155,6,0.61,0.0
155,7,0.66,0.0
155,8,0.7,0.0
155,9,0.74,0.0
155,10,0.78,0.0
155,11,0.8,0.0
155,12,0.85,0.0
155,13,0.87,0.0
155,14,0.9,0.0
155,15,0.9,1.0
155,16,0.94,0.0
155,17,0.97,0.0
155,18,0.98,0.0
155,19,1.0,0.0
155,20,1.0,1.0
155,21,1.0,1.0
155,22,1.0,1.0
155,23,1.0,1.0
155,24,1.0,1.0
155,25,1.0,1.0
155,26,1.0,1.0
155,27,1.0,1.0
155,28,1.0,1.0
155,29,1.0,1.0
155,30,1.0,1.0
155,31,1.0,1.0
155,32,1.0,1.0
155,33,1.0,1.0
155,34,1.0,1.0
155,35,1.0,1.0
155,36,1.0,1.0
155,37,1.0,1.0
155,38,1.0,1.0
155,39,1.0,1.0
155,40,1.0,1.0
155,41,1.0,1.0
155,42,1.0,1.0
155,43,1.0,1.0
155,44,1.0,1.0
155,45,1.0,1.0
155,46,1.0,1.0
155,47,1.0,1.0
155,48,1.0,1.0
155,49,1.0,1.0
155,50,1.0,1.0
155,51,1.0,1.0
155,52,1.0,1.0
155,53,1.0,1.0
155,54,1.0,1.0
155,55,1.0,1.0
155,56,1.0,1.0
155,57,1.0,1.0
155,58,1.0,1.0
155,59,1.0,1.0
155,60,1.0,1.0
155,61,1.0,1.0
155,62,1.0,1.0
155,63,1.0,1.0
155,64,1.0,1.0
155,65,1.0,1.0
155,66,1.0,1.0
155,67,1.0,1.0
155,68,1.0,1.0
155,69,1.0,1.0
155,70,1.0,1.0
155,71,1.0,1.0
155,72,1.0,1.0
155,73,1.0,1.0
155,74,1.0,1.0
155,75,1.0,1.0
155,76,1.0,1.0
155,77,1.0,1.0
155,78,1.0,1.0
155,79,1.0,1.0
155,80,1.0,1.0
155,81,1.0,1.0
155,82,1.0,1.0
155,83,1.0,1.0
155,84,1.0,1.0
155,85,1.0,1.0
155,86,1.0,1.0
155,87,1.0,1.0
155,88,1.0,1.0
155,89,1.0,1.0
155,90,1.0,1.0
155,91,1.0,1.0
155,92,1.0,1.0
155,93,1.0,1.0
155,94,1.0,1.0
155,95,1.0,1.0
155,96,1.0,1.0
155,97,1.0,1.0
155,98,1.0,1.0
155,99,1.0,1.0
155,100,1.0,1.0
156,1,0.15,0.0
156,2,0.15,1.0
156,3,0.45,0.4392
156,4,0.45,1.0
156,5,0.6,0.0
156,6,0.67,0.0
156,7,0.77,0.0
156,8,0.82,0.0
156,9,0.87,0.0
156,10,0.9,0.0
156,11,0.9,1.0
156,12,0.93,0.0
156,13,0.94,0.0
156,14,0.97,0.0
156,15,0.97,1.0
156,16,0.99,0.0
156,17,0.99,1.0
156,18,0.99,1.0
156,19,1.0,0.0
156,20,1.0,1.0
156,21,1.0,1.0
156,22,1.0,1.0
156,23,1.0,1.0
156,24,1.0,1.0
156,25,1.0,1.0
156,26,1.0,1.0
156,27,1.0,1.0
156,28,1.0,1.0
156,29,1.0,1.0
156,30,1.0,1.0
156,31,1.0,1.0
156,32,1.0,1.0
156,33,1.0,1.0
156,34,1.0,1.0
156,35,1.0,1.0
156,36,1.0,1.0
156,37,1.0,1.0
156,38,1.0,1.0
156,39,1.0,1.0
156,40,1.0,1.0
156,41,1.0,1.0
156,42,1.0,1.0
156,43,1.0,1.0
156,44,1.0,1.0
156,45,1.0,1.0
156,46,1.0,1.0
156,47,1.0,1.0
156,48,1.0,1.0
156,49,1.0,1.0
156,50,1.0,1.0
156,51,1.0,1.0
156,52,1.0,1.0
156,53,1.0,1.0
156,54,1.0,1.0
156,55,1.0,1.0
156,56,1.0,1.0
156,57,1.0,1.0
156,58,1.0,1.0
156,59,1.0,1.0
156,60,1.0,1.0
156,61,1.0,1.0
156,62,1.0,1.0
156,63,1.0,1.0
156,64,1.0,1.0
156,65,1.0,1.0
156,66,1.0,1.0
156,67,1.0,1.0
156,68,1.0,1.0
156,69,1.0,1.0
156,70,1.0,1.0
156,71,1.0,1.0
156,72,1.0,1.0
156,73,1.0,1.0
156,74,1.0,1.0
156,75,1.0,1.0
156,76,1.0,1.0
156,77,1.0,1.0
156,78,1.0,1.0
156,79,1.0,1.0
156,80,1.0,1.0
156,81,1.0,1.0
156,82,1.0,1.0
156,83,1.0,1.0
156,84,1.0,1.0
156,85,1.0,1.0
156,86,1.0,1.0
156,87,1.0,1.0
156,88,1.0,1.0
156,89,1.0,1.0
156,90,1.0,1.0
156,91,1.0,1.0
156,92,1.0,1.0
156,93,1.0,1.0
156,94,1.0,1.0
156,95,1.0,1.0
156,96,1.0,1.0
156,97,1.0,1.0
156,98,1.0,1.0
156,99,1.0,1.0
156,100,1.0,1.0
157,1,0.12,0.0
157,2,0.12,1.0
157,3,0.33,0.4942
157,4,0.33,1.0
157,5,0.41,0.5024
157,6,0.43,0.0
157,7,0.49,0.4874
157,8,0.51,0.0
157,9,0.54,0.4699
157,10,0.54,1.0
157,11,0.58,0.4529
157,12,0.6,0.0
157,13,0.6,1.0
157,14,0.61,0.0
157,15,0.62,0.0
157,16,0.64,0.0
157,17,0.66,0.0
157,18,0.67,0.0
157,19,0.68,0.0
157,20,0.68,1.0
157,21,0.69,0.0
157,22,0.73,0.0
157,23,0.75,0.0
157,24,0.77,0.0
157,25,0.81,0.0
157,26,0.81,1.0
157,27,0.81,1.0
157,28,0.83,0.0
157,29,0.86,0.0
157,30,0.89,0.0
157,31,0.91,0.0
157,32,0.98,0.0
157,33,0.98,1.0
157,34,0.98,1.0
157,35,0.99,0.0
157,36,1.0,0.0
157,37,1.0,1.0
157,38,1.0,1.0
157,39,1.0,1.0
157,40,1.0,1.0
157,41,1.0,1.0
157,42,1.0,1.0
157,43,1.0,1.0
157,44,1.0,1.0
157,45,1.0,1.0
157,46,1.0,1.0
157,47,1.0,1.0
157,48,1.0,1.0
157,49,1.0,1.0
157,50,1.0,1.0
157,51,1.0,1.0
157,52,1.0,1.0
157,53,1.0,1.0
157,54,1.0,1.0
157,55,1.0,1.0
157,56,1.0,1.0
157,57,1.0,1.0
157,58,1.0,1.0
157,59,1.0,1.0
157,60,1.0,1.0
157,61,1.0,1.0
157,62,1.0,1.0
157,63,1.0,1.0
157,64,1.0,1.0
157,65,1.0,1.0
157,66,1.0,1.0
157,67,1.0,1.0
157,68,1.0,1.0
157,69,1.0,1.0
157,70,1.0,1.0
157,71,1.0,1.0
157,72,1.0,1.0
157,73,1.0,1.0
157,74,1.0,1.0
157,75,1.0,1.0
157,76,1.0,1.0
157,77,1.0,1.0
157,78,1.0,1.0
157,79,1.0,1.0
157,80,1.0,1.0
157,81,1.0,1.0
157,82,1.0,1.0
157,83,1.0,1.0
157,84,1.0,1.0
157,85,1.0,1.0
157,86,1.0,1.0
157,87,1.0,1.0
157,88,1.0,1.0
157,89,1.0,1.0
157,90,1.0,1.0
157,91,1.0,1.0
157,92,1.0,1.0
157,93,1.0,1.0
157,94,1.0,1.0
157,95,1.0,1.0
157,96,1.0,1.0
157,97,1.0,1.0
157,98,1.0,1.0
157,99,1.0,1.0
157,100,1.0,1.0
158,1,0.15,0.0
158,2,0.15,1.0
158,3,0.41,0.3963
158,4,0.41,1.0
158,5,0.55,0.0
158,6,0.63,0.0
158,7,0.76,0.0
158,8,0.8,0.0
158,9,0.86,0.0
158,10,0.89,0.0
158,11,0.92,0.0
158,12,0.93,0.0
158,13,0.97,0.0
158,14,0.98,0.0
158,15,0.98,1.0
158,16,0.99,0.0
158,17,0.99,1.0
158,18,1.0,0.0
158,19,1.0,1.0
158,20,1.0,1.0
158,21,1.0,1.0
158,22,1.0,1.0
158,23,1.0,1.0
158,24,1.0,1.0
158,25,1.0,1.0
158,26,1.0,1.0
158,27,1.0,1.0
158,28,1.0,1.0
158,29,1.0,1.0
158,30,1.0,1.0
158,31,1.0,1.0
158,32,1.0,1.0
158,33,1.0,1.0
158,34,1.0,1.0
158,35,1.0,1.0
158,36,1.0,1.0
158,37,1.0,1.0
158,38,1.0,1.0
158,39,1.0,1.0
158,40,1.0,1.0
158,41,1.0,1.0
158,42,1.0,1.0
158,43,1.0,1.0
158,44,1.0,1.0
158,45,1.0,1.0
158,46,1.0,1.0
158,47,1.0,1.0
158,48,1.0,1.0
158,49,1.0,1.0
158,50,1.0,1.0
158,51,1.0,1.0
158,52,1.0,1.0
158,53,1.0,1.0
158,54,1.0,1.0
158,55,1.0,1.0
158,56,1.0,1.0
158,57,1.0,1.0
158,58,1.0,1.0
158,59,1.0,1.0
158,60,1.0,1.0
158,61,1.0,1.0
158,62,1.0,1.0
158,63,1.0,1.0
158,64,1.0,1.0
158,65,1.0,1.0
158,66,1.0,1.0
158,67,1.0,1.0
158,68,1.0,1.0
158,69,1.0,1.0
158,70,1.0,1.0
158,71,1.0,1.0
158,72,1.0,1.0
158,73,1.0,1.0
158,74,1.0,1.0
158,75,1.0,1.0
158,76,1.0,1.0
158,77,1.0,1.0
158,78,1.0,1.0
158,79,1.0,1.0
158,80,1.0,1.0
158,81,1.0,1.0
158,82,1.0,1.0
158,83,1.0,1.0
158,84,1.0,1.0
158,85,1.0,1.0
158,86,1.0,1.0
158,87,1.0,1.0
158,88,1.0,1.0
158,89,1.0,1.0
158,90,1.0,1.0
158,91,1.0,1.0
158,92,1.0,1.0
158,93,1.0,1.0
158,94,1.0,1.0
158,95,1.0,1.0
158,96,1.0,1.0
158,97,1.0,1.0
158,98,1.0,1.0
158,99,1.0,1.0
158,100,1.0,1.0
159,1,0.17,0.0
159,2,0.17,1.0
159,3,0.52,0.281
159,4,0.52,1.0
159,5,0.62,0.0
159,6,0.72,0.0
159,7,0.79,0.0
159,8,0.81,0.0
159,9,0.82,0.0
159,10,0.86,0.0
159,11,0.88,0.0
159,12,0.91,0.0
159,13,0.95,0.0
159,14,0.97,0.0
159,15,1.0,0.0
159,16,1.0,1.0
159,17,1.0,1.0
159,18,1.0,1.0
159,19,1.0,1.0
159,20,1.0,1.0
159,21,1.0,1.0
159,22,1.0,1.0
159,23,1.0,1.0
159,24,1.0,1.0
159,25,1.0,1.0
159,26,1.0,1.0
159,27,1.0,1.0
159,28,1.0,1.0
159,29,1.0,1.0
159,30,1.0,1.0
159,31,1.0,1.0
159,32,1.0,1.0
159,33,1.0,1.0
159,34,1.0,1.0
159,35,1.0,1.0
159,36,1.0,1.0
159,37,1.0,1.0
159,38,1.0,1.0
159,39,1.0,1.0
159,40,1.0,1.0
159,41,1.0,1.0
159,42,1.0,1.0
159,43,1.0,1.0
159,44,1.0,1.0
159,45,1.0,1.0
159,46,1.0,1.0
159,47,1.0,1.0
159,48,1.0,1.0
159,49,1.0,1.0
159,50,1.0,1.0
159,51,1.0,1.0
159,52,1.0,1.0
159,53,1.0,1.0
159,54,1.0,1.0
159,55,1.0,1.0
159,56,1.0,1.0
159,57,1.0,1.0
159,58,1.0,1.0
159,59,1.0,1.0
159,60,1.0,1.0
159,61,1.0,1.0
159,62,1.0,1.0
159,63,1.0,1.0
159,64,1.0,1.0
159,65,1.0,1.0
159,66,1.0,1.0
159,67,1.0,1.0
159,68,1.0,1.0
159,69,1.0,1.0
159,70,1.0,1.0
159,71,1.0,1.0
159,72,1.0,1.0
159,73,1.0,1.0
159,74,1.0,1.0
159,75,1.0,1.0
159,76,1.0,1.0
159,77,1.0,1.0
159,78,1.0,1.0
159,79,1.0,1.0
159,80,1.0,1.0
159,81,1.0,1.0
159,82,1.0,1.0
159,83,1.0,1.0
159,84,1.0,1.0
159,85,1.0,1.0
159,86,1.0,1.0
159,87,1.0,1.0
159,88,1.0,1.0
159,89,1.0,1.0
159,90,1.0,1.0
159,91,1.0,1.0
159,92,1.0,1.0
159,93,1.0,1.0
159,94,1.0,1.0
159,95,1.0,1.0
159,96,1.0,1.0
159,97,1.0,1.0
159,98,1.0,1.0
159,99,1.0,1.0
159,100,1.0,1.0
160,1,0.19,0.0
160,2,0.19,1.0
160,3,0.67,0.2369
160,4,0.67,1.0
160,5,0.8,0.0
160,6,0.89,0.0
160,7,0.96,0.0
160,8,0.97,0.0
160,9,0.97,1.0
160,10,0.98,0.0
160,11,0.99,0.0
160,12,0.99,1.0
160,13,1.0,0.0
160,14,1.0,1.0
160,15,1.0,1.0
160,16,1.0,1.0
160,17,1.0,1.0
160,18,1.0,1.0
160,19,1.0,1.0
160,20,1.0,1.0
160,21,1.0,1.0
160,22,1.0,1.0
160,23,1.0,1.0
160,24,1.0,1.0
160,25,1.0,1.0
160,26,1.0,1.0
160,27,1.0,1.0
160,28,1.0,1.0
160,29,1.0,1.0
160,30,1.0,1.0
160,31,1.0,1.0
160,32,1.0,1.0
160,33,1.0,1.0
160,34,1.0,1.0
160,35,1.0,1.0
160,36,1.0,1.0
160,37,1.0,1.0
160,38,1.0,1.0
160,39,1.0,1.0
160,40,1.0,1.0
160,41,1.0,1.0
160,42,1.0,1.0
160,43,1.0,1.0
160,44,1.0,1.0
160,45,1.0,1.0
160,46,1.0,1.0
160,47,1.0,1.0
160,48,1.0,1.0
160,49,1.0,1.0
160,50,1.0,1.0
160,51,1.0,1.0
160,52,1.0,1.0
160,53,1.0,1.0
160,54,1.0,1.0
160,55,1.0,1.0
160,56,1.0,1.0
160,57,1.0,1.0
160,58,1.0,1.0
160,59,1.0,1.0
160,60,1.0,1.0
160,61,1.0,1.0
160,62,1.0,1.0
160,63,1.0,1.0
160,64,1.0,1.0
160,65,1.0,1.0
160,66,1.0,1.0
160,67,1.0,1.0
160,68,1.0,1.0
160,69,1.0,1.0
160,70,1.0,1.0
160,71,1.0,1.0
160,72,1.0,1.0
160,73,1.0,1.0
160,74,1.0,1.0
160,75,1.0,1.0
160,76,1.0,1.0
160,77,1.0,1.0
160,78,1.0,1.0
160,79,1.0,1.0
160,80,1.0,1.0
160,81,1.0,1.0
160,82,1.0,1.0
160,83,1.0,1.0
160,84,1.0,1.0
160,85,1.0,1.0
160,86,1.0,1.0
160,87,1.0,1.0
160,88,1.0,1.0
160,89,1.0,1.0
160,90,1.0,1.0
160,91,1.0,1.0
160,92,1.0,1.0
160,93,1.0,1.0
160,94,1.0,1.0
160,95,1.0,1.0
160,96,1.0,1.0
160,97,1.0,1.0
160,98,1.0,1.0
160,99,1.0,1.0
160,100,1.0,1.0
161,1,0.15,0.0
161,2,0.15,1.0
161,3,0.48,0.4631
161,4,0.48,1.0
161,5,0.76,0.0906
161,6,0.88,0.0
161,7,0.93,0.0
161,8,0.93,1.0
161,9,0.95,0.0
161,10,0.98,0.0
161,11,0.99,0.0
161,12,0.99,1.0
161,13,0.99,1.0
161,14,0.99,1.0
161,15,0.99,1.0
161,16,1.0,0.0
161,17,1.0,1.0
161,18,1.0,1.0
161,19,1.0,1.0
161,20,1.0,1.0
161,21,1.0,1.0
161,22,1.0,1.0
161,23,1.0,1.0
161,24,1.0,1.0
161,25,1.0,1.0
161,26,1.0,1.0
161,27,1.0,1.0
161,28,1.0,1.0
161,29,1.0,1.0
161,30,1.0,1.0
161,31,1.0,1.0
161,32,1.0,1.0
161,33,1.0,1.0
161,34,1.0,1.0
161,35,1.0,1.0
161,36,1.0,1.0
161,37,1.0,1.0
161,38,1.0,1.0
161,39,1.0,1.0
161,40,1.0,1.0
161,41,1.0,1.0
161,42,1.0,1.0
161,43,1.0,1.0
161,44,1.0,1.0
161,45,1.0,1.0
161,46,1.0,1.0
161,47,1.0,1.0
161,48,1.0,1.0
161,49,1.0,1.0
161,50,1.0,1.0
161,51,1.0,1.0
161,52,1.0,1.0
161,53,1.0,1.0
161,54,1.0,1.0
161,55,1.0,1.0
161,56,1.0,1.0
161,57,1.0,1.0
161,58,1.0,1.0
161,59,1.0,1.0
161,60,1.0,1.0
161,61,1.0,1.0
161,62,1.0,1.0
161,63,1.0,1.0
161,64,1.0,1.0
161,65,1.0,1.0
161,66,1.0,1.0
161,67,1.0,1.0
161,68,1.0,1.0
161,69,1.0,1.0
161,70,1.0,1.0
161,71,1.0,1.0
161,72,1.0,1.0
161,73,1.0,1.0
161,74,1.0,1.0
161,75,1.0,1.0
161,76,1.0,1.0
161,77,1.0,1.0
161,78,1.0,1.0
161,79,1.0,1.0
161,80,1.0,1.0
161,81,1.0,1.0
161,82,1.0,1.0
161,83,1.0,1.0
161,84,1.0,1.0
161,85,1.0,1.0
161,86,1.0,1.0
161,87,1.0,1.0
161,88,1.0,1.0
161,89,1.0,1.0
161,90,1.0,1.0
161,91,1.0,1.0
161,92,1.0,1.0
161,93,1.0,1.0
161,94,1.0,1.0
161,95,1.0,1.0
161,96,1.0,1.0
161,97,1.0,1.0
161,98,1.0,1.0
161,99,1.0,1.0
161,100,1.0,1.0
162,1,0.22,0.0
162,2,0.22,1.0
162,3,0.67,0.231
162,4,0.67,1.0
162,5,0.81,0.0
162,6,0.88,0.0
162,7,0.94,0.0
162,8,0.96,0.0
162,9,0.98,0.0
162,10,0.99,0.0
162,11,0.99,1.0
162,12,1.0,0.0
162,13,1.0,1.0
162,14,1.0,1.0
162,15,1.0,1.0
162,16,1.0,1.0
162,17,1.0,1.0
162,18,1.0,1.0
162,19,1.0,1.0
162,20,1.0,1.0
162,21,1.0,1.0
162,22,1.0,1.0
162,23,1.0,1.0
162,24,1.0,1.0
162,25,1.0,1.0
162,26,1.0,1.0
162,27,1.0,1.0
162,28,1.0,1.0
162,29,1.0,1.0
162,30,1.0,1.0
162,31,1.0,1.0
162,32,1.0,1.0
162,33,1.0,1.0
162,34,1.0,1.0
162,35,1.0,1.0
162,36,1.0,1.0
162,37,1.0,1.0
162,38,1.0,1.0
162,39,1.0,1.0
162,40,1.0,1.0
162,41,1.0,1.0
162,42,1.0,1.0
162,43,1.0,1.0
162,44,1.0,1.0
162,45,1.0,1.0
162,46,1.0,1.0
162,47,1.0,1.0
162,48,1.0,1.0
162,49,1.0,1.0
162,50,1.0,1.0
162,51,1.0,1.0
162,52,1.0,1.0
162,53,1.0,1.0
162,54,1.0,1.0
162,55,1.0,1.0
162,56,1.0,1.0
162,57,1.0,1.0
162,58,1.0,1.0
162,59,1.0,1.0
162,60,1.0,1.0
162,61,1.0,1.0
162,62,1.0,1.0
162,63,1.0,1.0
162,64,1.0,1.0
162,65,1.0,1.0
162,66,1.0,1.0
162,67,1.0,1.0
162,68,1.0,1.0
162,69,1.0,1.0
162,70,1.0,1.0
162,71,1.0,1.0
162,72,1.0,1.0
162,73,1.0,1.0
162,74,1.0,1.0
162,75,1.0,1.0
162,76,1.0,1.0
162,77,1.0,1.0
162,78,1.0,1.0
162,79,1.0,1.0
162,80,1.0,1.0
162,81,1.0,1.0
162,82,1.0,1.0
162,83,1.0,1.0
162,84,1.0,1.0
162,85,1.0,1.0
162,86,1.0,1.0
162,87,1.0,1.0
162,88,1.0,1.0
162,89,1.0,1.0
162,90,1.0,1.0
162,91,1.0,1.0
162,92,1.0,1.0
162,93,1.0,1.0
162,94,1.0,1.0
162,95,1.0,1.0
162,96,1.0,1.0
162,97,1.0,1.0
162,98,1.0,1.0
162,99,1.0,1.0
162,100,1.0,1.0
163,1,0.23,0.0
163,2,0.23,1.0
163,3,0.63,0.3371
163,4,0.63,1.0
163,5,0.79,0.0
163,6,0.84,0.0
163,7,0.92,0.0
163,8,0.96,0.0
163,9,0.98,0.0
163,10,0.99,0.0
163,11,0.99,1.0
163,12,1.0,0.0
163,13,1.0,1.0
163,14,1.0,1.0
163,15,1.0,1.0
163,16,1.0,1.0
163,17,1.0,1.0
163,18,1.0,1.0
163,19,1.0,1.0
163,20,1.0,1.0
163,21,1.0,1.0
163,22,1.0,1.0
163,23,1.0,1.0
163,24,1.0,1.0
163,25,1.0,1.0
163,26,1.0,1.0
163,27,1.0,1.0
163,28,1.0,1.0
163,29,1.0,1.0
163,30,1.0,1.0
163,31,1.0,1.0
163,32,1.0,1.0
163,33,1.0,1.0
163,34,1.0,1.0
163,35,1.0,1.0
163,36,1.0,1.0
163,37,1.0,1.0
163,38,1.0,1.0
163,39,1.0,1.0
163,40,1.0,1.0
163,41,1.0,1.0
163,42,1.0,1.0
163,43,1.0,1.0
163,44,1.0,1.0
163,45,1.0,1.0
163,46,1.0,1.0
163,47,1.0,1.0
163,48,1.0,1.0
163,49,1.0,1.0
163,50,1.0,1.0
163,51,1.0,1.0
163,52,1.0,1.0
163,53,1.0,1.0
163,54,1.0,1.0
163,55,1.0,1.0
163,56,1.0,1.0
163,57,1.0,1.0
163,58,1.0,1.0
163,59,1.0,1.0
163,60,1.0,1.0
163,61,1.0,1.0
163,62,1.0,1.0
163,63,1.0,1.0
163,64,1.0,1.0
163,65,1.0,1.0
163,66,1.0,1.0
163,67,1.0,1.0
163,68,1.0,1.0
163,69,1.0,1.0
163,70,1.0,1.0
163,71,1.0,1.0
163,72,1.0,1.0
163,73,1.0,1.0
163,74,1.0,1.0
163,75,1.0,1.0
163,76,1.0,1.0
163,77,1.0,1.0
163,78,1.0,1.0
163,79,1.0,1.0
163,80,1.0,1.0
163,81,1.0,1.0
163,82,1.0,1.0
163,83,1.0,1.0
163,84,1.0,1.0
163,85,1.0,1.0
163,86,1.0,1.0
163,87,1.0,1.0
163,88,1.0,1.0
163,89,1.0,1.0
163,90,1.0,1.0
163,91,1.0,1.0
163,92,1.0,1.0
163,93,1.0,1.0
163,94,1.0,1.0
163,95,1.0,1.0
163,96,1.0,1.0
163,97,1.0,1.0
163,98,1.0,1.0
163,99,1.0,1.0
163,100,1.0,1.0
164,1,0.16,0.0
164,2,0.16,1.0
164,3,0.51,0.5367
164,4,0.51,1.0
164,5,0.64,0.2736
164,6,0.68,0.0
164,7,0.8,0.0
164,8,0.86,0.0
164,9,0.9,0.0
164,10,0.91,0.0
164,11,0.92,0.0
164,12,0.94,0.0
164,13,0.95,0.0
164,14,0.97,0.0
164,15,0.98,0.0
164,16,0.99,0.0
164,17,0.99,1.0
164,18,1.0,0.0
164,19,1.0,1.0
164,20,1.0,1.0
164,21,1.0,1.0
164,22,1.0,1.0
164,23,1.0,1.0
164,24,1.0,1.0
164,25,1.0,1.0
164,26,1.0,1.0
164,27,1.0,1.0
164,28,1.0,1.0
164,29,1.0,1.0
164,30,1.0,1.0
164,31,1.0,1.0
164,32,1.0,1.0
164,33,1.0,1.0
164,34,1.0,1.0
164,35,1.0,1.0
164,36,1.0,1.0
164,37,1.0,1.0
164,38,1.0,1.0
164,39,1.0,1.0
164,40,1.0,1.0
164,41,1.0,1.0
164,42,1.0,1.0
164,43,1.0,1.0
164,44,1.0,1.0
164,45,1.0,1.0
164,46,1.0,1.0
164,47,1.0,1.0
164,48,1.0,1.0
164,49,1.0,1.0
164,50,1.0,1.0
164,51,1.0,1.0
164,52,1.0,1.0
164,53,1.0,1.0
164,54,1.0,1.0
164,55,1.0,1.0
164,56,1.0,1.0
164,57,1.0,1.0
164,58,1.0,1.0
164,59,1.0,1.0
164,60,1.0,1.0
164,61,1.0,1.0
164,62,1.0,1.0
164,63,1.0,1.0
164,64,1.0,1.0
164,65,1.0,1.0
164,66,1.0,1.0
164,67,1.0,1.0
164,68,1.0,1.0
164,69,1.0,1.0
164,70,1.0,1.0
164,71,1.0,1.0
164,72,1.0,1.0
164,73,1.0,1.0
164,74,1.0,1.0
164,75,1.0,1.0
164,76,1.0,1.0
164,77,1.0,1.0
164,78,1.0,1.0
164,79,1.0,1.0
164,80,1.0,1.0
164,81,1.0,1.0
164,82,1.0,1.0
164,83,1.0,1.0
164,84,1.0,1.0
164,85,1.0,1.0
164,86,1.0,1.0
164,87,1.0,1.0
164,88,1.0,1.0
164,89,1.0,1.0
164,90,1.0,1.0
164,91,1.0,1.0
164,92,1.0,1.0
164,93,1.0,1.0
164,94,1.0,1.0
164,95,1.0,1.0
164,96,1.0,1.0
164,97,1.0,1.0
164,98,1.0,1.0
164,99,1.0,1.0
164,100,1.0,1.0
165,1,0.17,0.0
165,2,0.17,1.0
165,3,0.44,0.508
165,4,0.44,1.0
165,5,0.59,0.0
165,6,0.63,0.0
165,7,0.71,0.0
165,8,0.76,0.0
165,9,0.79,0.0
165,10,0.83,0.0
165,11,0.84,0.0
165,12,0.86,0.0
165,13,0.88,0.0
165,14,0.96,0.0
165,15,0.98,0.0
165,16,0.99,0.0
165,17,1.0,0.0
165,18,1.0,1.0
165,19,1.0,1.0
165,20,1.0,1.0
165,21,1.0,1.0
165,22,1.0,1.0
165,23,1.0,1.0
165,24,1.0,1.0
165,25,1.0,1.0
165,26,1.0,1.0
165,27,1.0,1.0
165,28,1.0,1.0
165,29,1.0,1.0
165,30,1.0,1.0
165,31,1.0,1.0
165,32,1.0,1.0
165,33,1.0,1.0
165,34,1.0,1.0
165,35,1.0,1.0
165,36,1.0,1.0
165,37,1.0,1.0
165,38,1.0,1.0
165,39,1.0,1.0
165,40,1.0,1.0
165,41,1.0,1.0
165,42,1.0,1.0
165,43,1.0,1.0
165,44,1.0,1.0
165,45,1.0,1.0
165,46,1.0,1.0
165,47,1.0,1.0
165,48,1.0,1.0
165,49,1.0,1.0
165,50,1.0,1.0
165,51,1.0,1.0
165,52,1.0,1.0
165,53,1.0,1.0
165,54,1.0,1.0
165,55,1.0,1.0
165,56,1.0,1.0
165,57,1.0,1.0
165,58,1.0,1.0
165,59,1.0,1.0
165,60,1.0,1.0
165,61,1.0,1.0
165,62,1.0,1.0
165,63,1.0,1.0
165,64,1.0,1.0
165,65,1.0,1.0
165,66,1.0,1.0
165,67,1.0,1.0
165,68,1.0,1.0
165,69,1.0,1.0
165,70,1.0,1.0
165,71,1.0,1.0
165,72,1.0,1.0
165,73,1.0,1.0
165,74,1.0,1.0
165,75,1.0,1.0
165,76,1.0,1.0
165,77,1.0,1.0
165,78,1.0,1.0
165,79,1.0,1.0
165,80,1.0,1.0
165,81,1.0,1.0
165,82,1.0,1.0
165,83,1.0,1.0
165,84,1.0,1.0
165,85,1.0,1.0
165,86,1.0,1.0
165,87,1.0,1.0
165,88,1.0,1.0
165,89,1.0,1.0
165,90,1.0,1.0
165,91,1.0,1.0
165,92,1.0,1.0
165,93,1.0,1.0
165,94,1.0,1.0
165,95,1.0,1.0
165,96,1.0,1.0
165,97,1.0,1.0
165,98,1.0,1.0
165,99,1.0,1.0
165,100,1.0,1.0
166,1,0.17,0.0
166,2,0.17,1.0
166,3,0.44,0.4673
166,4,0.44,1.0
166,5,0.5,0.484
166,6,0.55,0.0
166,7,0.65,0.0
166,8,0.71,0.0
166,9,0.72,0.0
166,10,0.74,0.0
166,11,0.77,0.0
166,12,0.79,0.0
166,13,0.84,0.0
166,14,0.9,0.0
166,15,0.95,0.0
166,16,0.96,0.0
166,17,0.97,0.0
166,18,0.99,0.0
166,19,1.0,0.0
166,20,1.0,1.0
166,21,1.0,1.0
166,22,1.0,1.0
166,23,1.0,1.0
166,24,1.0,1.0
166,25,1.0,1.0
166,26,1.0,1.0
166,27,1.0,1.0
166,28,1.0,1.0
166,29,1.0,1.0
166,30,1.0,1.0
166,31,1.0,1.0
166,32,1.0,1.0
166,33,1.0,1.0
166,34,1.0,1.0
166,35,1.0,1.0
166,36,1.0,1.0
166,37,1.0,1.0
166,38,1.0,1.0
166,39,1.0,1.0
166,40,1.0,1.0
166,41,1.0,1.0
166,42,1.0,1.0
166,43,1.0,1.0
166,44,1.0,1.0
166,45,1.0,1.0
166,46,1.0,1.0
166,47,1.0,1.0
166,48,1.0,1.0
166,49,1.0,1.0
166,50,1.0,1.0
166,51,1.0,1.0
166,52,1.0,1.0
166,53,1.0,1.0
166,54,1.0,1.0
166,55,1.0,1.0
166,56,1.0,1.0
166,57,1.0,1.0
166,58,1.0,1.0
166,59,1.0,1.0
166,60,1.0,1.0
166,61,1.0,1.0
166,62,1.0,1.0
166,63,1.0,1.0
166,64,1.0,1.0
166,65,1.0,1.0
166,66,1.0,1.0
166,67,1.0,1.0
166,68,1.0,1.0
166,69,1.0,1.0
166,70,1.0,1.0
166,71,1.0,1.0
166,72,1.0,1.0
166,73,1.0,1.0
166,74,1.0,1.0
166,75,1.0,1.0
166,76,1.0,1.0
166,77,1.0,1.0
166,78,1.0,1.0
166,79,1.0,1.0
166,80,1.0,1.0
166,81,1.0,1.0
166,82,1.0,1.0
166,83,1.0,1.0
166,84,1.0,1.0
166,85,1.0,1.0
166,86,1.0,1.0
166,87,1.0,1.0
166,88,1.0,1.0
166,89,1.0,1.0
166,90,1.0,1.0
166,91,1.0,1.0
166,92,1.0,1.0
166,93,1.0,1.0
166,94,1.0,1.0
166,95,1.0,1.0
166,96,1.0,1.0
166,97,1.0,1.0
166,98,1.0,1.0
166,99,1.0,1.0
166,100,1.0,1.0
167,1,0.17,0.0
167,2,0.17,1.0
167,3,0.44,0.4372
167,4,0.44,1.0
167,5,0.57,0.0
167,6,0.64,0.0
167,7,0.77,0.0
167,8,0.81,0.0
167,9,0.83,0.0
167,10,0.87,0.0
167,11,0.88,0.0
167,12,0.89,0.0
167,13,0.92,0.0
167,14,1.0,0.0
167,15,1.0,1.0
167,16,1.0,1.0
167,17,1.0,1.0
167,18,1.0,1.0
167,19,1.0,1.0
167,20,1.0,1.0
167,21,1.0,1.0
167,22,1.0,1.0
167,23,1.0,1.0
167,24,1.0,1.0
167,25,1.0,1.0
167,26,1.0,1.0
167,27,1.0,1.0
167,28,1.0,1.0
167,29,1.0,1.0
167,30,1.0,1.0
167,31,1.0,1.0
167,32,1.0,1.0
167,33,1.0,1.0
167,34,1.0,1.0
167,35,1.0,1.0
167,36,1.0,1.0
167,37,1.0,1.0
167,38,1.0,1.0
167,39,1.0,1.0
167,40,1.0,1.0
167,41,1.0,1.0
167,42,1.0,1.0
167,43,1.0,1.0
167,44,1.0,1.0
167,45,1.0,1.0
167,46,1.0,1.0
167,47,1.0,1.0
167,48,1.0,1.0
167,49,1.0,1.0
167,50,1.0,1.0
167,51,1.0,1.0
167,52,1.0,1.0
167,53,1.0,1.0
167,54,1.0,1.0
167,55,1.0,1.0
167,56,1.0,1.0
167,57,1.0,1.0
167,58,1.0,1.0
167,59,1.0,1.0
167,60,1.0,1.0
167,61,1.0,1.0
167,62,1.0,1.0
167,63,1.0,1.0
167,64,1.0,1.0
167,65,1.0,1.0
167,66,1.0,1.0
167,67,1.0,1.0
167,68,1.0,1.0
167,69,1.0,1.0
167,70,1.0,1.0
167,71,1.0,1.0
167,72,1.0,1.0
167,73,1.0,1.0
167,74,1.0,1.0
167,75,1.0,1.0
167,76,1.0,1.0
167,77,1.0,1.0
167,78,1.0,1.0
167,79,1.0,1.0
167,80,1.0,1.0
167,81,1.0,1.0
167,82,1.0,1.0
167,83,1.0,1.0
167,84,1.0,1.0
167,85,1.0,1.0
167,86,1.0,1.0
167,87,1.0,1.0
167,88,1.0,1.0
167,89,1.0,1.0
167,90,1.0,1.0
167,91,1.0,1.0
167,92,1.0,1.0
167,93,1.0,1.0
167,94,1.0,1.0
167,95,1.0,1.0
167,96,1.0,1.0
167,97,1.0,1.0
167,98,1.0,1.0
167,99,1.0,1.0
167,100,1.0,1.0
168,1,0.19,0.0
168,2,0.19,1.0
168,3,0.47,0.5876
168,4,0.47,1.0
168,5,0.59,0.3351
168,6,0.63,0.0
168,7,0.7,0.0
168,8,0.77,0.0
168,9,0.85,0.0
168,10,0.88,0.0
168,11,0.89,0.0
168,12,0.92,0.0
168,13,0.95,0.0
168,14,0.98,0.0
168,15,0.99,0.0
168,16,0.99,1.0
168,17,0.99,1.0
168,18,0.99,1.0
168,19,0.99,1.0
168,20,1.0,0.0
168,21,1.0,1.0
168,22,1.0,1.0
168,23,1.0,1.0
168,24,1.0,1.0
168,25,1.0,1.0
168,26,1.0,1.0
168,27,1.0,1.0
168,28,1.0,1.0
168,29,1.0,1.0
168,30,1.0,1.0
168,31,1.0,1.0
168,32,1.0,1.0
168,33,1.0,1.0
168,34,1.0,1.0
168,35,1.0,1.0
168,36,1.0,1.0
168,37,1.0,1.0
168,38,1.0,1.0
168,39,1.0,1.0
168,40,1.0,1.0
168,41,1.0,1.0
168,42,1.0,1.0
168,43,1.0,1.0
168,44,1.0,1.0
168,45,1.0,1.0
168,46,1.0,1.0
168,47,1.0,1.0
168,48,1.0,1.0
168,49,1.0,1.0
168,50,1.0,1.0
168,51,1.0,1.0
168,52,1.0,1.0
168,53,1.0,1.0
168,54,1.0,1.0
168,55,1.0,1.0
168,56,1.0,1.0
168,57,1.0,1.0
168,58,1.0,1.0
168,59,1.0,1.0
168,60,1.0,1.0
168,61,1.0,1.0
168,62,1.0,1.0
168,63,1.0,1.0
168,64,1.0,1.0
168,65,1.0,1.0
168,66,1.0,1.0
168,67,1.0,1.0
168,68,1.0,1.0
168,69,1.0,1.0
168,70,1.0,1.0
168,71,1.0,1.0
168,72,1.0,1.0
168,73,1.0,1.0
168,74,1.0,1.0
168,75,1.0,1.0
168,76,1.0,1.0
168,77,1.0,1.0
168,78,1.0,1.0
168,79,1.0,1.0
168,80,1.0,1.0
168,81,1.0,1.0
168,82,1.0,1.0
168,83,1.0,1.0
168,84,1.0,1.0
168,85,1.0,1.0
168,86,1.0,1.0
168,87,1.0,1.0
168,88,1.0,1.0
168,89,1.0,1.0
168,90,1.0,1.0
168,91,1.0,1.0
168,92,1.0,1.0
168,93,1.0,1.0
168,94,1.0,1.0
168,95,1.0,1.0
168,96,1.0,1.0
168,97,1.0,1.0
168,98,1.0,1.0
168,99,1.0,1.0
168,100,1.0,1.0
169,1,0.2,0.0
169,2,0.2,1.0
169,3,0.57,0.2516
169,4,0.57,1.0
169,5,0.72,0.0
169,6,0.76,0.0
169,7,0.92,0.0
169,8,0.95,0.0
169,9,0.97,0.0
169,10,0.99,0.0
169,11,0.99,1.0
169,12,0.99,1.0
169,13,0.99,1.0
169,14,1.0,0.0
169,15,1.0,1.0
169,16,1.0,1.0
169,17,1.0,1.0
169,18,1.0,1.0
169,19,1.0,1.0
169,20,1.0,1.0
169,21,1.0,1.0
169,22,1.0,1.0
169,23,1.0,1.0
169,24,1.0,1.0
169,25,1.0,1.0
169,26,1.0,1.0
169,27,1.0,1.0
169,28,1.0,1.0
169,29,1.0,1.0
169,30,1.0,1.0
169,31,1.0,1.0
169,32,1.0,1.0
169,33,1.0,1.0
169,34,1.0,1.0
169,35,1.0,1.0
169,36,1.0,1.0
169,37,1.0,1.0
169,38,1.0,1.0
169,39,1.0,1.0
169,40,1.0,1.0
169,41,1.0,1.0
169,42,1.0,1.0
169,43,1.0,1.0
169,44,1.0,1.0
169,45,1.0,1.0
169,46,1.0,1.0
169,47,1.0,1.0
169,48,1.0,1.0
169,49,1.0,1.0
169,50,1.0,1.0
169,51,1.0,1.0
169,52,1.0,1.0
169,53,1.0,1.0
169,54,1.0,1.0
169,55,1.0,1.0
169,56,1.0,1.0
169,57,1.0,1.0
169,58,1.0,1.0
169,59,1.0,1.0
169,60,1.0,1.0
169,61,1.0,1.0
169,62,1.0,1.0
169,63,1.0,1.0
169,64,1.0,1.0
169,65,1.0,1.0
169,66,1.0,1.0
169,67,1.0,1.0
169,68,1.0,1.0
169,69,1.0,1.0
169,70,1.0,1.0
169,71,1.0,1.0
169,72,1.0,1.0
169,73,1.0,1.0
169,74,1.0,1.0
169,75,1.0,1.0
169,76,1.0,1.0
169,77,1.0,1.0
169,78,1.0,1.0
169,79,1.0,1.0
169,80,1.0,1.0
169,81,1.0,1.0
169,82,1.0,1.0
169,83,1.0,1.0
169,84,1.0,1.0
169,85,1.0,1.0
169,86,1.0,1.0
169,87,1.0,1.0
169,88,1.0,1.0
169,89,1.0,1.0
169,90,1.0,1.0
169,91,1.0,1.0
169,92,1.0,1.0
169,93,1.0,1.0
169,94,1.0,1.0
169,95,1.0,1.0
169,96,1.0,1.0
169,97,1.0,1.0
169,98,1.0,1.0
169,99,1.0,1.0
169,100,1.0,1.0
170,1,0.15,0.0
170,2,0.15,1.0
170,3,0.38,0.4427
170,4,0.38,1.0
170,5,0.44,0.0
170,6,0.45,0.0
170,7,0.45,1.0
170,8,0.47,0.0
170,9,0.48,0.0
170,10,0.48,1.0
170,11,0.48,1.0
170,12,0.49,0.0
170,13,0.5,0.0
170,14,0.5,1.0
170,15,0.5,1.0
170,16,0.5,1.0
170,17,0.49,1.0
170,18,0.49,1.0
170,19,0.5,0.0
170,20,0.5,1.0
170,21,0.51,0.0
170,22,0.51,1.0
170,23,0.51,1.0
170,24,0.51,1.0
170,25,0.51,1.0
170,26,0.51,1.0
170,27,0.51,1.0
170,28,0.52,0.0
170,29,0.52,1.0
170,30,0.52,1.0
170,31,0.52,1.0
170,32,0.52,1.0
170,33,0.52,1.0
170,34,0.52,1.0
170,35,0.53,0.0
170,36,0.53,1.0
170,37,0.53,1.0
170,38,0.53,1.0
170,39,0.53,1.0
170,40,0.53,1.0
170,41,0.53,1.0
170,42,0.53,1.0
170,43,0.53,1.0
170,44,0.53,1.0
170,45,0.52,1.0
170,46,0.52,1.0
170,47,0.52,1.0
170,48,0.52,1.0
170,49,0.52,1.0
170,50,0.52,1.0
170,51,0.52,1.0
170,52,0.52,1.0
170,53,0.52,1.0
170,54,0.52,1.0
170,55,0.52,1.0
170,56,0.52,1.0
170,57,0.52,1.0
170,58,0.52,1.0
170,59,0.52,1.0
170,60,0.52,1.0
170,61,0.52,1.0
170,62,0.52,1.0
170,63,0.52,1.0
170,64,0.52,1.0
170,65,0.52,1.0
170,66,0.52,1.0
170,67,0.52,1.0
170,68,0.52,1.0
170,69,0.52,1.0
170,70,0.52,1.0
170,71,0.52,1.0
170,72,0.52,1.0
170,73,0.52,1.0
170,74,0.52,1.0
170,75,0.52,1.0
170,76,0.52,1.0
170,77,0.52,1.0
170,78,0.52,1.0
170,79,0.52,1.0
170,80,0.52,1.0
170,81,0.52,1.0
170,82,0.52,1.0
170,83,0.52,1.0
170,84,0.52,1.0
170,85,0.52,1.0
170,86,0.52,1.0
170,87,0.52,1.0
170,88,0.52,1.0
170,89,0.52,1.0
170,90,0.52,1.0
170,91,0.52,1.0
170,92,0.52,1.0
170,93,0.52,1.0
170,94,0.52,1.0
170,95,0.52,1.0
170,96,0.52,1.0
170,97,0.52,1.0
170,98,0.52,1.0
170,99,0.52,1.0
170,100,0.52,1.0
171,1,0.15,0.0
171,2,0.15,1.0
171,3,0.51,0.413
171,4,0.51,1.0
171,5,0.67,0.0
171,6,0.81,0.0
171,7,0.92,0.0
171,8,0.97,0.0
171,9,0.97,1.0
171,10,0.97,1.0
171,11,0.97,1.0
171,12,0.99,0.0
171,13,0.99,1.0
171,14,1.0,0.0
171,15,1.0,1.0
171,16,1.0,1.0
171,17,1.0,1.0
171,18,1.0,1.0
171,19,1.0,1.0
171,20,1.0,1.0
171,21,1.0,1.0
171,22,1.0,1.0
171,23,1.0,1.0
171,24,1.0,1.0
171,25,1.0,1.0
171,26,1.0,1.0
171,27,1.0,1.0
171,28,1.0,1.0
171,29,1.0,1.0
171,30,1.0,1.0
171,31,1.0,1.0
171,32,1.0,1.0
171,33,1.0,1.0
171,34,1.0,1.0
171,35,1.0,1.0
171,36,1.0,1.0
171,37,1.0,1.0
171,38,1.0,1.0
171,39,1.0,1.0
171,40,1.0,1.0
171,41,1.0,1.0
171,42,1.0,1.0
171,43,1.0,1.0
171,44,1.0,1.0
171,45,1.0,1.0
171,46,1.0,1.0
171,47,1.0,1.0
171,48,1.0,1.0
171,49,1.0,1.0
171,50,1.0,1.0
171,51,1.0,1.0
171,52,1.0,1.0
171,53,1.0,1.0
171,54,1.0,1.0
171,55,1.0,1.0
171,56,1.0,1.0
171,57,1.0,1.0
171,58,1.0,1.0
171,59,1.0,1.0
171,60,1.0,1.0
171,61,1.0,1.0
171,62,1.0,1.0
171,63,1.0,1.0
171,64,1.0,1.0
171,65,1.0,1.0
171,66,1.0,1.0
171,67,1.0,1.0
171,68,1.0,1.0
171,69,1.0,1.0
171,70,1.0,1.0
171,71,1.0,1.0
171,72,1.0,1.0
171,73,1.0,1.0
171,74,1.0,1.0
171,75,1.0,1.0
171,76,1.0,1.0
171,77,1.0,1.0
171,78,1.0,1.0
171,79,1.0,1.0
171,80,1.0,1.0
171,81,1.0,1.0
171,82,1.0,1.0
171,83,1.0,1.0
171,84,1.0,1.0
171,85,1.0,1.0
171,86,1.0,1.0
171,87,1.0,1.0
171,88,1.0,1.0
171,89,1.0,1.0
171,90,1.0,1.0
171,91,1.0,1.0
171,92,1.0,1.0
171,93,1.0,1.0
171,94,1.0,1.0
171,95,1.0,1.0
171,96,1.0,1.0
171,97,1.0,1.0
171,98,1.0,1.0
171,99,1.0,1.0
171,100,1.0,1.0
172,1,0.16,0.0
172,2,0.16,1.0
172,3,0.45,0.4916
172,4,0.45,1.0
172,5,0.63,0.0
172,6,0.72,0.0
172,7,0.8,0.0
172,8,0.83,0.0
172,9,0.87,0.0
172,10,0.88,0.0
172,11,0.92,0.0
172,12,0.94,0.0
172,13,0.98,0.0
172,14,0.99,0.0
172,15,1.0,0.0
172,16,1.0,1.0
172,17,1.0,1.0
172,18,1.0,1.0
172,19,1.0,1.0
172,20,1.0,1.0
172,21,1.0,1.0
172,22,1.0,1.0
172,23,1.0,1.0
172,24,1.0,1.0
172,25,1.0,1.0
172,26,1.0,1.0
172,27,1.0,1.0
172,28,1.0,1.0
172,29,1.0,1.0
172,30,1.0,1.0
172,31,1.0,1.0
172,32,1.0,1.0
172,33,1.0,1.0
172,34,1.0,1.0
172,35,1.0,1.0
172,36,1.0,1.0
172,37,1.0,1.0
172,38,1.0,1.0
172,39,1.0,1.0
172,40,1.0,1.0
172,41,1.0,1.0
172,42,1.0,1.0
172,43,1.0,1.0
172,44,1.0,1.0
172,45,1.0,1.0
172,46,1.0,1.0
172,47,1.0,1.0
172,48,1.0,1.0
172,49,1.0,1.0
172,50,1.0,1.0
172,51,1.0,1.0
172,52,1.0,1.0
172,53,1.0,1.0
172,54,1.0,1.0
172,55,1.0,1.0
172,56,1.0,1.0
172,57,1.0,1.0
172,58,1.0,1.0
172,59,1.0,1.0
172,60,1.0,1.0
172,61,1.0,1.0
172,62,1.0,1.0
172,63,1.0,1.0
172,64,1.0,1.0
172,65,1.0,1.0
172,66,1.0,1.0
172,67,1.0,1.0
172,68,1.0,1.0
172,69,1.0,1.0
172,70,1.0,1.0
172,71,1.0,1.0
172,72,1.0,1.0
172,73,1.0,1.0
172,74,1.0,1.0
172,75,1.0,1.0
172,76,1.0,1.0
172,77,1.0,1.0
172,78,1.0,1.0
172,79,1.0,1.0
172,80,1.0,1.0
172,81,1.0,1.0
172,82,1.0,1.0
172,83,1.0,1.0
172,84,1.0,1.0
172,85,1.0,1.0
172,86,1.0,1.0
172,87,1.0,1.0
172,88,1.0,1.0
172,89,1.0,1.0
172,90,1.0,1.0
172,91,1.0,1.0
172,92,1.0,1.0
172,93,1.0,1.0
172,94,1.0,1.0
172,95,1.0,1.0
172,96,1.0,1.0
172,97,1.0,1.0
172,98,1.0,1.0
172,99,1.0,1.0
172,100,1.0,1.0
173,1,0.16,0.0
173,2,0.16,1.0
173,3,0.42,0.4973
173,4,0.42,1.0
173,5,0.53,0.359
173,6,0.62,0.0
173,7,0.71,0.0
173,8,0.77,0.0
173,9,0.81,0.0
173,10,0.82,0.0
173,11,0.86,0.0
173,12,0.89,0.0
173,13,0.91,0.0
173,14,0.97,0.0
173,15,1.0,0.0
173,16,1.0,1.0
173,17,1.0,1.0
173,18,1.0,1.0
173,19,1.0,1.0
173,20,1.0,1.0
173,21,1.0,1.0
173,22,1.0,1.0
173,23,1.0,1.0
173,24,1.0,1.0
173,25,1.0,1.0
173,26,1.0,1.0
173,27,1.0,1.0
173,28,1.0,1.0
173,29,1.0,1.0
173,30,1.0,1.0
173,31,1.0,1.0
173,32,1.0,1.0
173,33,1.0,1.0
173,34,1.0,1.0
173,35,1.0,1.0
173,36,1.0,1.0
173,37,1.0,1.0
173,38,1.0,1.0
173,39,1.0,1.0
173,40,1.0,1.0
173,41,1.0,1.0
173,42,1.0,1.0
173,43,1.0,1.0
173,44,1.0,1.0
173,45,1.0,1.0
173,46,1.0,1.0
173,47,1.0,1.0
173,48,1.0,1.0
173,49,1.0,1.0
173,50,1.0,1.0
173,51,1.0,1.0
173,52,1.0,1.0
173,53,1.0,1.0
173,54,1.0,1.0
173,55,1.0,1.0
173,56,1.0,1.0
173,57,1.0,1.0
173,58,1.0,1.0
173,59,1.0,1.0
173,60,1.0,1.0
173,61,1.0,1.0
173,62,1.0,1.0
173,63,1.0,1.0
173,64,1.0,1.0
173,65,1.0,1.0
173,66,1.0,1.0
173,67,1.0,1.0
173,68,1.0,1.0
173,69,1.0,1.0
173,70,1.0,1.0
173,71,1.0,1.0
173,72,1.0,1.0
173,73,1.0,1.0
173,74,1.0,1.0
173,75,1.0,1.0
173,76,1.0,1.0
173,77,1.0,1.0
173,78,1.0,1.0
173,79,1.0,1.0
173,80,1.0,1.0
173,81,1.0,1.0
173,82,1.0,1.0
173,83,1.0,1.0
173,84,1.0,1.0
173,85,1.0,1.0
173,86,1.0,1.0
173,87,1.0,1.0
173,88,1.0,1.0
173,89,1.0,1.0
173,90,1.0,1.0
173,91,1.0,1.0
173,92,1.0,1.0
173,93,1.0,1.0
173,94,1.0,1.0
173,95,1.0,1.0
173,96,1.0,1.0
173,97,1.0,1.0
173,98,1.0,1.0
173,99,1.0,1.0
173,100,1.0,1.0
174,1,0.19,0.0
174,2,0.19,1.0
174,3,0.57,0.2071
174,4,0.57,1.0
174,5,0.68,0.0
174,6,0.78,0.0
174,7,0.9,0.0
174,8,0.93,0.0
174,9,0.95,0.0
174,10,0.97,0.0
174,11,0.97,1.0
174,12,0.98,0.0
174,13,0.99,0.0
174,14,1.0,0.0
174,15,1.0,1.0
174,16,1.0,1.0
174,17,1.0,1.0
174,18,1.0,1.0
174,19,1.0,1.0
174,20,1.0,1.0
174,21,1.0,1.0
174,22,1.0,1.0
174,23,1.0,1.0
174,24,1.0,1.0
174,25,1.0,1.0
174,26,1.0,1.0
174,27,1.0,1.0
174,28,1.0,1.0
174,29,1.0,1.0
174,30,1.0,1.0
174,31,1.0,1.0
174,32,1.0,1.0
174,33,1.0,1.0
174,34,1.0,1.0
174,35,1.0,1.0
174,36,1.0,1.0
174,37,1.0,1.0
174,38,1.0,1.0
174,39,1.0,1.0
174,40,1.0,1.0
174,41,1.0,1.0
174,42,1.0,1.0
174,43,1.0,1.0
174,44,1.0,1.0
174,45,1.0,1.0
174,46,1.0,1.0
174,47,1.0,1.0
174,48,1.0,1.0
174,49,1.0,1.0
174,50,1.0,1.0
174,51,1.0,1.0
174,52,1.0,1.0
174,53,1.0,1.0
174,54,1.0,1.0
174,55,1.0,1.0
174,56,1.0,1.0
174,57,1.0,1.0
174,58,1.0,1.0
174,59,1.0,1.0
174,60,1.0,1.0
174,61,1.0,1.0
174,62,1.0,1.0
174,63,1.0,1.0
174,64,1.0,1.0
174,65,1.0,1.0
174,66,1.0,1.0
174,67,1.0,1.0
174,68,1.0,1.0
174,69,1.0,1.0
174,70,1.0,1.0
174,71,1.0,1.0
174,72,1.0,1.0
174,73,1.0,1.0
174,74,1.0,1.0
174,75,1.0,1.0
174,76,1.0,1.0
174,77,1.0,1.0
174,78,1.0,1.0
174,79,1.0,1.0
174,80,1.0,1.0
174,81,1.0,1.0
174,82,1.0,1.0
174,83,1.0,1.0
174,84,1.0,1.0
174,85,1.0,1.0
174,86,1.0,1.0
174,87,1.0,1.0
174,88,1.0,1.0
174,89,1.0,1.0
174,90,1.0,1.0
174,91,1.0,1.0
174,92,1.0,1.0
174,93,1.0,1.0
174,94,1.0,1.0
174,95,1.0,1.0
174,96,1.0,1.0
174,97,1.0,1.0
174,98,1.0,1.0
174,99,1.0,1.0
174,100,1.0,1.0
175,1,0.19,0.0
175,2,0.19,1.0
175,3,0.54,0.455
175,4,0.54,1.0
175,5,0.59,0.0
175,6,0.65,0.0
175,7,0.77,0.0
175,8,0.77,1.0
175,9,0.79,0.0
175,10,0.85,0.0
175,11,0.87,0.0
175,12,0.89,0.0
175,13,0.89,1.0
175,14,0.97,0.0
175,15,0.97,1.0
175,16,0.97,1.0
175,17,0.98,0.0
175,18,1.0,0.0
175,19,1.0,1.0
175,20,1.0,1.0
175,21,1.0,1.0
175,22,1.0,1.0
175,23,1.0,1.0
175,24,1.0,1.0
175,25,1.0,1.0
175,26,1.0,1.0
175,27,1.0,1.0
175,28,1.0,1.0
175,29,1.0,1.0
175,30,1.0,1.0
175,31,1.0,1.0
175,32,1.0,1.0
175,33,1.0,1.0
175,34,1.0,1.0
175,35,1.0,1.0
175,36,1.0,1.0
175,37,1.0,1.0
175,38,1.0,1.0
175,39,1.0,1.0
175,40,1.0,1.0
175,41,1.0,1.0
175,42,1.0,1.0
175,43,1.0,1.0
175,44,1.0,1.0
175,45,1.0,1.0
175,46,1.0,1.0
175,47,1.0,1.0
175,48,1.0,1.0
175,49,1.0,1.0
175,50,1.0,1.0
175,51,1.0,1.0
175,52,1.0,1.0
175,53,1.0,1.0
175,54,1.0,1.0
175,55,1.0,1.0
175,56,1.0,1.0
175,57,1.0,1.0
175,58,1.0,1.0
175,59,1.0,1.0
175,60,1.0,1.0
175,61,1.0,1.0
175,62,1.0,1.0
175,63,1.0,1.0
175,64,1.0,1.0
175,65,1.0,1.0
175,66,1.0,1.0
175,67,1.0,1.0
175,68,1.0,1.0
175,69,1.0,1.0
175,70,1.0,1.0
175,71,1.0,1.0
175,72,1.0,1.0
175,73,1.0,1.0
175,74,1.0,1.0
175,75,1.0,1.0
175,76,1.0,1.0
175,77,1.0,1.0
175,78,1.0,1.0
175,79,1.0,1.0
175,80,1.0,1.0
175,81,1.0,1.0
175,82,1.0,1.0
175,83,1.0,1.0
175,84,1.0,1.0
175,85,1.0,1.0
175,86,1.0,1.0
175,87,1.0,1.0
175,88,1.0,1.0
175,89,1.0,1.0
175,90,1.0,1.0
175,91,1.0,1.0
175,92,1.0,1.0
175,93,1.0,1.0
175,94,1.0,1.0
175,95,1.0,1.0
175,96,1.0,1.0
175,97,1.0,1.0
175,98,1.0,1.0
175,99,1.0,1.0
175,100,1.0,1.0
176,1,0.18,0.0
176,2,0.18,1.0
176,3,0.52,0.3321
176,4,0.52,1.0
176,5,0.64,0.0
176,6,0.71,0.0
176,7,0.82,0.0
176,8,0.84,0.0
176,9,0.88,0.0
176,10,0.91,0.0
176,11,0.94,0.0
176,12,0.97,0.0
176,13,0.98,0.0
176,14,1.0,0.0
176,15,1.0,1.0
176,16,1.0,1.0
176,17,1.0,1.0
176,18,1.0,1.0
176,19,1.0,1.0
176,20,1.0,1.0
176,21,1.0,1.0
176,22,1.0,1.0
176,23,1.0,1.0
176,24,1.0,1.0
176,25,1.0,1.0
176,26,1.0,1.0
176,27,1.0,1.0
176,28,1.0,1.0
176,29,1.0,1.0
176,30,1.0,1.0
176,31,1.0,1.0
176,32,1.0,1.0
176,33,1.0,1.0
176,34,1.0,1.0
176,35,1.0,1.0
176,36,1.0,1.0
176,37,1.0,1.0
176,38,1.0,1.0
176,39,1.0,1.0
176,40,1.0,1.0
176,41,1.0,1.0
176,42,1.0,1.0
176,43,1.0,1.0
176,44,1.0,1.0
176,45,1.0,1.0
176,46,1.0,1.0
176,47,1.0,1.0
176,48,1.0,1.0
176,49,1.0,1.0
176,50,1.0,1.0
176,51,1.0,1.0
176,52,1.0,1.0
176,53,1.0,1.0
176,54,1.0,1.0
176,55,1.0,1.0
176,56,1.0,1.0
176,57,1.0,1.0
176,58,1.0,1.0
176,59,1.0,1.0
176,60,1.0,1.0
176,61,1.0,1.0
176,62,1.0,1.0
176,63,1.0,1.0
176,64,1.0,1.0
176,65,1.0,1.0
176,66,1.0,1.0
176,67,1.0,1.0
176,68,1.0,1.0
176,69,1.0,1.0
176,70,1.0,1.0
176,71,1.0,1.0
176,72,1.0,1.0
176,73,1.0,1.0
176,74,1.0,1.0
176,75,1.0,1.0
176,76,1.0,1.0
176,77,1.0,1.0
176,78,1.0,1.0
176,79,1.0,1.0
176,80,1.0,1.0
176,81,1.0,1.0
176,82,1.0,1.0
176,83,1.0,1.0
176,84,1.0,1.0
176,85,1.0,1.0
176,86,1.0,1.0
176,87,1.0,1.0
176,88,1.0,1.0
176,89,1.0,1.0
176,90,1.0,1.0
176,91,1.0,1.0
176,92,1.0,1.0
176,93,1.0,1.0
176,94,1.0,1.0
176,95,1.0,1.0
176,96,1.0,1.0
176,97,1.0,1.0
176,98,1.0,1.0
176,99,1.0,1.0
176,100,1.0,1.0
177,1,0.17,0.0
177,2,0.17,1.0
177,3,0.53,0.3687
177,4,0.53,1.0
177,5,0.67,0.0
177,6,0.77,0.0
177,7,0.86,0.0
177,8,0.89,0.0
177,9,0.93,0.0
177,10,0.93,1.0
177,11,0.93,1.0
177,12,0.93,1.0
177,13,0.97,0.0
177,14,0.98,0.0
177,15,0.99,0.0
177,16,1.0,0.0
177,17,1.0,1.0
177,18,1.0,1.0
177,19,1.0,1.0
177,20,1.0,1.0
177,21,1.0,1.0
177,22,1.0,1.0
177,23,1.0,1.0
177,24,1.0,1.0
177,25,1.0,1.0
177,26,1.0,1.0
177,27,1.0,1.0
177,28,1.0,1.0
177,29,1.0,1.0
177,30,1.0,1.0
177,31,1.0,1.0
177,32,1.0,1.0
177,33,1.0,1.0
177,34,1.0,1.0
177,35,1.0,1.0
177,36,1.0,1.0
177,37,1.0,1.0
177,38,1.0,1.0
177,39,1.0,1.0
177,40,1.0,1.0
177,41,1.0,1.0
177,42,1.0,1.0
177,43,1.0,1.0
177,44,1.0,1.0
177,45,1.0,1.0
177,46,1.0,1.0
177,47,1.0,1.0
177,48,1.0,1.0
177,49,1.0,1.0
177,50,1.0,1.0
177,51,1.0,1.0
177,52,1.0,1.0
177,53,1.0,1.0
177,54,1.0,1.0
177,55,1.0,1.0
177,56,1.0,1.0
177,57,1.0,1.0
177,58,1.0,1.0
177,59,1.0,1.0
177,60,1.0,1.0
177,61,1.0,1.0
177,62,1.0,1.0
177,63,1.0,1.0
177,64,1.0,1.0
177,65,1.0,1.0
177,66,1.0,1.0
177,67,1.0,1.0
177,68,1.0,1.0
177,69,1.0,1.0
177,70,1.0,1.0
177,71,1.0,1.0
177,72,1.0,1.0
177,73,1.0,1.0
177,74,1.0,1.0
177,75,1.0,1.0
177,76,1.0,1.0
177,77,1.0,1.0
177,78,1.0,1.0
177,79,1.0,1.0
177,80,1.0,1.0
177,81,1.0,1.0
177,82,1.0,1.0
177,83,1.0,1.0
177,84,1.0,1.0
177,85,1.0,1.0
177,86,1.0,1.0
177,87,1.0,1.0
177,88,1.0,1.0
177,89,1.0,1.0
177,90,1.0,1.0
177,91,1.0,1.0
177,92,1.0,1.0
177,93,1.0,1.0
177,94,1.0,1.0
177,95,1.0,1.0
177,96,1.0,1.0
177,97,1.0,1.0
177,98,1.0,1.0
177,99,1.0,1.0
177,100,1.0,1.0
178,1,0.13,0.0
178,2,0.13,1.0
178,3,0.27,0.5464
178,4,0.27,1.0
178,5,0.37,0.5183
178,6,0.41,0.0
178,7,0.44,0.5766
178,8,0.42,1.0
178,9,0.4,1.0667
178,10,0.41,0.0
178,11,0.4,1.1248
178,12,0.38,1.0
178,13,0.38,1.183
178,14,0.35,1.0
178,15,0.34,1.2605
178,16,0.31,1.0
178,17,0.31,1.226
178,18,0.3,1.0
178,19,0.26,1.39
178,20,0.24,1.0
178,21,0.23,1.3855
178,22,0.17,1.0
178,23,0.14,1.43
178,24,0.13,1.0
178,25,0.1,1.4515
178,26,0.08,1.0
178,27,0.07,1.496
178,28,0.03,1.0
178,29,0.0,1.5255
178,30,0.0,1.0
178,31,0.0,1.5
178,32,0.0,1.0
178,33,0.0,1.5
178,34,0.0,1.0
178,35,0.0,1.5
178,36,0.0,1.0
178,37,0.0,1.5
178,38,0.0,1.0
178,39,0.0,1.5
178,40,0.0,1.0
178,41,0.0,1.5
178,42,0.0,1.0
178,43,0.0,1.5
178,44,0.0,1.0
178,45,0.0,1.5
178,46,0.0,1.0
178,47,0.0,1.5
178,48,0.0,1.0
178,49,0.0,1.5
178,50,0.0,1.0
178,51,0.0,1.5
178,52,0.0,1.0
178,53,0.0,1.5
178,54,0.0,1.0
178,55,0.0,1.5
178,56,0.0,1.0
178,57,0.0,1.5
178,58,0.0,1.0
178,59,0.0,1.5
178,60,0.0,1.0
178,61,0.0,1.5
178,62,0.0,1.0
178,63,0.0,1.5
178,64,0.0,1.0
178,65,0.0,1.5
178,66,0.0,1.0
178,67,0.0,1.5
178,68,0.0,1.0
178,69,0.0,1.5
178,70,0.0,1.0
178,71,0.0,1.5
178,72,0.0,1.0
178,73,0.0,1.5
178,74,0.0,1.0
178,75,0.0,1.5
178,76,0.0,1.0
178,77,0.0,1.5
178,78,0.0,1.0
178,79,0.0,1.5
178,80,0.0,1.0
178,81,0.0,1.5
178,82,0.0,1.0
178,83,0.0,1.5
178,84,0.0,1.0
178,85,0.0,1.5
178,86,0.0,1.0
178,87,0.0,1.5
178,88,0.0,1.0
178,89,0.0,1.5
178,90,0.0,1.0
178,91,0.0,1.5
178,92,0.0,1.0
178,93,0.0,1.5
178,94,0.0,1.0
178,95,0.0,1.5
178,96,0.0,1.0
178,97,0.0,1.5
178,98,0.0,1.0
178,99,0.0,1.5
178,100,0.0,1.0
179,1,0.17,0.0
179,2,0.17,1.0
179,3,0.38,0.4844
179,4,0.38,1.0
179,5,0.42,0.4879
179,6,0.47,0.0
179,7,0.49,0.4825
179,8,0.52,0.0
179,9,0.52,0.9213
179,10,0.53,0.0
179,11,0.56,0.0
179,12,0.58,0.0
179,13,0.59,0.0
179,14,0.6,0.0
179,15,0.6,1.0
179,16,0.6,1.0
179,17,0.61,0.0
179,18,0.62,0.0
179,19,0.66,0.0
179,20,0.66,1.0
179,21,0.67,0.0
179,22,0.68,0.0
179,23,0.69,0.0
179,24,0.7,0.0
179,25,0.7,1.0
179,26,0.8,0.0
179,27,0.8,1.0
179,28,0.81,0.0
179,29,0.82,0.0
179,30,0.83,0.0
179,31,0.84,0.0
179,32,0.84,1.0
179,33,0.96,0.0
179,34,0.96,1.0
179,35,0.97,0.0
179,36,0.99,0.0
179,37,0.99,1.0
179,38,0.99,1.0
179,39,0.99,1.0
179,40,1.0,0.0
179,41,1.0,1.0
179,42,1.0,1.0
179,43,1.0,1.0
179,44,1.0,1.0
179,45,1.0,1.0
179,46,1.0,1.0
179,47,1.0,1.0
179,48,1.0,1.0
179,49,1.0,1.0
179,50,1.0,1.0
179,51,1.0,1.0
179,52,1.0,1.0
179,53,1.0,1.0
179,54,1.0,1.0
179,55,1.0,1.0
179,56,1.0,1.0
179,57,1.0,1.0
179,58,1.0,1.0
179,59,1.0,1.0
179,60,1.0,1.0
179,61,1.0,1.0
179,62,1.0,1.0
179,63,1.0,1.0
179,64,1.0,1.0
179,65,1.0,1.0
179,66,1.0,1.0
179,67,1.0,1.0
179,68,1.0,1.0
179,69,1.0,1.0
179,70,1.0,1.0
179,71,1.0,1.0
179,72,1.0,1.0
179,73,1.0,1.0
179,74,1.0,1.0
179,75,1.0,1.0
179,76,1.0,1.0
179,77,1.0,1.0
179,78,1.0,1.0
179,79,1.0,1.0
179,80,1.0,1.0
179,81,1.0,1.0
179,82,1.0,1.0
179,83,1.0,1.0
179,84,1.0,1.0
179,85,1.0,1.0
179,86,1.0,1.0
179,87,1.0,1.0
179,88,1.0,1.0
179,89,1.0,1.0
179,90,1.0,1.0
179,91,1.0,1.0
179,92,1.0,1.0
179,93,1.0,1.0
179,94,1.0,1.0
179,95,1.0,1.0
179,96,1.0,1.0
179,97,1.0,1.0
179,98,1.0,1.0
179,99,1.0,1.0
179,100,1.0,1.0
180,1,0.17,0.0
180,2,0.17,1.0
180,3,0.58,0.4065
180,4,0.58,1.0
180,5,0.72,0.0
180,6,0.83,0.0
180,7,0.92,0.0
180,8,0.92,1.0
180,9,0.95,0.0
180,10,0.97,0.0
180,11,0.97,1.0
180,12,0.98,0.0
180,13,0.98,1.0
180,14,1.0,0.0
180,15,1.0,1.0
180,16,1.0,1.0
180,17,1.0,1.0
180,18,1.0,1.0
180,19,1.0,1.0
180,20,1.0,1.0
180,21,1.0,1.0
180,22,1.0,1.0
180,23,1.0,1.0
180,24,1.0,1.0
180,25,1.0,1.0
180,26,1.0,1.0
180,27,1.0,1.0
180,28,1.0,1.0
180,29,1.0,1.0
180,30,1.0,1.0
180,31,1.0,1.0
180,32,1.0,1.0
180,33,1.0,1.0
180,34,1.0,1.0
180,35,1.0,1.0
180,36,1.0,1.0
180,37,1.0,1.0
180,38,1.0,1.0
180,39,1.0,1.0
180,40,1.0,1.0
180,41,1.0,1.0
180,42,1.0,1.0
180,43,1.0,1.0
180,44,1.0,1.0
180,45,1.0,1.0
180,46,1.0,1.0
180,47,1.0,1.0
180,48,1.0,1.0
180,49,1.0,1.0
180,50,1.0,1.0
180,51,1.0,1.0
180,52,1.0,1.0
180,53,1.0,1.0
180,54,1.0,1.0
180,55,1.0,1.0
180,56,1.0,1.0
180,57,1.0,1.0
180,58,1.0,1.0
180,59,1.0,1.0
180,60,1.0,1.0
180,61,1.0,1.0
180,62,1.0,1.0
180,63,1.0,1.0
180,64,1.0,1.0
180,65,1.0,1.0
180,66,1.0,1.0
180,67,1.0,1.0
180,68,1.0,1.0
180,69,1.0,1.0
180,70,1.0,1.0
180,71,1.0,1.0
180,72,1.0,1.0
180,73,1.0,1.0
180,74,1.0,1.0
180,75,1.0,1.0
180,76,1.0,1.0
180,77,1.0,1.0
180,78,1.0,1.0
180,79,1.0,1.0
180,80,1.0,1.0
180,81,1.0,1.0
180,82,1.0,1.0
180,83,1.0,1.0
180,84,1.0,1.0
180,85,1.0,1.0
180,86,1.0,1.0
180,87,1.0,1.0
180,88,1.0,1.0
180,89,1.0,1.0
180,90,1.0,1.0
180,91,1.0,1.0
180,92,1.0,1.0
180,93,1.0,1.0
180,94,1.0,1.0
180,95,1.0,1.0
180,96,1.0,1.0
180,97,1.0,1.0
180,98,1.0,1.0
180,99,1.0,1.0
180,100,1.0,1.0
181,1,0.17,0.0
181,2,0.17,1.0
181,3,0.44,0.557
181,4,0.44,1.0
181,5,0.54,0.4712
181,6,0.59,0.0
181,7,0.76,0.0
181,8,0.77,0.0
181,9,0.79,0.0
181,10,0.8,0.0
181,11,0.8,1.0
181,12,0.83,0.0
181,13,0.83,1.0
181,14,0.95,0.0
181,15,0.96,0.0
181,16,0.97,0.0
181,17,0.97,1.0
181,18,0.97,1.0
181,19,0.98,0.0
181,20,0.98,1.0
181,21,1.0,0.0
181,22,1.0,1.0
181,23,1.0,1.0
181,24,1.0,1.0
181,25,1.0,1.0
181,26,1.0,1.0
181,27,1.0,1.0
181,28,1.0,1.0
181,29,1.0,1.0
181,30,1.0,1.0
181,31,1.0,1.0
181,32,1.0,1.0
181,33,1.0,1.0
181,34,1.0,1.0
181,35,1.0,1.0
181,36,1.0,1.0
181,37,1.0,1.0
181,38,1.0,1.0
181,39,1.0,1.0
181,40,1.0,1.0
181,41,1.0,1.0
181,42,1.0,1.0
181,43,1.0,1.0
181,44,1.0,1.0
181,45,1.0,1.0
181,46,1.0,1.0
181,47,1.0,1.0
181,48,1.0,1.0
181,49,1.0,1.0
181,50,1.0,1.0
181,51,1.0,1.0
181,52,1.0,1.0
181,53,1.0,1.0
181,54,1.0,1.0
181,55,1.0,1.0
181,56,1.0,1.0
181,57,1.0,1.0
181,58,1.0,1.0
181,59,1.0,1.0
181,60,1.0,1.0
181,61,1.0,1.0
181,62,1.0,1.0
181,63,1.0,1.0
181,64,1.0,1.0
181,65,1.0,1.0
181,66,1.0,1.0
181,67,1.0,1.0
181,68,1.0,1.0
181,69,1.0,1.0
181,70,1.0,1.0
181,71,1.0,1.0
181,72,1.0,1.0
181,73,1.0,1.0
181,74,1.0,1.0
181,75,1.0,1.0
181,76,1.0,1.0
181,77,1.0,1.0
181,78,1.0,1.0
181,79,1.0,1.0
181,80,1.0,1.0
181,81,1.0,1.0
181,82,1.0,1.0
181,83,1.0,1.0
181,84,1.0,1.0
181,85,1.0,1.0
181,86,1.0,1.0
181,87,1.0,1.0
181,88,1.0,1.0
181,89,1.0,1.0
181,90,1.0,1.0
181,91,1.0,1.0
181,92,1.0,1.0
181,93,1.0,1.0
181,94,1.0,1.0
181,95,1.0,1.0
181,96,1.0,1.0
181,97,1.0,1.0
181,98,1.0,1.0
181,99,1.0,1.0
181,100,1.0,1.0
182,1,0.1,0.0
182,2,0.1,1.0
182,3,0.27,0.5927
182,4,0.27,1.0
182,5,0.32,0.6258
182,6,0.37,0.0
182,7,0.38,0.6698
182,8,0.37,1.0
182,9,0.35,1.3295
182,10,0.34,1.0
182,11,0.32,1.3075
182,12,0.28,1.0
182,13,0.22,1.428
182,14,0.19,1.0
182,15,0.16,1.3785
182,16,0.13,1.0
182,17,0.12,1.377
182,18,0.09,1.0
182,19,0.06,1.5125
182,20,0.02,1.0
182,21,0.02,1.492
182,22,0.02,1.0
182,23,0.02,1.4965
182,24,0.01,1.0
182,25,0.0,1.5085
182,26,0.0,1.0
182,27,0.0,1.5
182,28,0.0,1.0
182,29,0.0,1.5
182,30,0.0,1.0
182,31,0.0,1.5
182,32,0.0,1.0
182,33,0.0,1.5
182,34,0.0,1.0
182,35,0.0,1.5
182,36,0.0,1.0
182,37,0.0,1.5
182,38,0.0,1.0
182,39,0.0,1.5
182,40,0.0,1.0
182,41,0.0,1.5
182,42,0.0,1.0
182,43,0.0,1.5
182,44,0.0,1.0
182,45,0.0,1.5
182,46,0.0,1.0
182,47,0.0,1.5
182,48,0.0,1.0
182,49,0.0,1.5
182,50,0.0,1.0
182,51,0.0,1.5
182,52,0.0,1.0
182,53,0.0,1.5
182,54,0.0,1.0
182,55,0.0,1.5
182,56,0.0,1.0
182,57,0.0,1.5
182,58,0.0,1.0
182,59,0.0,1.5
182,60,0.0,1.0
182,61,0.0,1.5
182,62,0.0,1.0
182,63,0.0,1.5
182,64,0.0,1.0
182,65,0.0,1.5
182,66,0.0,1.0
182,67,0.0,1.5
182,68,0.0,1.0
182,69,0.0,1.5
182,70,0.0,1.0
182,71,0.0,1.5
182,72,0.0,1.0
182,73,0.0,1.5
182,74,0.0,1.0
182,75,0.0,1.5
182,76,0.0,1.0
182,77,0.0,1.5
182,78,0.0,1.0
182,79,0.0,1.5
182,80,0.0,1.0
182,81,0.0,1.5
182,82,0.0,1.0
182,83,0.0,1.5
182,84,0.0,1.0
182,85,0.0,1.5
182,86,0.0,1.0
182,87,0.0,1.5
182,88,0.0,1.0
182,89,0.0,1.5
182,90,0.0,1.0
182,91,0.0,1.5
182,92,0.0,1.0
182,93,0.0,1.5
182,94,0.0,1.0
182,95,0.0,1.5
182,96,0.0,1.0
182,97,0.0,1.5
182,98,0.0,1.0
182,99,0.0,1.5
182,100,0.0,1.0
183,1,0.17,0.0
183,2,0.17,1.0
183,3,0.5,0.4308
183,4,0.5,1.0
183,5,0.64,0.0
183,6,0.78,0.0
183,7,0.83,0.0
183,8,0.87,0.0
183,9,0.9,0.0
183,10,0.93,0.0
183,11,0.96,0.0
183,12,0.98,0.0
183,13,0.99,0.0
183,14,1.0,0.0
183,15,1.0,1.0
183,16,1.0,1.0
183,17,1.0,1.0
183,18,1.0,1.0
183,19,1.0,1.0
183,20,1.0,1.0
183,21,1.0,1.0
183,22,1.0,1.0
183,23,1.0,1.0
183,24,1.0,1.0
183,25,1.0,1.0
183,26,1.0,1.0
183,27,1.0,1.0
183,28,1.0,1.0
183,29,1.0,1.0
183,30,1.0,1.0
183,31,1.0,1.0
183,32,1.0,1.0
183,33,1.0,1.0
183,34,1.0,1.0
183,35,1.0,1.0
183,36,1.0,1.0
183,37,1.0,1.0
183,38,1.0,1.0
183,39,1.0,1.0
183,40,1.0,1.0
183,41,1.0,1.0
183,42,1.0,1.0
183,43,1.0,1.0
183,44,1.0,1.0
183,45,1.0,1.0
183,46,1.0,1.0
183,47,1.0,1.0
183,48,1.0,1.0
183,49,1.0,1.0
183,50,1.0,1.0
183,51,1.0,1.0
183,52,1.0,1.0
183,53,1.0,1.0
183,54,1.0,1.0
183,55,1.0,1.0
183,56,1.0,1.0
183,57,1.0,1.0
183,58,1.0,1.0
183,59,1.0,1.0
183,60,1.0,1.0
183,61,1.0,1.0
183,62,1.0,1.0
183,63,1.0,1.0
183,64,1.0,1.0
183,65,1.0,1.0
183,66,1.0,1.0
183,67,1.0,1.0
183,68,1.0,1.0
183,69,1.0,1.0
183,70,1.0,1.0
183,71,1.0,1.0
183,72,1.0,1.0
183,73,1.0,1.0
183,74,1.0,1.0
183,75,1.0,1.0
183,76,1.0,1.0
183,77,1.0,1.0
183,78,1.0,1.0
183,79,1.0,1.0
183,80,1.0,1.0
183,81,1.0,1.0
183,82,1.0,1.0
183,83,1.0,1.0
183,84,1.0,1.0
183,85,1.0,1.0
183,86,1.0,1.0
183,87,1.0,1.0
183,88,1.0,1.0
183,89,1.0,1.0
183,90,1.0,1.0
183,91,1.0,1.0
183,92,1.0,1.0
183,93,1.0,1.0
183,94,1.0,1.0
183,95,1.0,1.0
183,96,1.0,1.0
183,97,1.0,1.0
183,98,1.0,1.0
183,99,1.0,1.0
183,100,1.0,1.0
184,1,0.17,0.0
184,2,0.17,1.0
184,3,0.41,0.4594
184,4,0.41,1.0
184,5,0.45,0.5205
184,6,0.45,1.0
184,7,0.43,1.1108
184,8,0.41,1.0
184,9,0.41,1.1121
184,10,0.38,1.0
184,11,0.36,1.2074
184,12,0.36,1.0
184,13,0.34,1.127
184,14,0.32,1.0
184,15,0.3,1.2965
184,16,0.28,1.0
184,17,0.25,1.327
184,18,0.25,1.0
184,19,0.22,1.4
184,20,0.18,1.0
184,21,0.16,1.414
184,22,0.16,1.0
184,23,0.12,1.4535
184,24,0.1,1.0
184,25,0.09,1.49
184,26,0.03,1.0
184,27,0.03,1.492
184,28,0.02,1.0
184,29,0.0,1.518
184,30,0.0,1.0
184,31,0.0,1.5
184,32,0.0,1.0
184,33,0.0,1.5
184,34,0.0,1.0
184,35,0.0,1.5
184,36,0.0,1.0
184,37,0.0,1.5
184,38,0.0,1.0
184,39,0.0,1.5
184,40,0.0,1.0
184,41,0.0,1.5
184,42,0.0,1.0
184,43,0.0,1.5
184,44,0.0,1.0
184,45,0.0,1.5
184,46,0.0,1.0
184,47,0.0,1.5
184,48,0.0,1.0
184,49,0.0,1.5
184,50,0.0,1.0
184,51,0.0,1.5
184,52,0.0,1.0
184,53,0.0,1.5
184,54,0.0,1.0
184,55,0.0,1.5
184,56,0.0,1.0
184,57,0.0,1.5
184,58,0.0,1.0
184,59,0.0,1.5
184,60,0.0,1.0
184,61,0.0,1.5
184,62,0.0,1.0
184,63,0.0,1.5
184,64,0.0,1.0
184,65,0.0,1.5
184,66,0.0,1.0
184,67,0.0,1.5
184,68,0.0,1.0
184,69,0.0,1.5
184,70,0.0,1.0
184,71,0.0,1.5
184,72,0.0,1.0
184,73,0.0,1.5
184,74,0.0,1.0
184,75,0.0,1.5
184,76,0.0,1.0
184,77,0.0,1.5
184,78,0.0,1.0
184,79,0.0,1.5
184,80,0.0,1.0
184,81,0.0,1.5
184,82,0.0,1.0
184,83,0.0,1.5
184,84,0.0,1.0
184,85,0.0,1.5
184,86,0.0,1.0
184,87,0.0,1.5
184,88,0.0,1.0
184,89,0.0,1.5
184,90,0.0,1.0
184,91,0.0,1.5
184,92,0.0,1.0
184,93,0.0,1.5
184,94,0.0,1.0
184,95,0.0,1.5
184,96,0.0,1.0
184,97,0.0,1.5
184,98,0.0,1.0
184,99,0.0,1.5
184,100,0.0,1.0
185,1,0.18,0.0
185,2,0.18,1.0
185,3,0.48,0.4869
185,4,0.48,1.0
185,5,0.51,0.5274
185,6,0.53,0.0
185,7,0.56,0.4703
185,8,0.55,1.0
185,9,0.56,0.412
185,10,0.56,1.0
185,11,0.58,0.4509
185,12,0.59,0.0
185,13,0.61,0.0
185,14,0.62,0.0
185,15,0.61,1.0
185,16,0.63,0.0
185,17,0.63,1.0
185,18,0.66,0.0
185,19,0.67,0.0
185,20,0.7,0.0
185,21,0.71,0.0
185,22,0.71,1.0
185,23,0.73,0.0
185,24,0.74,0.0
185,25,0.79,0.0
185,26,0.8,0.0
185,27,0.89,0.0
185,28,0.91,0.0
185,29,0.91,1.0
185,30,0.91,1.0
185,31,0.91,1.0
185,32,0.97,0.0
185,33,0.98,0.0
185,34,1.0,0.0
185,35,1.0,1.0
185,36,1.0,1.0
185,37,1.0,1.0
185,38,1.0,1.0
185,39,1.0,1.0
185,40,1.0,1.0
185,41,1.0,1.0
185,42,1.0,1.0
185,43,1.0,1.0
185,44,1.0,1.0
185,45,1.0,1.0
185,46,1.0,1.0
185,47,1.0,1.0
185,48,1.0,1.0
185,49,1.0,1.0
185,50,1.0,1.0
185,51,1.0,1.0
185,52,1.0,1.0
185,53,1.0,1.0
185,54,1.0,1.0
185,55,1.0,1.0
185,56,1.0,1.0
185,57,1.0,1.0
185,58,1.0,1.0
185,59,1.0,1.0
185,60,1.0,1.0
185,61,1.0,1.0
185,62,1.0,1.0
185,63,1.0,1.0
185,64,1.0,1.0
185,65,1.0,1.0
185,66,1.0,1.0
185,67,1.0,1.0
185,68,1.0,1.0
185,69,1.0,1.0
185,70,1.0,1.0
185,71,1.0,1.0
185,72,1.0,1.0
185,73,1.0,1.0
185,74,1.0,1.0
185,75,1.0,1.0
185,76,1.0,1.0
185,77,1.0,1.0
185,78,1.0,1.0
185,79,1.0,1.0
185,80,1.0,1.0
185,81,1.0,1.0
185,82,1.0,1.0
185,83,1.0,1.0
185,84,1.0,1.0
185,85,1.0,1.0
185,86,1.0,1.0
185,87,1.0,1.0
185,88,1.0,1.0
185,89,1.0,1.0
185,90,1.0,1.0
185,91,1.0,1.0
185,92,1.0,1.0
185,93,1.0,1.0
185,94,1.0,1.0
185,95,1.0,1.0
185,96,1.0,1.0
185,97,1.0,1.0
185,98,1.0,1.0
185,99,1.0,1.0
185,100,1.0,1.0
186,1,0.18,0.0
186,2,0.18,1.0
186,3,0.5,0.3227
186,4,0.5,1.0
186,5,0.65,0.0
186,6,0.76,0.0
186,7,0.87,0.0
186,8,0.91,0.0
186,9,0.94,0.0
186,10,0.95,0.0
186,11,0.97,0.0
186,12,0.98,0.0
186,13,0.99,0.0
186,14,1.0,0.0
186,15,1.0,1.0
186,16,1.0,1.0
186,17,1.0,1.0
186,18,1.0,1.0
186,19,1.0,1.0
186,20,1.0,1.0
186,21,1.0,1.0
186,22,1.0,1.0
186,23,1.0,1.0
186,24,1.0,1.0
186,25,1.0,1.0
186,26,1.0,1.0
186,27,1.0,1.0
186,28,1.0,1.0
186,29,1.0,1.0
186,30,1.0,1.0
186,31,1.0,1.0
186,32,1.0,1.0
186,33,1.0,1.0
186,34,1.0,1.0
186,35,1.0,1.0
186,36,1.0,1.0
186,37,1.0,1.0
186,38,1.0,1.0
186,39,1.0,1.0
186,40,1.0,1.0
186,41,1.0,1.0
186,42,1.0,1.0
186,43,1.0,1.0
186,44,1.0,1.0
186,45,1.0,1.0
186,46,1.0,1.0
186,47,1.0,1.0
186,48,1.0,1.0
186,49,1.0,1.0
186,50,1.0,1.0
186,51,1.0,1.0
186,52,1.0,1.0
186,53,1.0,1.0
186,54,1.0,1.0
186,55,1.0,1.0
186,56,1.0,1.0
186,57,1.0,1.0
186,58,1.0,1.0
186,59,1.0,1.0
186,60,1.0,1.0
186,61,1.0,1.0
186,62,1.0,1.0
186,63,1.0,1.0
186,64,1.0,1.0
186,65,1.0,1.0
186,66,1.0,1.0
186,67,1.0,1.0
186,68,1.0,1.0
186,69,1.0,1.0
186,70,1.0,1.0
186,71,1.0,1.0
186,72,1.0,1.0
186,73,1.0,1.0
186,74,1.0,1.0
186,75,1.0,1.0
186,76,1.0,1.0
186,77,1.0,1.0
186,78,1.0,1.0
186,79,1.0,1.0
186,80,1.0,1.0
186,81,1.0,1.0
186,82,1.0,1.0
186,83,1.0,1.0
186,84,1.0,1.0
186,85,1.0,1.0
186,86,1.0,1.0
186,87,1.0,1.0
186,88,1.0,1.0
186,89,1.0,1.0
186,90,1.0,1.0
186,91,1.0,1.0
186,92,1.0,1.0
186,93,1.0,1.0
186,94,1.0,1.0
186,95,1.0,1.0
186,96,1.0,1.0
186,97,1.0,1.0
186,98,1.0,1.0
186,99,1.0,1.0
186,100,1.0,1.0
187,1,0.2,0.0
187,2,0.2,1.0
187,3,0.61,0.3975
187,4,0.61,1.0
187,5,0.75,0.0
187,6,0.8,0.0
187,7,0.91,0.0
187,8,0.94,0.0
187,9,0.96,0.0
187,10,0.97,0.0
187,11,0.98,0.0
187,12,0.98,1.0
187,13,0.99,0.0
187,14,1.0,0.0
187,15,1.0,1.0
187,16,1.0,1.0
187,17,1.0,1.0
187,18,1.0,1.0
187,19,1.0,1.0
187,20,1.0,1.0
187,21,1.0,1.0
187,22,1.0,1.0
187,23,1.0,1.0
187,24,1.0,1.0
187,25,1.0,1.0
187,26,1.0,1.0
187,27,1.0,1.0
187,28,1.0,1.0
187,29,1.0,1.0
187,30,1.0,1.0
187,31,1.0,1.0
187,32,1.0,1.0
187,33,1.0,1.0
187,34,1.0,1.0
187,35,1.0,1.0
187,36,1.0,1.0
187,37,1.0,1.0
187,38,1.0,1.0
187,39,1.0,1.0
187,40,1.0,1.0
187,41,1.0,1.0
187,42,1.0,1.0
187,43,1.0,1.0
187,44,1.0,1.0
187,45,1.0,1.0
187,46,1.0,1.0
187,47,1.0,1.0
187,48,1.0,1.0
187,49,1.0,1.0
187,50,1.0,1.0
187,51,1.0,1.0
187,52,1.0,1.0
187,53,1.0,1.0
187,54,1.0,1.0
187,55,1.0,1.0
187,56,1.0,1.0
187,57,1.0,1.0
187,58,1.0,1.0
187,59,1.0,1.0
187,60,1.0,1.0
187,61,1.0,1.0
187,62,1.0,1.0
187,63,1.0,1.0
187,64,1.0,1.0
187,65,1.0,1.0
187,66,1.0,1.0
187,67,1.0,1.0
187,68,1.0,1.0
187,69,1.0,1.0
187,70,1.0,1.0
187,71,1.0,1.0
187,72,1.0,1.0
187,73,1.0,1.0
187,74,1.0,1.0
187,75,1.0,1.0
187,76,1.0,1.0
187,77,1.0,1.0
187,78,1.0,1.0
187,79,1.0,1.0
187,80,1.0,1.0
187,81,1.0,1.0
187,82,1.0,1.0
187,83,1.0,1.0
187,84,1.0,1.0
187,85,1.0,1.0
187,86,1.0,1.0
187,87,1.0,1.0
187,88,1.0,1.0
187,89,1.0,1.0
187,90,1.0,1.0
187,91,1.0,1.0
187,92,1.0,1.0
187,93,1.0,1.0
187,94,1.0,1.0
187,95,1.0,1.0
187,96,1.0,1.0
187,97,1.0,1.0
187,98,1.0,1.0
187,99,1.0,1.0
187,100,1.0,1.0
188,1,0.2,0.0
188,2,0.2,1.0
188,3,0.68,0.1932
188,4,0.68,1.0
188,5,0.77,0.0
188,6,0.82,0.0
188,7,0.92,0.0
188,8,0.94,0.0
188,9,0.97,0.0
188,10,0.98,0.0
188,11,0.98,1.0
188,12,0.98,1.0
188,13,0.98,1.0
188,14,1.0,0.0
188,15,1.0,1.0
188,16,1.0,1.0
188,17,1.0,1.0
188,18,1.0,1.0
188,19,1.0,1.0
188,20,1.0,1.0
188,21,1.0,1.0
188,22,1.0,1.0
188,23,1.0,1.0
188,24,1.0,1.0
188,25,1.0,1.0
188,26,1.0,1.0
188,27,1.0,1.0
188,28,1.0,1.0
188,29,1.0,1.0
188,30,1.0,1.0
188,31,1.0,1.0
188,32,1.0,1.0
188,33,1.0,1.0
188,34,1.0,1.0
188,35,1.0,1.0
188,36,1.0,1.0
188,37,1.0,1.0
188,38,1.0,1.0
188,39,1.0,1.0
188,40,1.0,1.0
188,41,1.0,1.0
188,42,1.0,1.0
188,43,1.0,1.0
188,44,1.0,1.0
188,45,1.0,1.0
188,46,1.0,1.0
188,47,1.0,1.0
188,48,1.0,1.0
188,49,1.0,1.0
188,50,1.0,1.0
188,51,1.0,1.0
188,52,1.0,1.0
188,53,1.0,1.0
188,54,1.0,1.0
188,55,1.0,1.0
188,56,1.0,1.0
188,57,1.0,1.0
188,58,1.0,1.0
188,59,1.0,1.0
188,60,1.0,1.0
188,61,1.0,1.0
188,62,1.0,1.0
188,63,1.0,1.0
188,64,1.0,1.0
188,65,1.0,1.0
188,66,1.0,1.0
188,67,1.0,1.0
188,68,1.0,1.0
188,69,1.0,1.0
188,70,1.0,1.0
188,71,1.0,1.0
188,72,1.0,1.0
188,73,1.0,1.0
188,74,1.0,1.0
188,75,1.0,1.0
188,76,1.0,1.0
188,77,1.0,1.0
188,78,1.0,1.0
188,79,1.0,1.0
188,80,1.0,1.0
188,81,1.0,1.0
188,82,1.0,1.0
188,83,1.0,1.0
188,84,1.0,1.0
188,85,1.0,1.0
188,86,1.0,1.0
188,87,1.0,1.0
188,88,1.0,1.0
188,89,1.0,1.0
188,90,1.0,1.0
188,91,1.0,1.0
188,92,1.0,1.0
188,93,1.0,1.0
188,94,1.0,1.0
188,95,1.0,1.0
188,96,1.0,1.0
188,97,1.0,1.0
188,98,1.0,1.0
188,99,1.0,1.0
188,100,1.0,1.0
189,1,0.12,0.0
189,2,0.12,1.0
189,3,0.31,0.7107
189,4,0.31,1.0
189,5,0.34,0.7064
189,6,0.34,1.0
189,7,0.31,1.3387
189,8,0.3,1.0
189,9,0.29,1.3573
189,10,0.25,1.0
189,11,0.21,1.4161
189,12,0.17,1.0
189,13,0.16,1.4596
189,14,0.12,1.0
189,15,0.1,1.487
189,16,0.08,1.0
189,17,0.08,1.482
189,18,0.06,1.0
189,19,0.02,1.5315
189,20,0.01,1.0
189,21,0.01,1.498
189,22,0.0,1.0
189,23,0.0,1.4995
189,24,0.0,1.0
189,25,0.0,1.5
189,26,0.0,1.0
189,27,0.0,1.5
189,28,0.0,1.0
189,29,0.0,1.5
189,30,0.0,1.0
189,31,0.0,1.5
189,32,0.0,1.0
189,33,0.0,1.5
189,34,0.0,1.0
189,35,0.0,1.5
189,36,0.0,1.0
189,37,0.0,1.5
189,38,0.0,1.0
189,39,0.0,1.5
189,40,0.0,1.0
189,41,0.0,1.5
189,42,0.0,1.0
189,43,0.0,1.5
189,44,0.0,1.0
189,45,0.0,1.5
189,46,0.0,1.0
189,47,0.0,1.5
189,48,0.0,1.0
189,49,0.0,1.5
189,50,0.0,1.0
189,51,0.0,1.5
189,52,0.0,1.0
189,53,0.0,1.5
189,54,0.0,1.0
189,55,0.0,1.5
189,56,0.0,1.0
189,57,0.0,1.5
189,58,0.0,1.0
189,59,0.0,1.5
189,60,0.0,1.0
189,61,0.0,1.5
189,62,0.0,1.0
189,63,0.0,1.5
189,64,0.0,1.0
189,65,0.0,1.5
189,66,0.0,1.0
189,67,0.0,1.5
189,68,0.0,1.0
189,69,0.0,1.5
189,70,0.0,1.0
189,71,0.0,1.5
189,72,0.0,1.0
189,73,0.0,1.5
189,74,0.0,1.0
189,75,0.0,1.5
189,76,0.0,1.0
189,77,0.0,1.5
189,78,0.0,1.0
189,79,0.0,1.5
189,80,0.0,1.0
189,81,0.0,1.5
189,82,0.0,1.0
189,83,0.0,1.5
189,84,0.0,1.0
189,85,0.0,1.5
189,86,0.0,1.0
189,87,0.0,1.5
189,88,0.0,1.0
189,89,0.0,1.5
189,90,0.0,1.0
189,91,0.0,1.5
189,92,0.0,1.0
189,93,0.0,1.5
189,94,0.0,1.0
189,95,0.0,1.5
189,96,0.0,1.0
189,97,0.0,1.5
189,98,0.0,1.0
189,99,0.0,1.5
189,100,0.0,1.0
190,1,0.13,0.0
190,2,0.13,1.0
190,3,0.42,0.4536
190,4,0.42,1.0
190,5,0.56,0.0
190,6,0.62,0.0
190,7,0.75,0.0
190,8,0.78,0.0
190,9,0.82,0.0
190,10,0.84,0.0
190,11,0.85,0.0
190,12,0.88,0.0
190,13,0.92,0.0
190,14,0.98,0.0
190,15,0.99,0.0
190,16,0.99,1.0
190,17,0.99,1.0
190,18,0.99,1.0
190,19,0.99,1.0
190,20,1.0,0.0
190,21,1.0,1.0
190,22,1.0,1.0
190,23,1.0,1.0
190,24,1.0,1.0
190,25,1.0,1.0
190,26,1.0,1.0
190,27,1.0,1.0
190,28,1.0,1.0
190,29,1.0,1.0
190,30,1.0,1.0
190,31,1.0,1.0
190,32,1.0,1.0
190,33,1.0,1.0
190,34,1.0,1.0
190,35,1.0,1.0
190,36,1.0,1.0
190,37,1.0,1.0
190,38,1.0,1.0
190,39,1.0,1.0
190,40,1.0,1.0
190,41,1.0,1.0
190,42,1.0,1.0
190,43,1.0,1.0
190,44,1.0,1.0
190,45,1.0,1.0
190,46,1.0,1.0
190,47,1.0,1.0
190,48,1.0,1.0
190,49,1.0,1.0
190,50,1.0,1.0
190,51,1.0,1.0
190,52,1.0,1.0
190,53,1.0,1.0
190,54,1.0,1.0
190,55,1.0,1.0
190,56,1.0,1.0
190,57,1.0,1.0
190,58,1.0,1.0
190,59,1.0,1.0
190,60,1.0,1.0
190,61,1.0,1.0
190,62,1.0,1.0
190,63,1.0,1.0
190,64,1.0,1.0
190,65,1.0,1.0
190,66,1.0,1.0
190,67,1.0,1.0
190,68,1.0,1.0
190,69,1.0,1.0
190,70,1.0,1.0
190,71,1.0,1.0
190,72,1.0,1.0
190,73,1.0,1.0
190,74,1.0,1.0
190,75,1.0,1.0
190,76,1.0,1.0
190,77,1.0,1.0
190,78,1.0,1.0
190,79,1.0,1.0
190,80,1.0,1.0
190,81,1.0,1.0
190,82,1.0,1.0
190,83,1.0,1.0
190,84,1.0,1.0
190,85,1.0,1.0
190,86,1.0,1.0
190,87,1.0,1.0
190,88,1.0,1.0
190,89,1.0,1.0
190,90,1.0,1.0
190,91,1.0,1.0
190,92,1.0,1.0
190,93,1.0,1.0
190,94,1.0,1.0
190,95,1.0,1.0
190,96,1.0,1.0
190,97,1.0,1.0
190,98,1.0,1.0
190,99,1.0,1.0
190,100,1.0,1.0
191,1,0.15,0.0
191,2,0.15,1.0
191,3,0.32,0.5575
191,4,0.32,1.0
191,5,0.36,0.6065
191,6,0.36,1.0
191,7,0.33,1.232
191,8,0.29,1.0
191,9,0.28,1.3993
191,10,0.28,1.0
191,11,0.24,1.4611
191,12,0.23,1.0
191,13,0.16,1.5201
191,14,0.11,1.0
191,15,0.08,1.505
191,16,0.06,1.0
191,17,0.05,1.4975
191,18,0.03,1.0
191,19,0.02,1.505
191,20,0.01,1.0
191,21,0.0,1.509
191,22,0.0,1.0
191,23,0.0,1.5
191,24,0.0,1.0
191,25,0.0,1.5
191,26,0.0,1.0
191,27,0.0,1.5
191,28,0.0,1.0
191,29,0.0,1.5
191,30,0.0,1.0
191,31,0.0,1.5
191,32,0.0,1.0
191,33,0.0,1.5
191,34,0.0,1.0
191,35,0.0,1.5
191,36,0.0,1.0
191,37,0.0,1.5
191,38,0.0,1.0
191,39,0.0,1.5
191,40,0.0,1.0
191,41,0.0,1.5
191,42,0.0,1.0
191,43,0.0,1.5
191,44,0.0,1.0
191,45,0.0,1.5
191,46,0.0,1.0
191,47,0.0,1.5
191,48,0.0,1.0
191,49,0.0,1.5
191,50,0.0,1.0
191,51,0.0,1.5
191,52,0.0,1.0
191,53,0.0,1.5
191,54,0.0,1.0
191,55,0.0,1.5
191,56,0.0,1.0
191,57,0.0,1.5
191,58,0.0,1.0
191,59,0.0,1.5
191,60,0.0,1.0
191,61,0.0,1.5
191,62,0.0,1.0
191,63,0.0,1.5
191,64,0.0,1.0
191,65,0.0,1.5
191,66,0.0,1.0
191,67,0.0,1.5
191,68,0.0,1.0
191,69,0.0,1.5
191,70,0.0,1.0
191,71,0.0,1.5
191,72,0.0,1.0
191,73,0.0,1.5
191,74,0.0,1.0
191,75,0.0,1.5
191,76,0.0,1.0
191,77,0.0,1.5
191,78,0.0,1.0
191,79,0.0,1.5
191,80,0.0,1.0
191,81,0.0,1.5
191,82,0.0,1.0
191,83,0.0,1.5
191,84,0.0,1.0
191,85,0.0,1.5
191,86,0.0,1.0
191,87,0.0,1.5
191,88,0.0,1.0
191,89,0.0,1.5
191,90,0.0,1.0
191,91,0.0,1.5
191,92,0.0,1.0
191,93,0.0,1.5
191,94,0.0,1.0
191,95,0.0,1.5
191,96,0.0,1.0
191,97,0.0,1.5
191,98,0.0,1.0
191,99,0.0,1.5
191,100,0.0,1.0
192,1,0.18,0.0
192,2,0.18,1.0
192,3,0.55,0.2529
192,4,0.55,1.0
192,5,0.7,0.0
192,6,0.8,0.0
192,7,0.92,0.0
192,8,0.96,0.0
192,9,0.99,0.0
192,10,0.99,1.0
192,11,0.99,1.0
192,12,0.99,1.0
192,13,0.99,1.0
192,14,0.99,1.0
192,15,1.0,0.0
192,16,1.0,1.0
192,17,1.0,1.0
192,18,1.0,1.0
192,19,1.0,1.0
192,20,1.0,1.0
192,21,1.0,1.0
192,22,1.0,1.0
192,23,1.0,1.0
192,24,1.0,1.0
192,25,1.0,1.0
192,26,1.0,1.0
192,27,1.0,1.0
192,28,1.0,1.0
192,29,1.0,1.0
192,30,1.0,1.0
192,31,1.0,1.0
192,32,1.0,1.0
192,33,1.0,1.0
192,34,1.0,1.0
192,35,1.0,1.0
192,36,1.0,1.0
192,37,1.0,1.0
192,38,1.0,1.0
192,39,1.0,1.0
192,40,1.0,1.0
192,41,1.0,1.0
192,42,1.0,1.0
192,43,1.0,1.0
192,44,1.0,1.0
192,45,1.0,1.0
192,46,1.0,1.0
192,47,1.0,1.0
192,48,1.0,1.0
192,49,1.0,1.0
192,50,1.0,1.0
192,51,1.0,1.0
192,52,1.0,1.0
192,53,1.0,1.0
192,54,1.0,1.0
192,55,1.0,1.0
192,56,1.0,1.0
192,57,1.0,1.0
192,58,1.0,1.0
192,59,1.0,1.0
192,60,1.0,1.0
192,61,1.0,1.0
192,62,1.0,1.0
192,63,1.0,1.0
192,64,1.0,1.0
192,65,1.0,1.0
192,66,1.0,1.0
192,67,1.0,1.0
192,68,1.0,1.0
192,69,1.0,1.0
192,70,1.0,1.0
192,71,1.0,1.0
192,72,1.0,1.0
192,73,1.0,1.0
192,74,1.0,1.0
192,75,1.0,1.0
192,76,1.0,1.0
192,77,1.0,1.0
192,78,1.0,1.0
192,79,1.0,1.0
192,80,1.0,1.0
192,81,1.0,1.0
192,82,1.0,1.0
192,83,1.0,1.0
192,84,1.0,1.0
192,85,1.0,1.0
192,86,1.0,1.0
192,87,1.0,1.0
192,88,1.0,1.0
192,89,1.0,1.0
192,90,1.0,1.0
192,91,1.0,1.0
192,92,1.0,1.0
192,93,1.0,1.0
192,94,1.0,1.0
192,95,1.0,1.0
192,96,1.0,1.0
192,97,1.0,1.0
192,98,1.0,1.0
192,99,1.0,1.0
192,100,1.0,1.0
193,1,0.14,0.0
193,2,0.14,1.0
193,3,0.28,0.6016
193,4,0.28,1.0
193,5,0.28,1.2234
193,6,0.27,1.0
193,7,0.19,1.4037
193,8,0.17,1.0
193,9,0.14,1.3827
193,10,0.12,1.0
193,11,0.11,1.4297
193,12,0.09,1.0
193,13,0.07,1.5025
193,14,0.02,1.0
193,15,0.02,1.493
193,16,0.02,1.0
193,17,0.01,1.508
193,18,0.0,1.0
193,19,0.0,1.5
193,20,0.0,1.0
193,21,0.0,1.5
193,22,0.0,1.0
193,23,0.0,1.5
193,24,0.0,1.0
193,25,0.0,1.5
193,26,0.0,1.0
193,27,0.0,1.5
193,28,0.0,1.0
193,29,0.0,1.5
193,30,0.0,1.0
193,31,0.0,1.5
193,32,0.0,1.0
193,33,0.0,1.5
193,34,0.0,1.0
193,35,0.0,1.5
193,36,0.0,1.0
193,37,0.0,1.5
193,38,0.0,1.0
193,39,0.0,1.5
193,40,0.0,1.0
193,41,0.0,1.5
193,42,0.0,1.0
193,43,0.0,1.5
193,44,0.0,1.0
193,45,0.0,1.5
193,46,0.0,1.0
193,47,0.0,1.5
193,48,0.0,1.0
193,49,0.0,1.5
193,50,0.0,1.0
193,51,0.0,1.5
193,52,0.0,1.0
193,53,0.0,1.5
193,54,0.0,1.0
193,55,0.0,1.5
193,56,0.0,1.0
193,57,0.0,1.5
193,58,0.0,1.0
193,59,0.0,1.5
193,60,0.0,1.0
193,61,0.0,1.5
193,62,0.0,1.0
193,63,0.0,1.5
193,64,0.0,1.0
193,65,0.0,1.5
193,66,0.0,1.0
193,67,0.0,1.5
193,68,0.0,1.0
193,69,0.0,1.5
193,70,0.0,1.0
193,71,0.0,1.5
193,72,0.0,1.0
193,73,0.0,1.5
193,74,0.0,1.0
193,75,0.0,1.5
193,76,0.0,1.0
193,77,0.0,1.5
193,78,0.0,1.0
193,79,0.0,1.5
193,80,0.0,1.0
193,81,0.0,1.5
193,82,0.0,1.0
193,83,0.0,1.5
193,84,0.0,1.0
193,85,0.0,1.5
193,86,0.0,1.0
193,87,0.0,1.5
193,88,0.0,1.0
193,89,0.0,1.5
193,90,0.0,1.0
193,91,0.0,1.5
193,92,0.0,1.0
193,93,0.0,1.5
193,94,0.0,1.0
193,95,0.0,1.5
193,96,0.0,1.0
193,97,0.0,1.5
193,98,0.0,1.0
193,99,0.0,1.5
193,100,0.0,1.0
194,1,0.12,0.0
194,2,0.12,1.0
194,3,0.35,0.4495
194,4,0.35,1.0
194,5,0.39,0.4846
194,6,0.39,1.0
194,7,0.39,1.1883
194,8,0.36,1.0
194,9,0.32,1.2604
194,10,0.31,1.0
194,11,0.28,1.2774
194,12,0.23,1.0
194,13,0.22,1.2879
194,14,0.19,1.0
194,15,0.18,1.314
194,16,0.13,1.0
194,17,0.07,1.5365
194,18,0.04,1.0
194,19,0.04,1.4915
194,20,0.03,1.0
194,21,0.01,1.5165
194,22,0.0,1.0
194,23,0.0,1.4995
194,24,0.0,1.0
194,25,0.0,1.5
194,26,0.0,1.0
194,27,0.0,1.5
194,28,0.0,1.0
194,29,0.0,1.5
194,30,0.0,1.0
194,31,0.0,1.5
194,32,0.0,1.0
194,33,0.0,1.5
194,34,0.0,1.0
194,35,0.0,1.5
194,36,0.0,1.0
194,37,0.0,1.5
194,38,0.0,1.0
194,39,0.0,1.5
194,40,0.0,1.0
194,41,0.0,1.5
194,42,0.0,1.0
194,43,0.0,1.5
194,44,0.0,1.0
194,45,0.0,1.5
194,46,0.0,1.0
194,47,0.0,1.5
194,48,0.0,1.0
194,49,0.0,1.5
194,50,0.0,1.0
194,51,0.0,1.5
194,52,0.0,1.0
194,53,0.0,1.5
194,54,0.0,1.0
194,55,0.0,1.5
194,56,0.0,1.0
194,57,0.0,1.5
194,58,0.0,1.0
194,59,0.0,1.5
194,60,0.0,1.0
194,61,0.0,1.5
194,62,0.0,1.0
194,63,0.0,1.5
194,64,0.0,1.0
194,65,0.0,1.5
194,66,0.0,1.0
194,67,0.0,1.5
194,68,0.0,1.0
194,69,0.0,1.5
194,70,0.0,1.0
194,71,0.0,1.5
194,72,0.0,1.0
194,73,0.0,1.5
194,74,0.0,1.0
194,75,0.0,1.5
194,76,0.0,1.0
194,77,0.0,1.5
194,78,0.0,1.0
194,79,0.0,1.5
194,80,0.0,1.0
194,81,0.0,1.5
194,82,0.0,1.0
194,83,0.0,1.5
194,84,0.0,1.0
194,85,0.0,1.5
194,86,0.0,1.0
194,87,0.0,1.5
194,88,0.0,1.0
194,89,0.0,1.5
194,90,0.0,1.0
194,91,0.0,1.5
194,92,0.0,1.0
194,93,0.0,1.5
194,94,0.0,1.0
194,95,0.0,1.5
194,96,0.0,1.0
194,97,0.0,1.5
194,98,0.0,1.0
194,99,0.0,1.5
194,100,0.0,1.0
195,1,0.16,0.0
195,2,0.16,1.0
195,3,0.45,0.4537
195,4,0.45,1.0
195,5,0.55,0.0
195,6,0.61,0.0
195,7,0.69,0.0
195,8,0.73,0.0
195,9,0.78,0.0
195,10,0.81,0.0
195,11,0.83,0.0
195,12,0.85,0.0
195,13,0.86,0.0
195,14,0.92,0.0
195,15,0.92,1.0
195,16,0.97,0.0
195,17,0.98,0.0
195,18,0.99,0.0
195,19,1.0,0.0
195,20,1.0,1.0
195,21,1.0,1.0
195,22,1.0,1.0
195,23,1.0,1.0
195,24,1.0,1.0
195,25,1.0,1.0
195,26,1.0,1.0
195,27,1.0,1.0
195,28,1.0,1.0
195,29,1.0,1.0
195,30,1.0,1.0
195,31,1.0,1.0
195,32,1.0,1.0
195,33,1.0,1.0
195,34,1.0,1.0
195,35,1.0,1.0
195,36,1.0,1.0
195,37,1.0,1.0
195,38,1.0,1.0
195,39,1.0,1.0
195,40,1.0,1.0
195,41,1.0,1.0
195,42,1.0,1.0
195,43,1.0,1.0
195,44,1.0,1.0
195,45,1.0,1.0
195,46,1.0,1.0
195,47,1.0,1.0
195,48,1.0,1.0
195,49,1.0,1.0
195,50,1.0,1.0
195,51,1.0,1.0
195,52,1.0,1.0
195,53,1.0,1.0
195,54,1.0,1.0
195,55,1.0,1.0
195,56,1.0,1.0
195,57,1.0,1.0
195,58,1.0,1.0
195,59,1.0,1.0
195,60,1.0,1.0
195,61,1.0,1.0
195,62,1.0,1.0
195,63,1.0,1.0
195,64,1.0,1.0
195,65,1.0,1.0
195,66,1.0,1.0
195,67,1.0,1.0
195,68,1.0,1.0
195,69,1.0,1.0
195,70,1.0,1.0
195,71,1.0,1.0
195,72,1.0,1.0
195,73,1.0,1.0
195,74,1.0,1.0
195,75,1.0,1.0
195,76,1.0,1.0
195,77,1.0,1.0
195,78,1.0,1.0
195,79,1.0,1.0
195,80,1.0,1.0
195,81,1.0,1.0
195,82,1.0,1.0
195,83,1.0,1.0
195,84,1.0,1.0
195,85,1.0,1.0
195,86,1.0,1.0
195,87,1.0,1.0
195,88,1.0,1.0
195,89,1.0,1.0
195,90,1.0,1.0
195,91,1.0,1.0
195,92,1.0,1.0
195,93,1.0,1.0
195,94,1.0,1.0
195,95,1.0,1.0
195,96,1.0,1.0
195,97,1.0,1.0
195,98,1.0,1.0
195,99,1.0,1.0
195,100,1.0,1.0
196,1,0.18,0.0
196,2,0.18,1.0
196,3,0.55,0.361
196,4,0.55,1.0
196,5,0.66,0.0
196,6,0.79,0.0
196,7,0.9,0.0
196,8,0.91,0.0
196,9,0.93,0.0
196,10,0.94,0.0
196,11,0.95,0.0
196,12,0.98,0.0
196,13,0.98,1.0
196,14,1.0,0.0
196,15,1.0,1.0
196,16,1.0,1.0
196,17,1.0,1.0
196,18,1.0,1.0
196,19,1.0,1.0
196,20,1.0,1.0
196,21,1.0,1.0
196,22,1.0,1.0
196,23,1.0,1.0
196,24,1.0,1.0
196,25,1.0,1.0
196,26,1.0,1.0
196,27,1.0,1.0
196,28,1.0,1.0
196,29,1.0,1.0
196,30,1.0,1.0
196,31,1.0,1.0
196,32,1.0,1.0
196,33,1.0,1.0
196,34,1.0,1.0
196,35,1.0,1.0
196,36,1.0,1.0
196,37,1.0,1.0
196,38,1.0,1.0
196,39,1.0,1.0
196,40,1.0,1.0
196,41,1.0,1.0
196,42,1.0,1.0
196,43,1.0,1.0
196,44,1.0,1.0
196,45,1.0,1.0
196,46,1.0,1.0
196,47,1.0,1.0
196,48,1.0,1.0
196,49,1.0,1.0
196,50,1.0,1.0
196,51,1.0,1.0
196,52,1.0,1.0
196,53,1.0,1.0
196,54,1.0,1.0
196,55,1.0,1.0
196,56,1.0,1.0
196,57,1.0,1.0
196,58,1.0,1.0
196,59,1.0,1.0
196,60,1.0,1.0
196,61,1.0,1.0
196,62,1.0,1.0
196,63,1.0,1.0
196,64,1.0,1.0
196,65,1.0,1.0
196,66,1.0,1.0
196,67,1.0,1.0
196,68,1.0,1.0
196,69,1.0,1.0
196,70,1.0,1.0
196,71,1.0,1.0
196,72,1.0,1.0
196,73,1.0,1.0
196,74,1.0,1.0
196,75,1.0,1.0
196,76,1.0,1.0
196,77,1.0,1.0
196,78,1.0,1.0
196,79,1.0,1.0
196,80,1.0,1.0
196,81,1.0,1.0
196,82,1.0,1.0
196,83,1.0,1.0
196,84,1.0,1.0
196,85,1.0,1.0
196,86,1.0,1.0
196,87,1.0,1.0
196,88,1.0,1.0
196,89,1.0,1.0
196,90,1.0,1.0
196,91,1.0,1.0
196,92,1.0,1.0
196,93,1.0,1.0
196,94,1.0,1.0
196,95,1.0,1.0
196,96,1.0,1.0
196,97,1.0,1.0
196,98,1.0,1.0
196,99,1.0,1.0
196,100,1.0,1.0
197,1,0.14,0.0
197,2,0.14,1.0
197,3,0.45,0.3337
197,4,0.45,1.0
197,5,0.65,0.0
197,6,0.75,0.0
197,7,0.8,0.0
197,8,0.83,0.0
197,9,0.86,0.0
197,10,0.91,0.0
197,11,0.95,0.0
197,12,0.96,0.0
197,13,0.98,0.0
197,14,0.99,0.0
197,15,0.99,1.0
197,16,0.99,1.0
197,17,1.0,0.0
197,18,1.0,1.0
197,19,1.0,1.0
197,20,1.0,1.0
197,21,1.0,1.0
197,22,1.0,1.0
197,23,1.0,1.0
197,24,1.0,1.0
197,25,1.0,1.0
197,26,1.0,1.0
197,27,1.0,1.0
197,28,1.0,1.0
197,29,1.0,1.0
197,30,1.0,1.0
197,31,1.0,1.0
197,32,1.0,1.0
197,33,1.0,1.0
197,34,1.0,1.0
197,35,1.0,1.0
197,36,1.0,1.0
197,37,1.0,1.0
197,38,1.0,1.0
197,39,1.0,1.0
197,40,1.0,1.0
197,41,1.0,1.0
197,42,1.0,1.0
197,43,1.0,1.0
197,44,1.0,1.0
197,45,1.0,1.0
197,46,1.0,1.0
197,47,1.0,1.0
197,48,1.0,1.0
197,49,1.0,1.0
197,50,1.0,1.0
197,51,1.0,1.0
197,52,1.0,1.0
197,53,1.0,1.0
197,54,1.0,1.0
197,55,1.0,1.0
197,56,1.0,1.0
197,57,1.0,1.0
197,58,1.0,1.0
197,59,1.0,1.0
197,60,1.0,1.0
197,61,1.0,1.0
197,62,1.0,1.0
197,63,1.0,1.0
197,64,1.0,1.0
197,65,1.0,1.0
197,66,1.0,1.0
197,67,1.0,1.0
197,68,1.0,1.0
197,69,1.0,1.0
197,70,1.0,1.0
197,71,1.0,1.0
197,72,1.0,1.0
197,73,1.0,1.0
197,74,1.0,1.0
197,75,1.0,1.0
197,76,1.0,1.0
197,77,1.0,1.0
197,78,1.0,1.0
197,79,1.0,1.0
197,80,1.0,1.0
197,81,1.0,1.0
197,82,1.0,1.0
197,83,1.0,1.0
197,84,1.0,1.0
197,85,1.0,1.0
197,86,1.0,1.0
197,87,1.0,1.0
197,88,1.0,1.0
197,89,1.0,1.0
197,90,1.0,1.0
197,91,1.0,1.0
197,92,1.0,1.0
197,93,1.0,1.0
197,94,1.0,1.0
197,95,1.0,1.0
197,96,1.0,1.0
197,97,1.0,1.0
197,98,1.0,1.0
197,99,1.0,1.0
197,100,1.0,1.0
198,1,0.12,0.0
198,2,0.12,1.0
198,3,0.31,0.6134
198,4,0.31,1.0
198,5,0.34,0.5991
198,6,0.35,0.0
198,7,0.38,0.6241
198,8,0.38,1.0
198,9,0.35,1.174
198,10,0.32,1.0
198,11,0.31,1.1755
198,12,0.3,1.0
198,13,0.28,1.255
198,14,0.27,1.0
198,15,0.25,1.328
198,16,0.19,1.0
198,17,0.19,1.436
198,18,0.19,1.0
198,19,0.14,1.5065
198,20,0.11,1.0
198,21,0.09,1.4955
198,22,0.06,1.0
198,23,0.02,1.528
198,24,0.02,1.0
198,25,0.02,1.496
198,26,0.02,1.0
198,27,0.0,1.518
198,28,0.0,1.0
198,29,0.0,1.5
198,30,0.0,1.0
198,31,0.0,1.5
198,32,0.0,1.0
198,33,0.0,1.5
198,34,0.0,1.0
198,35,0.0,1.5
198,36,0.0,1.0
198,37,0.0,1.5
198,38,0.0,1.0
198,39,0.0,1.5
198,40,0.0,1.0
198,41,0.0,1.5
198,42,0.0,1.0
198,43,0.0,1.5
198,44,0.0,1.0
198,45,0.0,1.5
198,46,0.0,1.0
198,47,0.0,1.5
198,48,0.0,1.0
198,49,0.0,1.5
198,50,0.0,1.0
198,51,0.0,1.5
198,52,0.0,1.0
198,53,0.0,1.5
198,54,0.0,1.0
198,55,0.0,1.5
198,56,0.0,1.0
198,57,0.0,1.5
198,58,0.0,1.0
198,59,0.0,1.5
198,60,0.0,1.0
198,61,0.0,1.5
198,62,0.0,1.0
198,63,0.0,1.5
198,64,0.0,1.0
198,65,0.0,1.5
198,66,0.0,1.0
198,67,0.0,1.5
198,68,0.0,1.0
198,69,0.0,1.5
198,70,0.0,1.0
198,71,0.0,1.5
198,72,0.0,1.0
198,73,0.0,1.5
198,74,0.0,1.0
198,75,0.0,1.5
198,76,0.0,1.0
198,77,0.0,1.5
198,78,0.0,1.0
198,79,0.0,1.5
198,80,0.0,1.0
198,81,0.0,1.5
198,82,0.0,1.0
198,83,0.0,1.5
198,84,0.0,1.0
198,85,0.0,1.5
198,86,0.0,1.0
198,87,0.0,1.5
198,88,0.0,1.0
198,89,0.0,1.5
198,90,0.0,1.0
198,91,0.0,1.5
198,92,0.0,1.0
198,93,0.0,1.5
198,94,0.0,1.0
198,95,0.0,1.5
198,96,0.0,1.0
198,97,0.0,1.5
198,98,0.0,1.0
198,99,0.0,1.5
198,100,0.0,1.0
199,1,0.13,0.0
199,2,0.13,1.0
199,3,0.26,0.7143
199,4,0.26,1.0
199,5,0.26,1.2943
199,6,0.23,1.0
199,7,0.17,1.4548
199,8,0.15,1.0
199,9,0.12,1.4494
199,10,0.08,1.0
199,11,0.03,1.5345
199,12,0.03,1.0
199,13,0.02,1.5049
199,14,0.01,1.0
199,15,0.01,1.498
199,16,0.0,1.0
199,17,0.0,1.4995
199,18,0.0,1.0
199,19,0.0,1.5
199,20,0.0,1.0
199,21,0.0,1.5
199,22,0.0,1.0
199,23,0.0,1.5
199,24,0.0,1.0
199,25,0.0,1.5
199,26,0.0,1.0
199,27,0.0,1.5
199,28,0.0,1.0
199,29,0.0,1.5
199,30,0.0,1.0
199,31,0.0,1.5
199,32,0.0,1.0
199,33,0.0,1.5
199,34,0.0,1.0
199,35,0.0,1.5
199,36,0.0,1.0
199,37,0.0,1.5
199,38,0.0,1.0
199,39,0.0,1.5
199,40,0.0,1.0
199,41,0.0,1.5
199,42,0.0,1.0
199,43,0.0,1.5
199,44,0.0,1.0
199,45,0.0,1.5
199,46,0.0,1.0
199,47,0.0,1.5
199,48,0.0,1.0
199,49,0.0,1.5
199,50,0.0,1.0
199,51,0.0,1.5
199,52,0.0,1.0
199,53,0.0,1.5
199,54,0.0,1.0
199,55,0.0,1.5
199,56,0.0,1.0
199,57,0.0,1.5
199,58,0.0,1.0
199,59,0.0,1.5
199,60,0.0,1.0
199,61,0.0,1.5
199,62,0.0,1.0
199,63,0.0,1.5
199,64,0.0,1.0
199,65,0.0,1.5
199,66,0.0,1.0
199,67,0.0,1.5
199,68,0.0,1.0
199,69,0.0,1.5
199,70,0.0,1.0
199,71,0.0,1.5
199,72,0.0,1.0
199,73,0.0,1.5
199,74,0.0,1.0
199,75,0.0,1.5
199,76,0.0,1.0
199,77,0.0,1.5
199,78,0.0,1.0
199,79,0.0,1.5
199,80,0.0,1.0
199,81,0.0,1.5
199,82,0.0,1.0
199,83,0.0,1.5
199,84,0.0,1.0
199,85,0.0,1.5
199,86,0.0,1.0
199,87,0.0,1.5
199,88,0.0,1.0
199,89,0.0,1.5
199,90,0.0,1.0
199,91,0.0,1.5
199,92,0.0,1.0
199,93,0.0,1.5
199,94,0.0,1.0
199,95,0.0,1.5
199,96,0.0,1.0
199,97,0.0,1.5
199,98,0.0,1.0
199,99,0.0,1.5
199,100,0.0,1.0
